tree
version=v4
num_class=1
num_tree_per_iteration=1
label_index=0
max_feature_idx=16
objective=binary sigmoid:1
feature_names=attacker_tyre_life_laps closing_rate_s_per_s defender_tyre_life_laps gap_at_checkpoint p_eligible speed_at_activation_kmh speed_at_braking_kmh track_temperature tyre_life_delta_laps wind_cross_component_mps wind_head_component_mps attacker_tyre_compound corner_type defender_tyre_compound sector tyre_compound_pair wet_track_flag
feature_infos=[2:50] [-1.1336562633514404:3.5283358097076416] [2:49] [0:46.716739654541016] [0:1] [83:340.08401489257812] [80:346.98138427734375] [16.899999618530273:56.491111755371094] [-29:43] [-0.76255232095718384:0.71598261594772339] [-0.77373647689819336:0.7215760350227356] -1:2:0:3 -1:2:0:3:1 -1:1:0:2:3 none -1:5:0:9:4:1:8:6:2:7:10 none
tree_sizes=3288 3434 3439 3412 3438 3409 3447 3440 3440 3420 3450 3439 3419 3395 3430 3405 3435 3407 3419 3402 3432 3427 3434 3446 3423 3411 3397 3423 3418 3447 3413 3434 3438 3464 3446 3445 3421 3427 3442 3418 3430 3403 3425 3428 3446 3441 3420 3402 3437 3427 3421 3428 3437 3448 3416 3432 3446 3433 3422 3440 3427 3410 3457 3446 3434 3429 3452 3435 3450 3446 3421 3445

Tree=0
num_leaves=31
num_cat=3
split_feature=3 3 1 1 12 6 3 15 1 5 0 2 10 1 2 6 5 6 10 4 2 3 3 2 6 6 5 6 6 11
split_gain=320.912 117.564 72.2527 35.6654 31.695 40.6542 17.2051 16.6011 15.9488 10.293 14.5571 8.99052 7.3527 6.85086 9.70899 6.67925 3.86092 2.48663 3.60266 3.56935 2.91676 2.40375 2.32161 1.91577 1.67541 3.73717 1.39906 1.39887 0.685619 0.668241
threshold=1.8158945441246035 0.26967126131057745 0.01664349623024464 -0.00026269029331160704 0 298.93280029296881 0.040391232818365104 1 0.0010961646912619474 294.05035400390631 6.5000000000000009 14.500000000000002 0.13050586730241778 -0.010663954075425862 23.500000000000004 286.42240905761724 330.54104614257818 308.68008422851568 -0.014709395356476305 0.99099504947662365 17.500000000000004 0.68303513526916515 0.56287711858749401 7.5000000000000009 294.23223876953131 305.30204772949224 226.97651672363284 288.44561767578131 321.72817993164068 2
decision_type=8 10 2 2 1 2 10 9 2 2 8 8 10 2 10 2 2 2 8 10 10 10 10 10 2 2 2 2 2 9
left_child=1 6 7 -2 5 11 -1 8 -3 10 -8 15 -6 23 16 -4 17 18 19 -15 26 -16 -19 24 -9 -26 27 -20 -25 -11
right_child=3 2 4 -5 12 -7 9 13 -10 29 -12 -13 -14 14 21 -17 -18 22 20 -21 -22 -23 -24 28 25 -27 -28 -29 -30 -31
leaf_value=-1.618330487252807 -1.6550168576031881 -1.7186121167203154 -1.7232226093355349 -1.5748921351133796 -1.7352013156171491 -1.6051779809938695 -1.6540254833733015 -1.7301925424642084 -1.6594290960301377 -1.6381090115715158 -1.7117453368083055 -1.6592222974193649 -1.6972059947353388 -1.6934382126885752 -1.6847363873828065 -1.6794574613579925 -1.7003107111004541 -1.7152128052726037 -1.7243653151914784 -1.7197125936051474 -1.7044446898773529 -1.707938287851881 -1.7337972593472528 -1.7346108072206781 -1.6948514100808618 -1.7261987033989707 -1.729643853152208 -1.7035960771825684 -1.7180792466773143 -1.6688800370283945
leaf_weight=7.2997531890869132 9.5157496929168719 6.9086949825286865 5.3444621562957817 16.294091939926147 10.558571577072145 8.7336332798004133 5.4748148918151864 10.819277048110964 7.8211641311645508 5.3444621562957764 9.3853969573974609 7.0390477180480948 7.169400453567504 7.8211641311645534 6.3872840404510489 5.2141094207763672 6.2569313049316397 9.6461024284362775 5.8658730983734113 8.9943387508392316 6.2569313049316397 8.0818696022033674 33.761358499526978 66.088836908340454 5.3444621562957746 6.9086949825286865 34.413122177124023 5.2141094207763672 5.2141094207763663 5.9962258338928205
leaf_count=56 73 53 41 125 81 67 42 83 60 41 72 54 55 60 49 40 48 74 45 69 48 62 259 507 41 53 264 40 40 46
internal_value=-1.70125 -1.7096 -1.71587 -1.60155 -1.68089 -1.66755 -1.65724 -1.72231 -1.69279 -1.67079 -1.68875 -1.68313 -1.71425 -1.72378 -1.72005 -1.70146 -1.72288 -1.72415 -1.72008 -1.70765 -1.72395 -1.69719 -1.73004 -1.73098 -1.72184 -1.71296 -1.72654 -1.71547 -1.73363 -1.65031
internal_weight=345.174 319.364 285.864 25.8098 44.0592 26.3313 33.5007 241.804 14.7299 26.2009 14.8602 17.5976 17.728 227.074 132.699 10.5586 118.23 111.973 68.5655 16.8155 51.75 14.4692 43.4075 94.3754 23.0724 12.2532 45.4931 11.08 71.3029 11.3407
internal_count=2648 2450 2193 198 338 202 257 1855 113 201 114 135 136 1742 1018 81 907 859 526 129 397 111 333 724 177 94 349 85 547 87
cat_boundaries=0 1 2 3
cat_threshold=12 16 4
is_linear=0
shrinkage=1


Tree=1
num_leaves=31
num_cat=1
split_feature=3 3 1 7 1 1 1 7 1 3 11 6 2 0 2 3 2 1 6 0 0 6 2 6 7 2 3 2 10 1
split_gain=253.993 101.296 80.8364 95.1156 39.2739 29.9783 19.9441 17.1476 34.5596 12.6057 12.0829 6.76957 6.52483 5.82732 4.17853 3.91694 3.55209 3.01466 2.83583 3.63587 2.56062 4.65984 3.79502 2.43857 2.14577 1.14788 0.888867 0.68012 0.507863 0.118957
threshold=1.8158945441246035 0.26967126131057745 0.017115097492933277 53.420833587646491 0.00090630701743066322 0.096224866807460799 -0.0083915349096059782 51.104207992553718 0.0069413925521075734 0.040391232818365104 0 310.05171203613287 5.5000000000000009 8.5000000000000018 11.500000000000002 0.56902033090591442 17.500000000000004 0.047635944560170181 293.18522644042974 8.5000000000000018 7.5000000000000009 302.67286682128912 5.5000000000000009 303.14314270019537 36.901618957519538 6.5000000000000009 0.48273098468780523 12.500000000000002 -0.2507390677928924 -0.0078207761980593187
decision_type=8 10 2 2 2 2 2 2 2 10 9 2 8 10 10 10 10 2 2 10 10 2 10 2 2 8 8 8 10 2
left_child=1 6 7 5 -2 12 14 15 16 -8 -11 -12 -4 -10 -1 18 -9 27 -3 -20 21 25 -23 -18 26 -17 -21 -14 -22 -30
right_child=4 2 3 -5 -6 -7 9 8 13 10 11 -13 17 -15 -16 20 23 -19 19 24 28 22 -24 -25 -26 -27 -28 -29 29 -31
leaf_value=0.021939828187155268 0.036619167131802063 -0.027795774982724303 0.013073749197760245 0.12590765622315878 0.11881428146442921 0.047494066297778824 0.085386726788763176 -0.027276817556584274 0.049094345749626227 0.0020919426449838643 0.02223660088113151 0.073126709654126404 -0.013113386221574751 0.012534465613323036 -0.012179261827511148 -0.031807365659443816 0.0071333883629439189 0.00012574870236434931 0.0070592909235564537 -0.028620866144780533 -0.015333841823478958 -0.017992422979483245 0.011405188356244012 -0.017498253308532191 -0.002676743090230554 -0.016040866213464677 -0.010091664740849391 -0.029745958429744302 -0.033349159678798736 -0.026927085608695677
leaf_weight=5.3470471650361997 9.4433672428131121 11.654759928584097 7.1493769139051464 5.8966453373432151 15.489004641771315 9.9009134322404844 7.4555869996547726 25.615693956613541 6.8727900534868267 6.32053118944168 5.3184041231870669 6.2161377966403961 5.965505972504622 9.7435265779495221 5.6568753570318222 17.371356934309009 5.4675775617361051 5.8649937361478797 7.6090362817049053 8.6536736488342285 5.263160988688468 7.9536640346050245 6.1712698638439178 7.6634163707494736 7.4066492766141883 10.150287494063376 5.1471832543611535 10.276859149336813 47.747329294681549 49.347194030880928
leaf_count=40 70 91 55 43 109 75 54 199 53 48 40 46 46 75 43 135 42 44 59 67 41 62 48 59 57 79 40 78 374 383
internal_value=-2.90802e-05 -0.00729856 -0.0133453 0.0231616 0.0902947 0.00493935 0.0392254 -0.0202709 -0.00550497 0.0534195 0.0362505 0.0533081 -0.0105555 0.0295847 0.00484652 -0.0246488 -0.0209187 -0.0184322 -0.0157171 -0.0100636 -0.0270333 -0.0197557 -0.00524356 -0.00746295 -0.0162483 -0.0267588 -0.0228589 -0.024752 -0.0297745 -0.030393
internal_weight=346.14 321.207 284.893 45.0543 24.9324 39.1576 36.3146 239.839 55.363 25.3107 17.8551 11.5345 29.2567 16.6163 11.0039 184.476 38.7467 22.1074 40.4713 28.8165 144.004 41.6466 14.1249 13.131 21.2075 27.5216 13.8009 16.2424 102.358 97.0945
internal_count=2655 2476 2205 341 179 298 271 1864 428 188 134 86 223 128 83 1436 300 168 314 223 1122 324 110 101 164 214 107 124 798 757
cat_boundaries=0 1
cat_threshold=1
is_linear=0
shrinkage=0.03


Tree=2
num_leaves=31
num_cat=2
split_feature=3 3 1 12 8 6 1 3 6 8 6 1 8 11 3 2 0 10 3 6 1 0 1 10 1 5 4 6 4 1
split_gain=210.586 117.333 65.1482 48.5856 35.8235 33.5605 23.8756 20.3231 12.3984 18.9782 10.6093 9.6764 7.00561 6.82093 6.51185 3.77792 3.20932 3.0781 7.11871 6.01472 2.86762 2.22317 2.13761 2.08981 2.06869 0.99904 0.663801 0.155088 0.565594 1.40313
threshold=1.8158945441246035 0.29060757160186773 0.0099341254681348818 0 1.0000000180025095e-35 306.33485412597662 -0.0073417301755398503 0.040391232818365104 288.44561767578131 -1.0000000180025095e-35 300.70329284667974 -0.0078207761980593187 -5.4999999999999991 1 0.63794362545013439 7.5000000000000009 6.5000000000000009 -0.027567031793296334 0.51725995540618908 309.46115112304693 0.034071890637278564 8.5000000000000018 -0.0021421703277155753 0.15778549015522006 0.0080141006037592905 274.82800292968756 0.8286227583885194 306.13345336914068 0.99999859929084789 0.0051766936667263517
decision_type=8 10 2 1 10 2 2 10 2 10 2 2 8 9 10 10 10 10 10 2 2 10 2 10 2 2 10 2 10 2
left_child=1 7 11 4 5 8 -2 -1 26 -10 21 15 -13 -12 -5 16 25 19 23 -14 -16 -9 -15 -19 27 -3 -4 28 29 -20
right_child=6 2 3 14 -6 -7 -8 10 9 -11 13 12 17 22 20 -17 -18 18 24 -21 -22 -23 -24 -25 -26 -27 -28 -29 -30 -31
leaf_value=0.079844826460137117 0.024260951432486442 -0.029994833034546396 -0.0055818500790852932 0.0057529825949609115 -0.030297479949937367 0.093686624595631027 0.096977510187781224 0.016738338468777959 0.0052443244967269728 0.06985327487197128 0.013291976768207111 0.0088679869246439634 0.0096584156266348465 0.029774126309088648 -0.032171314548575101 -0.032243264195400911 -0.0016900044341498352 -0.013178992956350456 -0.011951058123207346 -0.021703257668409966 -0.0060977088872149207 -0.0080456215709199235 0.065112606888247188 0.0086825131957221167 -0.0094232584494072427 -0.012836130416570011 0.0082749883600156185 -0.03108215382630574 -0.02984384700346647 -0.030158864580597709
leaf_weight=8.859874486923216 6.0746493339538601 11.484009265899664 5.206667900085451 6.4272554367780712 5.7774988710880271 8.9832866638898832 19.67200955748558 5.3960924446582812 7.2268618941307077 8.9876610040664673 6.4798235893249512 9.2894873172044736 9.7795499265193957 5.500006318092348 19.978623688220981 72.659984864294529 8.0982058048248273 6.0138711333274824 14.682169854640962 10.433834478259085 5.2929670065641394 5.7565874978899956 7.3651338219642639 7.9758209139108658 8.4646219760179502 7.2543219476938239 5.282979354262352 21.896331563591957 11.043130710721018 5.8659261763095847
leaf_count=61 44 91 40 50 44 64 130 40 55 66 49 72 76 41 157 580 64 47 116 82 40 44 53 62 66 57 40 173 87 46
internal_value=0.000518988 -0.006273 -0.0131682 0.0110238 0.0283641 0.0461592 0.0813693 0.0415682 0.0273664 0.0430343 0.0282665 -0.0218163 -0.0152384 0.0411713 -0.0157043 -0.0285664 -0.0178106 -0.0176346 -0.0203954 -0.00678996 -0.0271503 0.00433641 0.053242 -0.000967537 -0.0246974 -0.0243389 0.00150978 -0.0268973 -0.023132 -0.0183073
internal_weight=343.209 317.463 278.105 73.1638 41.465 35.6875 25.7467 39.3575 26.7042 16.2145 30.4976 204.941 105.445 19.345 31.6988 99.4965 26.8365 96.1553 75.9419 20.2134 25.2716 11.1527 12.8651 13.9897 61.9522 18.7383 10.4896 53.4876 31.5912 20.5481
internal_count=2637 2463 2175 556 309 265 174 288 201 121 227 1619 827 143 247 792 212 755 597 158 197 84 94 109 488 148 80 422 249 162
cat_boundaries=0 1 2
cat_threshold=12 1
is_linear=0
shrinkage=0.03


Tree=3
num_leaves=31
num_cat=2
split_feature=3 3 7 8 13 9 10 3 7 0 3 5 5 0 9 7 4 7 3 10 9 0 7 0 3 5 10 8 5 11
split_gain=196.15 90.912 38.4538 31.2175 22.1406 14.3272 14.1867 20.4769 11.9464 7.68057 6.06542 5.70996 3.81023 3.57569 5.21226 4.75641 3.08667 8.13734 2.95972 2.34836 3.64501 2.0914 1.86642 1.46772 1.35871 1.29475 1.70888 1.83119 1.88687 5.28463
threshold=1.8158945441246035 0.29060757160186773 53.420833587646491 -16.999999999999996 0 -0.128603920340538 0.30035018920898443 0.040391232818365104 33.270486831665046 14.500000000000002 1.5656543970108034 314.00831604003912 234.58794403076175 8.5000000000000018 -0.17348890751600263 18.299908638000492 1.1135863342559562e-08 32.621244430541999 0.59265661239624035 -0.19074507057666776 -0.0093491435982286913 11.500000000000002 43.607994079589851 15.500000000000002 0.38547748327255255 210.60656738281253 -0.014709395356476305 -1.0000000180025095e-35 278.31544494628912 1
decision_type=8 10 2 10 1 10 8 10 2 10 10 2 2 10 8 2 10 2 10 10 10 8 2 10 10 2 10 10 2 9
left_child=1 6 3 -3 11 -2 7 -1 9 -9 13 18 -7 14 -5 -16 17 -15 -4 20 -18 -20 -10 -6 -21 -17 -27 -28 29 -29
right_child=5 2 4 10 23 12 -8 8 22 -11 -12 -13 -14 16 15 25 19 -19 21 24 -22 -23 -24 -25 -26 26 27 28 -30 -31
leaf_value=0.08812693618375575 0.032895779095814592 0.034482321149141487 0.018142601186257854 0.010541538601693167 -0.011155861778014763 0.057178101398318172 -0.0045897381805514665 0.025871294873920567 0.060842012575977655 -0.020153317771749567 0.0032705951817332329 0.0068132747498190673 0.10121741862144991 -0.031206207974694526 0.0014993057569306588 -0.031837141054100855 0.0021444946279705734 0.0085761380636601523 0.06268389966502376 -0.012313347245638288 -0.027088798145562115 0.031074719200169354 0.031898524175555026 -0.030197558341776804 -0.028637169115476112 -0.0059440056447680866 -0.032115709421576599 0.0082852488605742857 -0.022352408107764159 -0.026221272144845566
leaf_weight=6.2516350895166388 7.6740022003650692 8.9307209178805333 5.800888776779181 5.6500316858291626 12.807815112173559 8.3021486103534716 6.7817024737596503 5.8942250013351458 5.5649992674589184 5.2261682599782944 9.2534687221050245 6.1951961368322364 12.483333826065062 8.1276705265045184 9.7503051087260229 9.4431790560483915 7.144249252974987 8.70582417398691 6.36224942654371 7.0457687452435485 6.9691395387053472 8.0735317394137383 11.007654175162314 5.7192155793309203 96.37896478921175 9.4050438255071622 10.344481103122233 8.0813230574131012 20.403323955833912 6.2744576483964893
leaf_count=41 50 68 44 44 99 54 48 43 40 40 73 47 80 66 77 75 56 69 47 55 55 61 79 44 771 74 82 64 162 50
internal_value=4.13858e-06 -0.00684424 -0.013025 -0.017939 0.0121613 0.0740667 0.0344791 0.0421925 0.0291129 0.00436327 -0.0201832 0.0244674 0.0870592 -0.0212091 -0.0157602 -0.0178906 -0.0242868 -0.0113047 0.040818 -0.026035 -0.013128 0.0481642 0.0445268 -0.0120887 -0.0276537 -0.0208244 -0.0183774 -0.0207849 -0.0166089 -0.00752189
internal_weight=346.053 317.593 276.867 231.908 44.9589 28.4595 40.7264 33.9447 27.693 11.1204 222.977 26.4319 20.7855 213.724 79.3521 73.7021 134.372 16.8335 20.2367 117.538 14.1134 14.4358 16.5727 18.527 103.425 63.9518 54.5086 45.1036 34.7591 14.3558
internal_count=2658 2474 2183 1841 342 184 291 243 202 83 1773 199 134 1700 628 584 1072 135 152 937 111 108 119 143 826 507 432 358 276 114
cat_boundaries=0 1 2
cat_threshold=1 4
is_linear=0
shrinkage=0.03


Tree=4
num_leaves=31
num_cat=0
split_feature=3 3 1 7 1 1 7 1 10 3 0 7 2 2 3 3 3 6 1 6 10 1 7 10 8 10 10 1 4 10
split_gain=172.838 87.2399 64.171 40.5048 29.3226 27.2426 14.3978 20.2329 11.2032 13.3344 11.789 9.20948 5.61633 5.46755 4.07462 2.45125 2.76459 4.06333 2.33488 2.63019 2.24108 1.81078 1.95829 1.58538 1.39992 1.27844 1.18623 0.734807 2.19573 1.47296
threshold=1.9054024219512942 0.27925312519073492 0.01664349623024464 53.092546463012702 -0.0083915349096059782 0.096224866807460799 50.790092468261726 0.0099341254681348818 0.32345196604728704 0.040391232818365104 9.5000000000000018 33.270486831665046 30.500000000000004 5.5000000000000009 1.6250092387199404 0.56902033090591442 0.49132010340690618 296.00352478027349 0.047635944560170181 295.72302246093756 -0.26621013879775995 -0.0064350664615631095 53.948085784912116 0.049954323098063476 -1.4999999999999998 -0.014709395356476305 0.17050728946924212 -0.031495653092861169 6.8855219303998191e-09 -0.074425034224987016
decision_type=8 10 2 2 2 2 2 2 8 10 10 2 10 8 10 10 10 2 2 2 8 2 2 8 8 10 10 2 10 8
left_child=1 8 6 5 -2 13 14 12 9 -1 -11 -12 21 -4 15 16 24 -18 19 -15 -17 -8 -23 -9 -3 -24 -27 -22 -29 -30
right_child=4 2 3 -5 -6 -7 7 23 -10 10 11 -13 -14 18 -16 20 17 -19 -20 -21 27 22 25 -25 -26 26 -28 28 29 -31
leaf_value=0.076521144568364008 0.013694412925778736 -0.0085789804093802345 0.015512592498031361 0.08155392608939753 0.087111622459724494 0.044962021998745091 -0.029814155578763074 0.038825497937755006 -0.0046038351976113818 0.051484223158409691 -0.01298530134338668 0.029685790925946184 0.0094749202415675398 -0.0055583067516866511 6.7995092734052319e-05 -0.007369390628869669 -0.02404355547846233 0.0085646746144970535 0.001146822776646748 -0.029577039228706109 -0.032320263762588688 -0.022901287228404111 0.0032954980146986867 0.01282080212167145 -0.027201437054488877 -0.021388756534869661 -0.0022280784009244244 -0.011017178970827069 -0.013761279321022005 -0.029264217363106543
leaf_weight=6.4291317313909522 6.8952891081571606 5.9464060738682747 5.5807475671172169 6.6509020552039138 20.387384161353111 10.568364933133124 11.22741082310676 5.5134417936205846 5.8255403488874427 11.031501770019533 7.2236861810088184 9.5546998530626279 6.4465864375233641 7.2183833792805734 5.8819471076130858 5.6819057762622833 4.9173481017351133 7.3556844815611839 5.6569282859563819 10.566745810210703 47.231982111930847 14.010126955807214 6.1081655547022811 5.2859544008970261 18.561257958412174 5.8514300435781497 5.5022369846701622 10.394164629280565 9.0731778517365438 57.322911895811558
leaf_count=40 47 47 43 44 122 77 90 41 41 77 55 67 49 56 45 46 40 59 42 84 391 111 47 39 149 46 43 83 73 468
internal_value=-0.00139109 -0.00767721 -0.0136532 0.0183317 0.0696968 0.0059635 -0.0200711 -0.00725031 0.0331924 0.0395714 0.0286697 0.0116173 -0.0154619 -0.00926201 -0.0244624 -0.0253243 -0.0175327 -0.00532737 -0.0155534 -0.0206435 -0.0273827 -0.0193574 -0.0148238 0.0282623 -0.0231965 -0.00745355 -0.0130351 -0.0282333 -0.0253364 -0.0273813
internal_weight=345.901 318.619 278.554 46.2421 27.2827 39.5912 232.312 59.9454 40.0646 34.239 27.8099 16.7784 49.146 29.0228 172.367 166.485 36.7807 12.273 23.4421 17.7851 129.704 42.6994 31.472 10.7994 24.5077 17.4618 11.3537 124.022 76.7903 66.3961
internal_count=2662 2493 2213 346 169 302 1867 466 280 239 199 122 386 225 1401 1356 295 99 182 140 1061 337 247 80 196 136 89 1015 624 541
is_linear=0
shrinkage=0.03


Tree=5
num_leaves=31
num_cat=0
split_feature=1 7 7 1 4 4 1 5 8 7 8 10 9 2 7 9 8 9 0 2 4 7 10 10 7 5 7 1 5 4
split_gain=101.999 99.6151 62.714 41.2602 38.2361 28.1834 22.285 15.7814 12.3027 11.7162 9.50851 6.87639 6.86603 9.20704 7.33489 6.64662 6.51213 4.86561 4.38227 5.46896 4.20456 5.13914 12.6494 4.13016 3.34182 1.82402 2.3622 1.79671 1.48437 1.32813
threshold=0.0048211875837296256 53.265357971191413 18.338701248168949 0.014561230782419445 1.0000000180025095e-35 5.2735593669694946e-16 0.090036813169717803 225.24052429199222 1.0000000180025095e-35 52.946125030517585 -1.0000000180025095e-35 0.15286602824926379 -0.010646981652826069 22.500000000000004 53.795074462890632 -0.10870038717985152 -5.4999999999999991 -0.036014175042510026 8.5000000000000018 9.5000000000000018 0.99999997019767772 37.387369155883796 0.1020694635808468 0.15464817732572558 55.222024917602546 321.86138916015631 18.299908638000492 -0.003007650724612176 324.49961853027349 0.99999997019767772
decision_type=2 2 2 2 10 10 2 2 8 2 8 8 8 10 2 10 8 10 8 8 10 2 10 8 2 2 2 2 2 10
left_child=5 2 -2 15 8 7 9 -1 11 16 -9 -4 13 20 18 -3 -6 -12 19 25 -7 22 -22 -23 -17 26 -14 -15 -20 -18
right_child=1 3 4 -5 6 12 -8 10 -10 -11 17 -13 14 27 -16 24 29 -19 28 -21 21 23 -24 -25 -26 -27 -28 -29 -30 -31
leaf_value=-0.019350794305603516 0.073509486525528911 0.011368967971132132 0.061473770301925718 0.10535120623143555 0.0017011900498446512 -0.02525568430757251 0.027588924759711697 0.05546112140997872 -0.0029574187513404433 0.023668827816938073 -0.0084940146922676089 0.017668882112211858 -0.0066074646746337234 -0.0001828792076511885 0.0095841661074521998 0.027271501888268004 -0.028028280105871203 0.026282323365675386 -0.032604676965990335 0.0063340758116534977 0.034926549269994625 -0.027565743439485223 -0.024571729629666611 0.0035337291403134304 0.06433270865554902 -0.0045955358437471455 -0.030296239024634918 0.0233503744552119 -0.016054892882333891 -0.017279843409167127
leaf_weight=8.5746582895517367 9.927406467497347 7.9803249612450591 9.4092991277575457 12.24897116422653 10.456856414675711 24.221330903470516 10.854288868606089 6.2325722053647041 6.1929123848676708 5.1626347303390494 5.7791675105690992 6.241730935871602 5.4834817945957246 5.1363545879721642 5.0993944033980361 7.0819433927536029 34.116270639002323 7.244625158607958 54.488137483596802 7.0536153838038436 5.8979244381189364 11.283686250448225 5.0784269794821739 5.2910039499402073 5.9062790423631668 5.0022173076868048 19.088438294827938 5.719350226223467 8.6866870969533903 25.673977717757225
leaf_count=66 67 58 63 75 81 199 77 43 41 39 43 42 44 41 39 49 279 52 456 56 46 89 40 41 41 39 156 44 70 199
internal_value=-0.000303896 0.0181256 0.00501596 0.0632015 -0.00188979 -0.0145921 -0.0109183 0.0130053 0.0326817 -0.0167494 0.0276571 0.0461144 -0.0192267 -0.011096 -0.0239301 0.0349046 -0.0200104 0.0113454 -0.0257206 -0.0166902 -0.0163305 -0.00787414 0.00764534 -0.0180019 0.047519 -0.0222092 -0.025475 0.0131394 -0.0306147 -0.0237731
internal_weight=346.614 151.253 118.035 33.2175 108.108 195.361 86.264 27.831 21.8439 75.4097 19.2564 15.651 167.53 62.6281 104.902 20.9685 70.2471 13.0238 99.8026 36.6278 51.7724 27.551 10.9764 16.5747 12.9882 29.5741 24.5719 10.8557 63.1748 59.7902
internal_count=2675 1111 888 223 821 1564 675 204 146 598 138 105 1360 500 860 148 559 95 821 295 415 216 86 130 90 239 200 85 526 478
is_linear=0
shrinkage=0.03


Tree=6
num_leaves=31
num_cat=2
split_feature=3 3 1 12 6 8 3 1 1 4 1 0 6 0 5 11 1 8 2 5 6 1 5 1 6 1 1 10 10 10
split_gain=157.039 74.0184 54.827 29.5617 26.0504 16.8506 15.5686 15.362 9.95126 8.39163 7.34696 6.4881 8.66466 6.23589 5.05331 3.67203 5.37636 3.51054 2.94819 2.25526 4.38709 2.14041 1.95453 2.99816 1.56326 1.40176 0.804819 0.43432 1.10206 1.9705
threshold=1.8158945441246035 0.29060757160186773 0.011901889927685263 0 288.44561767578131 -1.0000000180025095e-35 0.040391232818365104 -0.0083915349096059782 0.0019513407605700197 5.1902926401226076e-15 0.01664349623024464 9.5000000000000018 294.23223876953131 19.500000000000004 237.91407012939456 1 -0.0055147104430943719 -13.499999999999998 22.500000000000004 316.01437377929693 302.96289062500006 0.027048617601394657 322.44357299804693 -0.0013311993097886441 324.00703430175787 0.0080141006037592905 0.0044820699840784082 0.081479489803314223 -0.03908619470894336 -0.011273127514868973
decision_type=8 10 2 1 2 10 10 2 2 10 2 10 2 10 2 9 2 10 10 2 2 2 2 2 2 2 2 8 10 10
left_child=1 6 8 4 21 -6 -1 -2 17 -10 -7 12 -5 15 -9 -8 -17 -3 19 20 25 -4 27 -24 26 -11 -21 28 -19 -30
right_child=7 2 3 11 5 10 13 14 9 18 -12 -13 -14 -15 -16 16 -18 22 -20 24 -22 -23 23 -25 -26 -27 -28 -29 29 -31
leaf_value=0.061643849584303079 0.017698213109448416 -0.00066104271826820146 0.0090928337023092089 -0.030061788045883088 0.011093622298608609 0.029165057372025592 0.0036668998967118965 0.044966499182006979 0.01741003782383585 -0.023771996913392997 0.077492272958637531 -0.032209647314970925 0.014097209003439335 -0.0068912213433426394 0.082918902619844845 0.012195063744911373 0.044974717803408587 -0.027794098521993601 0.0013180176012395697 -0.013466265602627365 0.0068174713368343454 -0.014175779820592541 -0.0030492042066332906 -0.029659698441127851 -0.0086866452389777939 -0.0054976730865709342 -0.032402365362847595 -0.030579014573548023 -0.001634951574545968 -0.022123816713288877
leaf_weight=9.6132256388664228 6.8450037539005271 5.2148569077253333 5.1753870695829374 5.4926320984959629 8.7210383862256986 5.9865070283412996 5.9561526328325298 9.4810162484645861 7.6023535132408133 12.807241983711725 11.305252104997633 12.020610213279722 9.4420987442135793 6.4619466289877883 16.508561834692955 9.0653422176837974 10.472873657941816 42.311014004051685 8.9356679841876012 4.8545004874467912 8.3991463109850866 7.6171850934624672 9.5146764442324621 5.6634821668267241 5.9915889352560034 6.2187477201223365 13.084626927971838 50.083580702543259 5.4537008702755001 20.70942260324955
leaf_count=58 46 41 40 42 65 43 43 54 58 105 71 100 75 48 92 65 71 355 69 41 67 57 79 47 48 49 109 423 45 175
internal_value=-0.000478896 -0.00707096 -0.0127763 0.0109615 0.024077 0.0468358 0.0297645 0.0609414 -0.0203395 -0.0106964 0.0632702 -0.0123135 -0.00301076 0.018595 0.0712529 0.0250711 0.0310999 -0.0249411 -0.0144667 -0.0171859 -0.0106889 -0.00478544 -0.025876 -0.014198 -0.0239041 -0.0183717 -0.0282597 -0.0272398 -0.0243923 -0.0180703
internal_weight=347.009 314.175 272.605 65.7607 38.8054 26.0128 41.5695 32.8346 206.845 67.8939 17.2918 26.9553 14.9347 31.9563 25.9896 25.4944 19.5382 138.951 60.2915 51.3559 27.4251 12.7926 133.736 15.1782 23.9307 19.026 17.9391 118.558 68.4741 26.1631
internal_count=2681 2489 2204 493 276 179 285 192 1711 546 114 217 117 227 146 179 136 1165 488 419 221 97 1124 126 198 154 150 998 575 220
cat_boundaries=0 1 2
cat_threshold=12 1
is_linear=0
shrinkage=0.03


Tree=7
num_leaves=31
num_cat=1
split_feature=3 3 1 12 6 1 1 8 10 8 6 6 3 3 0 1 3 9 8 9 1 1 5 0 6 5 8 0 5 3
split_gain=149.377 75.4966 53.8162 28.5253 18.6557 14.7721 11.761 10.8583 8.79268 7.64824 6.97766 16.444 4.25017 4.2147 4.0965 3.5138 3.89644 2.99857 2.70847 2.66963 1.67555 3.41991 2.14859 1.97844 1.72193 1.66827 1.28908 0.903299 0.737145 1.16499
threshold=1.8158945441246035 0.29060757160186773 0.011706571560353042 0 307.20213317871099 -0.0073417301755398503 -0.0037613816093653436 -1.4999999999999998 0.25486730039119726 -16.999999999999996 294.04571533203131 287.38679504394537 0.099279943853616728 0.68578773736953746 37.500000000000007 0.004331734962761403 1.3627195358276369 0.052782483398914344 7.5000000000000009 0.12673619389533999 -0.010663954075425862 -0.0026437448104843493 322.44357299804693 12.500000000000002 322.39442443847662 275.52185058593756 -1.0000000180025095e-35 14.500000000000002 316.01437377929693 0.83062514662742626
decision_type=8 10 2 1 2 2 2 8 8 8 2 2 10 10 10 2 10 8 8 10 2 2 2 10 2 2 10 8 2 10
left_child=1 5 9 4 7 17 -2 -4 12 -3 11 -9 -7 -5 15 18 19 -1 20 28 24 22 23 -22 -11 -8 -15 -14 29 -17
right_child=6 2 3 13 -6 8 25 10 -10 14 -12 -13 27 26 -16 16 -18 -19 -20 -21 21 -23 -24 -25 -26 -27 -28 -29 -30 -31
leaf_value=0.014688432520486017 0.025608474300325187 0.012625363569406904 -0.011475723538899646 0.0057395265494420943 0.060807779823738646 0.065266218287091893 0.052833292501936635 0.0064691746883956402 0.0093659013222699549 -0.030180169669089079 0.0024847007397928809 0.070188288325190931 0.041174206714190635 -0.010491059093953904 0.0033501072651493549 -0.022730214900386302 0.0083855331765594482 -0.013088717129079825 -0.0044428472064018815 -0.0025940663088223266 -0.025009956451650987 -0.026443944917894431 0.0054466103463596564 -0.0041895368337627409 -0.0097998317184210433 0.08347687846966996 -0.028837609456175941 0.018825467061719055 -0.028038586457563193 -0.0059042560319020531
leaf_weight=6.2149447947740537 9.1709069907665235 5.3292664512991905 9.1937592849135381 4.9922816008329418 10.3155500292778 9.8203310370445269 13.379025280475618 7.6737420484423691 6.9513199031353023 74.766048088669777 7.6130356267094603 6.3549166023731232 7.5432953685522053 6.5536868944764199 5.3638524785637847 8.9742053672671371 5.2684078067541114 5.7965310513973236 6.0488376691937438 8.4343172013759595 8.6760774329304748 38.836699672043324 5.0684004351496688 7.9724391996860495 5.1989329233765593 10.967186674475668 14.314842358231539 5.6509383395314225 12.902172885835169 7.3670415282249442
leaf_count=45 60 40 70 40 64 60 73 58 47 650 53 43 50 54 43 71 40 42 50 70 73 325 42 67 44 58 117 40 108 59
internal_value=-0.00070737 -0.00729303 -0.0131867 0.00997382 0.0223358 0.0296589 0.0584967 0.0149758 0.0406139 -0.0209499 0.0262234 0.0380833 0.049269 -0.0131982 -0.0219279 -0.0226572 -0.0145138 0.00130795 -0.0249288 -0.0178497 -0.025773 -0.0211194 -0.0108525 -0.015842 -0.0289925 0.0693861 -0.0238191 0.0336031 -0.0220185 -0.0159226
internal_weight=342.713 309.196 267.219 67.0118 41.151 41.9774 33.5171 30.8355 29.9659 200.207 21.6417 14.0287 23.0146 25.8608 194.877 189.514 42.9461 12.0115 146.567 37.6777 140.519 60.5536 21.7169 16.6485 79.965 24.3462 20.8685 13.1942 29.2434 16.3412
internal_count=2656 2465 2181 499 288 284 191 224 197 1682 154 101 150 211 1642 1599 348 87 1251 308 1201 507 182 140 694 131 171 90 238 130
cat_boundaries=0 1
cat_threshold=12
is_linear=0
shrinkage=0.03


Tree=8
num_leaves=31
num_cat=2
split_feature=3 1 12 8 3 1 8 1 13 1 3 5 9 9 9 1 9 2 2 1 1 8 1 3 2 2 9 2 10 3
split_gain=141.119 64.6841 32.8392 33.2803 29.6332 22.5055 31.4533 16.6365 11.1072 10.5239 10.4817 9.55256 8.76392 6.15205 9.59884 5.90196 5.87737 5.84855 5.1719 2.88838 3.77719 1.95911 2.11928 2.82122 2.68377 3.19118 1.77272 1.43446 2.37924 1.38654
threshold=1.8158945441246035 0.0042029945179820069 0 1.0000000180025095e-35 0.27925312519073492 0.01664349623024464 -1.4999999999999998 -0.0034629410365596409 1 0.0080141006037592905 0.49603930115699774 247.18411254882815 1.0000000180025095e-35 0.11531557887792589 -0.023503865115344521 0.010698956903070213 -0.27699369192123408 11.500000000000002 11.500000000000002 0.027807219885289673 0.0061128686647862205 -16.999999999999996 -0.010663954075425862 0.87545201182365429 11.500000000000002 16.500000000000004 0.096062198281288161 7.5000000000000009 0.071452643722295775 0.66610828042030346
decision_type=8 2 1 10 10 2 8 2 1 2 10 2 8 10 10 2 8 8 10 2 2 10 2 10 10 10 10 10 8 10
left_child=1 4 3 5 11 8 -7 -2 9 -3 17 -1 -13 14 -8 18 -6 -4 -10 20 -12 -18 27 26 -25 -26 -24 28 -23 -22
right_child=7 2 10 -5 16 6 13 -9 15 -11 19 12 -14 -15 -16 -17 21 -19 -20 -21 29 22 23 24 25 -27 -28 -29 -30 -31
leaf_value=-0.016827365486877986 0.019114734350833176 0.0079794122482771887 0.033652688573693502 -0.023597379616834512 4.8675176039578155e-05 -0.0014291276994319974 0.067160419965809043 0.068520005821776975 -0.0066804311500713986 0.056917394061536904 0.0028035609977714749 0.046074913409179283 0.0013106607670265731 0.087038232736426829 0.016138514744097894 -0.020206131471818673 -0.0049129879755421902 -0.0072712528128596396 0.028008287669898557 -0.0023550326565525644 -0.0086981082511340523 -0.0069526956105176591 -0.029382686917387442 -0.021004802614582631 0.015036275290292857 -0.01334229135101127 -0.012758781561005303 -0.031296598931039948 -0.028801947217142916 -0.028533135708770543
leaf_weight=5.5397786721587208 9.2305955290794355 6.651908032596114 5.4965777248144123 12.017865203320978 9.4504197761416417 8.6971493959426862 8.1402208656072599 25.763224080204964 8.4904382601380366 10.30813682079315 4.7149432823061934 8.1193717271089501 7.0313267856836346 8.683892682194708 6.4892398789525059 10.772358834743498 5.0693431273102751 5.5225764214992532 5.6787801906466475 9.1682790890336019 4.9155971556901958 8.8970724865794164 27.865616329014301 12.491794489324095 5.1133511736989004 7.5775658711791039 10.156141601502894 58.169672049582005 10.135188013315203 23.805178135633469
leaf_count=40 59 50 38 93 79 63 48 134 65 72 40 54 47 55 44 79 39 42 43 72 41 76 237 107 43 63 87 521 88 202
internal_value=9.69669e-05 -0.00631091 0.00890108 0.0190552 -0.018381 0.0287565 0.0473709 0.0563811 0.0137635 0.0252034 -0.0092219 0.0147831 0.0266676 0.064886 0.0470091 -0.00317774 -0.0228765 0.0142439 0.0081521 -0.0175935 -0.0215823 -0.024356 -0.0250182 -0.0201918 -0.0116838 -0.00164506 -0.025383 -0.0286609 -0.019445 -0.0255452
internal_weight=350.164 315.17 139.553 85.93 175.617 73.9121 32.0105 34.9938 41.9016 16.96 53.6232 20.6905 15.1507 23.3134 14.6295 24.9416 154.926 11.0192 14.1692 42.604 33.4357 145.476 140.406 63.2045 25.1827 12.6909 38.0218 77.2019 19.0323 28.7208
internal_count=2721 2528 1047 612 1481 519 210 193 309 122 435 141 101 147 92 187 1340 80 108 355 283 1261 1222 537 213 106 324 685 164 243
cat_boundaries=0 1 2
cat_threshold=12 1
is_linear=0
shrinkage=0.03


Tree=9
num_leaves=31
num_cat=0
split_feature=3 1 7 3 7 1 1 7 1 10 7 2 7 3 3 8 5 2 5 1 9 10 5 2 9 9 1 4 9 0
split_gain=114.785 75.3947 54.3514 50.9539 28.8554 25.0398 15.7141 29.2697 11.9915 11.0642 9.3279 10.8802 6.82808 6.67289 5.66908 5.33548 4.63309 4.62631 4.40962 2.67058 2.67857 5.71999 2.80296 1.72983 2.97097 7.90769 1.74034 1.19063 1.0857 0.689659
threshold=1.8158945441246035 0.01664349623024464 53.420833587646491 0.29060757160186773 38.651802062988288 0.096224866807460799 0.0078605599701404589 54.451551437377937 -0.00026269029331160704 0.14454689621925357 36.437219619750984 17.500000000000004 41.137786865234382 0.15533763170242312 0.71771624684333812 -19.499999999999996 218.70053863525393 13.500000000000002 319.81544494628912 0.0019513407605700197 0.042550677433609969 0.099720984697341933 277.76065063476568 7.5000000000000009 0.12673619389533999 0.037885801866650588 -0.01295412005856633 0.98890426754951488 -0.099180757999420152 18.500000000000004
decision_type=8 2 2 10 2 2 2 2 2 10 2 8 2 10 10 10 2 10 2 2 10 10 2 10 8 8 2 8 10 10
left_child=1 3 4 10 5 9 15 12 -2 16 13 18 29 -1 -14 -5 -3 -16 -12 23 22 -22 -21 24 25 26 -17 -6 -10 -8
right_child=8 2 -4 6 27 -7 7 -9 28 -11 11 -13 14 -15 17 19 -18 -19 -20 20 21 -23 -24 -25 -26 -27 -28 -29 -30 -31
leaf_value=0.018581867582297778 0.021746647705595281 0.011549065568547519 0.082850085303678073 0.0064370543619878973 -0.031550290407811224 0.06352611253805493 -0.031938049783234189 0.052779279781143294 0.040990783492688476 0.03651142882551707 0.029416303863628757 0.060719780319832356 0.022191143557126296 -0.022395972015808247 -0.022001754526087648 -0.008963012770455598 -0.020482656049075471 0.0083629516683361178 -0.00052637271422950225 -0.0076463248362271374 0.014041921202358495 -0.022675421370871911 -0.029314250337891878 -0.029060844833154256 -0.031801501312121831 0.016543407037893077 -0.029241590139132675 -0.010530183294958835 0.069280887876899303 -0.013617582710662858
leaf_weight=6.2119603753089887 11.245201781392096 5.9941302686929765 10.532381340861319 4.8488087654113761 8.8685339838266337 9.4802114963531476 11.374092869460585 6.1064644753932944 7.8965754956007013 6.4798217415809622 8.5413301512599045 6.4082374125719062 5.3324072808027294 6.1027188897132874 10.889684371650221 7.3457883670926121 9.0225642845034582 6.5936693847179404 8.1929292529821378 9.0693132281303424 6.4437230676412565 6.920972615480423 16.440973788499832 89.07576959580183 11.782177977263926 5.5397618785500553 11.048699766397474 5.0815530717372903 15.873196169734001 4.8802729398012152
leaf_count=44 70 42 56 37 72 61 97 41 40 46 55 41 41 45 89 63 67 49 53 75 53 60 140 796 104 48 96 37 79 41
internal_value=-0.00067994 -0.00664759 0.0246978 -0.0136957 0.00955777 0.0254671 -0.0192209 -0.00341668 0.0499781 0.00660484 0.019217 0.0300573 -0.0132978 -0.00188218 -0.0024171 -0.0234126 -0.00777396 -0.0107171 0.0155536 -0.0243306 -0.0166357 -0.00522721 -0.02219 -0.0265764 -0.0197576 -0.0127911 -0.0220231 -0.0251099 0.0619169 -0.0275455
internal_weight=339.624 304.609 55.4592 249.15 44.9268 30.9767 213.693 45.1766 35.015 21.4965 35.4572 23.1425 39.0701 12.3147 22.8158 168.516 15.0167 17.4834 16.7343 163.667 38.875 13.3647 25.5103 124.792 35.7164 23.9343 18.3945 13.9501 23.7698 16.2544
internal_count=2638 2449 381 2068 325 216 1830 358 189 155 238 149 317 89 179 1472 109 138 108 1435 328 113 215 1107 311 207 159 109 119 138
is_linear=0
shrinkage=0.03


Tree=10
num_leaves=31
num_cat=0
split_feature=3 3 1 7 1 7 1 1 10 3 8 2 3 9 9 9 9 3 3 10 9 10 2 1 7 1 2 7 2 1
split_gain=121.565 62.2123 49.7086 45.4736 29.5005 12.412 16.1522 10.6035 9.82999 9.15554 8.31633 6.18757 4.57239 4.5407 5.85355 3.93701 2.60272 2.42512 2.42219 2.21401 1.81419 1.52029 1.17686 2.93459 2.72991 2.46391 2.52805 1.12075 1.0152 0.965711
threshold=1.8158945441246035 0.21781230717897418 0.01664349623024464 53.420833587646491 0.096224866807460799 51.104207992553718 0.0066975220106542119 -0.0037613816093653436 0.2960518896579743 0.040391232818365104 -16.999999999999996 7.5000000000000009 0.13604119420051577 -0.23697563260793683 -0.018012063577771183 -0.29463022947311396 -0.072363134473562227 0.29060757160186773 1.5796781778335574 0.081479489803314223 -0.024600645527243611 -0.12340334430336951 7.5000000000000009 -0.0060865930281579486 35.133117675781257 -0.0098140183836221678 22.500000000000004 53.611604690551765 19.500000000000004 -0.0034629410365596409
decision_type=8 10 2 2 2 2 2 2 8 10 10 8 10 10 10 10 10 10 10 10 8 10 10 2 2 2 10 2 8 2
left_child=1 8 5 4 11 10 15 -2 9 -1 -3 -4 -11 -8 -15 -7 -9 -12 22 20 28 -13 23 24 -19 -24 29 -22 -17 -27
right_child=7 2 3 -5 -6 6 13 16 -10 12 17 21 -14 14 -16 19 -18 18 -20 -21 27 -23 25 -25 -26 26 -28 -29 -30 -31
leaf_value=0.064114659260452386 0.02055031547910758 0.013970631707386263 0.0071960518844767785 0.076952748459074571 0.040789536601667647 0.0053623240807552522 -0.0049383254121898095 0.040235682709874099 -0.0029704728638812014 0.0094244067279811855 -0.0041353573481766439 -0.0063261428214148232 0.038231021944053659 0.042852877081402271 0.0041289375339042655 -0.029659365407506102 0.070460911268330109 -0.015265086753893832 -0.0037182393325504866 -0.031753779002973957 -0.013035672093218324 -0.026158302956835144 -0.030794690332538826 -0.025914023847892206 0.0099730637822904103 -0.011756842914274415 -0.0045155666179025663 0.0055975936110738041 -0.0090502950501535097 -0.02523125356023171
leaf_weight=8.0259821414947528 8.9426989853382093 5.1798865348100653 8.8978316113352793 7.9606681764125815 11.798716112971304 5.8175185695290557 5.9049700200557735 9.4086316227912921 6.2794231474399558 10.128894694149496 6.6780580505728713 5.3447376489639309 10.664245858788489 6.9899214580655107 6.6906856149435017 5.8460238277912113 16.662994369864464 13.261494420468809 5.8871317356824866 10.463156774640082 4.7564016506075912 16.082406662404537 53.856046512722969 20.38141593337059 4.5005148425698271 8.4184575676918012 8.0928146839141828 5.0252884775400162 4.9428784698247918 41.195230953395367
leaf_count=43 56 40 67 40 78 48 42 47 42 67 48 41 71 47 51 50 81 117 49 89 41 129 505 179 40 74 69 41 40 360
internal_value=-0.000312327 -0.00637098 -0.0112133 0.015579 0.00246488 -0.0172494 -0.00497136 0.0518592 0.0306908 0.0378789 -0.0213335 -0.0132724 0.0252749 0.0165187 0.0254857 -0.0165275 0.0614425 -0.0225391 -0.0232976 -0.0206702 -0.0138218 -0.0217141 -0.0240377 -0.0183153 -0.00867956 -0.0258141 -0.0207205 -0.00383163 -0.021786 -0.0232224
internal_weight=344.085 309.071 273.972 50.0844 42.1237 223.888 56.4368 35.0143 35.0985 28.8191 167.451 30.325 20.7931 19.5856 13.6806 36.8513 26.0716 162.271 155.593 31.0337 20.5706 21.4271 149.706 38.1434 17.762 111.563 57.7065 9.78169 10.7889 49.6137
internal_count=2692 2508 2285 355 315 1930 449 184 223 181 1481 237 138 140 98 309 128 1441 1393 261 172 170 1344 336 157 1008 503 82 90 434
is_linear=0
shrinkage=0.03


Tree=11
num_leaves=31
num_cat=1
split_feature=3 3 1 7 8 7 8 4 1 7 15 1 6 3 1 10 3 3 0 8 7 7 7 3 7 6 3 10 10 10
split_gain=121.307 63.2278 50.1674 37.5396 19.1933 14.6585 19.3771 13.5744 11.5828 14.0077 12.7058 15.5742 10.7869 10.0922 9.71175 12.0101 6.82334 5.60806 5.45041 3.0502 3.08266 4.5639 2.3493 2.04018 2.02381 1.61664 1.09717 0.792726 2.7428 0.779741
threshold=2.2839723825454716 0.21781230717897418 0.01664349623024464 53.420833587646491 -16.999999999999996 38.651802062988288 1.0000000180025095e-35 0.99412956833839428 0.0019513407605700197 50.988521575927741 0 0.0080141006037592905 284.00032043457037 1.2862880229949953 -0.01450296677649021 0.25486730039119726 1.9054024219512942 0.053899716585874564 10.500000000000002 7.5000000000000009 35.665649414062507 37.968566894531257 31.31425762176514 0.13604119420051577 53.265357971191413 294.63259887695318 0.56902033090591442 0.083096962422132506 -0.029195302166044709 0.31745702028274542
decision_type=8 10 2 2 8 2 10 10 2 2 9 2 2 10 2 8 10 10 8 8 2 2 2 10 2 2 10 10 10 10
left_child=1 14 4 5 -3 6 7 -4 16 13 24 -12 -2 22 -1 17 19 -16 -9 20 26 -22 -10 -19 -11 -7 27 28 -6 -24
right_child=12 2 3 -5 8 25 -8 18 9 10 11 -13 -14 -15 15 -17 -18 23 -20 -21 21 -23 29 -25 -26 -27 -28 -29 -30 -31
leaf_value=-0.00086250349153836571 0.028280017125384235 0.033005748610039291 0.050832634744325325 0.067670224666097276 -0.024070739978421577 -0.0089630977841189986 -0.027219543563663805 0.023539821727200278 -0.0025099679859000991 -0.001549574899998547 -7.7719707503629053e-05 0.061135036134420472 0.076290874582978119 0.011244536112973011 0.070761884839277089 0.0028065258308461521 0.010502666533022101 0.017889035523227487 -0.013850954360819326 -0.0024887333619799524 0.005065637216034459 -0.022182138918638981 -0.0271649895162989 0.044326105968521254 -0.024407758110924452 -0.030753833600109835 -0.03199151064158276 -0.029769459996377149 0.0036527294232081039 -0.012046709796986171
leaf_weight=6.7614874318242064 7.7700567543506649 5.9922888576984406 10.969038754701618 9.2060964703559858 8.1034191623330116 6.990654304623602 6.5773558095097533 6.0808784663677207 4.7221369594335547 5.3239199370145789 6.7957342118024844 7.3145194351673126 16.591215804219246 8.511938661336897 7.442877650260928 6.6569384336471584 4.6855286955833426 6.7334543019533148 6.0283605530858049 5.6710116788744918 5.9048976525664321 45.366573087871075 36.162311963737011 8.2504386603832227 9.9488429203629476 6.7598384544253349 56.625891909003258 6.486676722764968 4.5987302735447892 5.9047754257917395
leaf_count=47 40 42 73 45 73 53 50 42 40 42 54 48 83 63 39 43 28 43 44 49 51 400 319 52 74 56 534 59 40 53
internal_value=-0.000443354 -0.00548424 -0.0103016 0.0158897 -0.0163852 0.00363087 0.0153805 0.0281478 -0.0178595 -0.00897986 0.00759195 0.0202189 0.0626966 -0.0177634 0.0314996 0.0388018 -0.0232263 0.0489105 0.00528887 -0.0244863 -0.0254408 -0.0190072 -0.0231654 0.0343083 -0.0105446 -0.0210343 -0.0294877 -0.0208803 -0.0144996 -0.0253719
internal_weight=340.938 316.577 280.731 52.6122 228.119 43.4061 29.6556 23.0783 222.127 84.6842 29.383 14.1103 24.3613 55.3012 35.8452 29.0837 137.443 22.4268 12.1092 132.757 127.086 51.2715 46.7892 14.9839 15.2728 13.7505 75.8147 19.1888 12.7021 42.0671
internal_count=2679 2556 2332 363 1969 318 209 159 1927 693 218 102 123 475 224 177 1234 134 86 1206 1157 451 412 95 116 109 706 172 113 372
cat_boundaries=0 1
cat_threshold=34
is_linear=0
shrinkage=0.03


Tree=12
num_leaves=31
num_cat=0
split_feature=3 3 1 7 1 8 1 6 2 2 6 1 7 7 8 5 1 5 10 0 5 10 5 3 3 7 4 2 0 10
split_gain=86.268 54.9776 44.9324 55.3021 27.5393 14.1116 12.9841 12.2535 9.4062 6.67167 5.62833 6.91666 4.39339 3.80336 3.15071 3.07668 2.8131 2.54144 2.49336 2.17369 2.64872 3.76426 3.54781 1.8719 2.19632 1.60481 1.56552 1.2242 6.60774 1.08547
threshold=1.8158945441246035 0.21781230717897418 0.011706571560353042 53.265357971191413 0.096224866807460799 -19.499999999999996 -0.0083915349096059782 283.06530761718756 6.5000000000000009 42.500000000000007 315.18818664550787 0.0063274018466472634 35.665649414062507 36.665016174316413 -2.4999999999999996 237.91407012939456 0.0048211875837296256 286.28804016113287 -0.18301600217819211 4.5000000000000009 309.32798767089849 0.27623905241489416 245.87235260009768 1.0782193541526797 0.92726564407348644 54.053998947143562 2.1831703111985239e-12 7.5000000000000009 6.5000000000000009 -0.2507390677928924
decision_type=8 10 2 2 2 8 2 2 8 8 2 2 2 2 8 2 2 2 8 10 2 10 2 10 10 2 10 10 8 10
left_child=1 7 5 4 8 -3 -2 -1 17 12 11 -9 16 -14 -15 -8 27 -4 -10 -16 22 -22 23 24 25 -21 -20 28 -7 -29
right_child=6 2 3 -5 -6 9 15 10 18 -11 -12 -13 13 14 19 -17 -18 -19 26 20 21 -23 -24 -25 -26 -27 -28 29 -30 -31
leaf_value=-0.0081785656189859585 0.0075475628008601766 0.027254941775550968 0.022945867514455202 0.063925335441171779 0.036704643636283327 -0.030988038702224656 0.031449057527611395 0.026105727886782663 -0.0010430482122790014 0.014344533712858983 0.020548216120449381 0.070232138326223589 0.0057566505417417767 0.0029677173839191364 -0.030057012195874377 0.059951530131847987 -0.0050201282256581966 -0.0045174206069975584 -0.00769866789730533 -0.021483614989535819 -0.024531985892574118 -0.00066962779961173089 0.011047390081296802 -0.026448202872957297 0.0084805131066916263 -0.0017281132249518311 -0.026763839698165929 -0.011081257742423259 0.0086435476612156965 -0.030274045432353628
leaf_weight=6.2862240672111502 7.786546289920806 5.2412987798452377 5.6901060640811902 12.82379502058029 11.612980931997297 9.5155939310789073 8.9513114839792269 8.5649676322937029 5.2588742971420288 4.5449670255184165 13.950360476970671 7.0135632157325736 6.5322524830698958 6.2880741506814957 13.191993899643419 19.119333878159523 6.1997090727090827 5.0395253002643585 5.7472636848688152 8.5151319950819104 38.209715157747269 7.0812902376055709 5.6216474175453177 6.7785492464900008 4.6357925161719313 6.3647461980581275 24.968672454357147 4.3753512725234023 5.3542614579200754 55.953879795968533
leaf_count=39 48 37 41 69 74 88 44 56 41 36 85 40 57 54 117 90 52 41 47 75 337 62 47 58 39 53 207 41 47 539
internal_value=-0.000316576 -0.00559773 -0.0103272 0.00997181 -0.00277005 -0.0177685 0.0430163 0.0287958 -0.013149 -0.0191527 0.0366772 0.0490098 -0.0200502 -0.0156479 -0.0171381 0.052257 -0.025375 0.0107614 -0.0203786 -0.0185539 -0.0162292 -0.0208961 -0.00917275 -0.0137421 -0.00825477 -0.0136743 -0.0235518 -0.0269652 -0.0170723 -0.0290855
internal_weight=337.218 301.361 265.545 71.1412 58.3174 194.404 35.8572 35.8151 46.7044 189.163 29.5289 15.5785 184.618 103.219 96.6869 28.0706 81.3988 10.7296 35.9748 90.3989 77.2069 45.291 31.9159 26.2942 19.5157 14.8799 30.7159 75.1991 14.8699 60.3292
internal_count=2661 2479 2259 520 451 1739 182 220 377 1702 181 96 1666 899 842 134 767 82 295 788 671 399 272 225 167 128 254 715 135 580
is_linear=0
shrinkage=0.03


Tree=13
num_leaves=31
num_cat=3
split_feature=3 3 7 13 8 15 7 6 9 9 2 7 9 5 5 8 4 7 6 6 7 5 9 7 9 5 6 11 2 0
split_gain=120.155 64.2847 34.0082 17.3017 11.6708 10.3986 10.2082 9.54493 8.64324 7.29096 5.69394 6.76027 9.46183 3.31204 4.48797 3.10377 3.34644 4.95329 9.78079 6.00225 4.55632 3.06942 2.96384 2.69779 2.48436 4.12982 7.53369 2.18719 2.13411 1.71166
threshold=1.8555616736412051 0.29060757160186773 53.420833587646491 0 -1.0000000180025095e-35 1 49.86413764953614 280.32257080078131 -0.11215346306562422 -0.21984501928091046 7.5000000000000009 31.969373703002933 0.093524999916553511 236.9684982299805 314.00831604003912 1.0000000180025095e-35 0.99999859929084789 32.598609924316413 295.54739379882818 288.74645996093756 37.779705047607429 285.62876892089849 -0.10171368345618247 32.598609924316413 0.23867208510637286 286.28804016113287 296.58961486816412 2 9.5000000000000018 15.500000000000002
decision_type=8 10 2 1 10 9 2 2 10 8 8 2 8 2 2 8 10 2 2 2 2 2 10 2 8 2 2 9 10 8
left_child=1 4 5 13 -1 6 -3 -2 -9 -6 11 12 -7 -4 -15 16 17 27 19 -19 -20 23 -18 -11 25 26 -13 -12 -23 -5
right_child=7 2 3 29 9 10 -8 8 -10 21 15 24 -14 14 -16 -17 22 18 20 -21 -22 28 -24 -25 -26 -27 -28 -29 -30 -31
leaf_value=0.051013540720997438 0.019125905800832347 0.030123161541770093 0.0070183224142754989 -0.009586862312717508 0.043933617622223441 0.03635157426420902 -0.019363579797625916 0.029555765026597666 0.070801966709162584 -0.014811083599132772 -0.013632046054210379 -0.015218428583366372 -0.011377075805812773 0.041762880629236401 0.01060812791563598 -0.030760537374982275 -0.0063894392600539413 -0.0054062604862494994 0.005656175819512093 0.034925297852842194 -0.025744115812926981 0.028186336595681122 -0.029496047320502913 0.010986298470312338 -0.031154164211801821 -0.021362564882269754 0.026908995964419952 -0.032019732712926158 0.0062395935978799494 -0.030220366303517474
leaf_weight=11.531835451722143 8.0443533062934858 9.1127734258770925 5.9647434279322651 11.709440290927889 6.0510720834136009 4.9261955842375738 5.110441029071807 8.7558517158031481 19.1385448127985 6.1580219790339488 13.512050800025463 9.9869485199451429 9.2536654844880086 15.975985370576383 6.6376787945628157 35.179199777543545 6.5096629858016959 6.346913166344164 5.0556975156068829 5.4742532446980476 16.331916369497776 7.6826855689287212 36.434061236679554 6.459197461605072 8.3642084524035436 19.790307022631168 4.8576999455690375 14.314476072788239 8.7433286160230619 5.4948615655302993
leaf_count=72 41 72 44 92 38 40 43 44 94 43 124 87 78 109 48 333 55 56 45 45 144 46 332 40 71 176 39 135 56 44
internal_value=-2.03376e-06 -0.0062107 -0.0121176 0.0111312 0.0258373 -0.0172014 0.0073864 0.0510892 0.059326 0.0163804 -0.0184504 -0.0111153 0.00650663 0.0211951 0.0334547 -0.0226799 -0.019679 -0.0147294 -0.00659325 0.0145381 -0.0184005 0.00936845 -0.0262185 -0.00176755 -0.0169423 -0.0127323 -0.000604574 -0.0238736 0.0175328 -0.0112792
internal_weight=338.908 302.969 256.343 45.7827 46.6261 210.56 14.2232 35.9387 27.8944 35.0943 196.337 57.179 14.1799 28.5784 22.6137 139.158 103.979 61.0353 33.2088 11.8212 21.3876 29.0432 42.9437 12.6172 42.9992 34.635 14.8446 27.8265 16.426 17.2043
internal_count=2686 2507 2212 337 295 1875 115 179 138 223 1760 491 118 201 157 1269 936 549 290 101 189 185 387 83 373 302 126 259 102 136
cat_boundaries=0 1 2 3
cat_threshold=1 1154 4
is_linear=0
shrinkage=0.03


Tree=14
num_leaves=31
num_cat=2
split_feature=1 7 7 4 1 1 6 8 15 0 2 9 9 2 7 1 11 9 9 7 7 1 1 4 6 7 0 0 6 4
split_gain=74.6172 34.7049 37.8375 28.3799 16.5264 16.3801 18.4827 12.9516 12.3043 10.2904 15.0392 6.40901 8.25244 6.3783 5.02626 7.00159 4.6175 4.36 4.66667 4.19735 3.3073 3.67026 11.3232 3.61522 3.12209 2.95734 2.80282 2.76404 1.96018 2.11531
threshold=0.0042029945179820069 53.265357971191413 18.396368980407718 1.0000000180025095e-35 0.011706571560353042 0.047635944560170181 288.44561767578131 1.0000000180025095e-35 0 11.500000000000002 7.5000000000000009 -0.0014256411814130841 -0.021622797474265095 23.500000000000004 18.113891601562504 -0.044887863099575036 1 0.13620546460151675 0.2306562811136246 51.139064788818366 54.730865478515632 -0.0064350664615631095 -0.00052209419663995494 0.99999997019767772 313.66049194335943 38.938272476196296 14.500000000000002 13.500000000000002 308.00424194335943 0.99518737196922313
decision_type=2 2 2 10 2 2 2 8 9 8 8 8 10 10 2 2 9 10 10 2 2 2 2 10 2 2 10 10 2 10
left_child=8 2 -2 7 16 13 -7 25 9 10 -1 12 20 17 15 -13 -3 19 -19 -5 21 23 27 -10 -11 -4 -6 -23 -16 -30
right_child=1 4 3 5 26 6 -8 -9 11 24 -12 14 -14 -15 28 -17 -18 18 -20 -21 -22 22 -24 -25 -26 -27 -28 -29 29 -31
leaf_value=-0.008261437050404755 0.053797159820674227 0.0017156670411943983 0.051400584925070797 -0.025842938465481812 0.071050250551576433 -0.015976258995302254 0.042408491821615213 -0.0059174644397429095 -0.028181390639336664 -0.024274074248807381 0.04989007170242029 -0.019168842498067284 0.017514370628417281 0.0084968755566872927 -0.030093877960743674 0.022177932021089634 0.031250729399527312 0.016934118400736428 -0.017969071219927607 0.0012851855775939283 -0.03168536085405517 0.0032375651513323273 -0.021188534290215472 -0.0032513667288169615 0.0050184662491503541 0.022168353936089673 0.038496275143841664 0.033380419998443996 -0.0046685114078471373 -0.023971274324419808
leaf_weight=6.9970777183771142 12.450810335576532 9.3152165412902832 10.324577979743482 40.048255197703838 9.8752456605434435 8.0627148523926753 9.9497401267290098 7.1602658778429058 13.673104047775269 7.1438720822334272 7.6447477862238893 11.228040136396883 7.6142054498195639 8.6135277673602086 48.246975809335709 4.3323384299874297 9.0217217803001404 5.425289645791052 6.4528546258807182 5.7614052444696418 7.6263014152646056 5.3385790437459963 11.949706383049486 8.5883821398019791 4.9892059490084648 7.7981302663683882 9.6121527254581434 5.186858743429184 8.0811235159635562 16.214736245572567
leaf_count=59 70 66 55 352 48 57 63 44 124 55 52 108 65 66 454 38 57 45 56 48 60 44 102 73 39 48 51 43 73 145
internal_value=-0.000540709 0.0142261 0.00631044 0.000478029 0.0389472 -0.00792338 0.0168086 0.0277306 -0.0140463 0.00523076 0.0233489 -0.0167696 -0.0100773 -0.0147924 -0.0230432 -0.00701295 0.0171115 -0.0183553 -0.00195015 -0.0224765 -0.0143424 -0.0107578 -0.00201676 -0.0191167 -0.0127638 0.0406391 0.0576558 0.0196992 -0.0263396 -0.0179893
internal_weight=334.727 159.872 122.048 109.597 37.8243 84.3138 18.0125 25.283 174.855 26.7749 14.6418 148.08 59.9771 66.3013 88.1032 15.5604 18.3369 57.6878 11.8781 45.8097 52.3629 44.7366 22.4751 22.2615 12.1331 18.1227 19.4874 10.5254 72.5428 24.2959
internal_count=2660 1126 904 834 222 687 120 147 1534 205 111 1329 511 567 818 146 123 501 101 400 446 386 189 197 94 103 99 87 672 218
cat_boundaries=0 1 2
cat_threshold=1170 1
is_linear=0
shrinkage=0.03


Tree=15
num_leaves=31
num_cat=3
split_feature=4 8 7 13 5 0 2 4 2 7 11 8 11 7 6 10 10 6 7 5 10 7 6 8 6 10 10 10 7 6
split_gain=51.5661 34.9288 33.6026 23.6953 13.1212 16.8621 8.58782 8.12148 6.78905 9.98937 5.58244 4.4435 5.71997 4.25306 4.11389 4.07508 4.05647 5.15286 3.56537 3.49464 2.99634 4.32934 2.1858 1.95044 1.8194 1.93242 1.53787 1.64114 1.52008 1.4788
threshold=5.2735593669694946e-16 -19.499999999999996 53.420833587646491 0 202.57823181152347 26.500000000000004 10.500000000000002 0.99999997019767772 7.5000000000000009 36.573274612426765 1 -1.0000000180025095e-35 2 50.858745574951179 295.72302246093756 -0.26621013879775995 0.15740822255611422 303.45353698730474 48.673913955688484 278.31544494628912 0.25266480445861822 54.793903350830085 306.33485412597662 1.0000000180025095e-35 300.70329284667974 -0.11091353744268416 0.27623905241489416 0.066486384719610228 54.053998947143562 284.24739074707037
decision_type=10 10 2 1 2 8 8 10 10 2 9 10 9 2 2 8 10 2 2 2 10 2 2 10 2 8 10 8 2 2
left_child=4 -2 7 20 -1 6 18 15 9 22 -5 12 -10 24 -14 -3 17 -8 19 -6 21 28 -9 29 -13 -26 27 -11 -4 -17
right_child=1 2 3 10 5 -7 16 8 11 26 -12 13 14 -15 -16 23 -18 -19 -20 -21 -22 -23 -24 -25 25 -27 -28 -29 -30 -31
leaf_value=-0.016217814995808051 0.044574371581881947 0.0065542856870022866 0.024642145780053724 -0.028860186512839989 0.0096118881841243727 -0.013445174902438883 0.062820940660536437 0.011010891784343059 0.021503257423398165 -0.0049176694487738926 0.0019211213568279262 -0.02623118181210608 -0.026675997545268497 0.0074723015634863459 0.00073928886619708113 -0.027292329189462033 0.022179390870816721 0.030044186738038686 0.00156171969728525 0.040924644400167645 0.054557519444563836 0.042056043885303068 0.035078704533898629 -0.028640188346379141 0.0038972938217949416 -0.016967222432019494 0.0013067069250230622 -0.029421475299745873 0.0042929310926802496 -0.015065819789271276
leaf_weight=6.0591788142919532 11.156262062489985 4.8954248130321503 6.2034810557961517 11.349415943026543 6.9808696359395999 7.2932581007480612 13.228732042014601 10.509012900292875 6.247309572994709 5.0015604048967353 9.0864955931901932 21.044682614505291 6.8078485280275407 5.3569480627775183 13.206757910549639 12.317770875990389 9.0870731845498067 11.056591995060442 8.1591699793934804 6.5514828488230705 6.0761795341968527 10.25395831465721 5.3617955073714247 21.925849139690399 4.4743987917900085 21.086551010608677 4.8650295287370673 4.9739540219306937 7.0562709718942642 59.779309295117855
leaf_count=40 74 43 40 83 43 46 76 79 47 39 66 194 59 41 106 113 54 69 55 42 37 68 39 213 37 187 40 41 50 558
internal_value=0.000765867 -0.00516478 -0.00748043 0.0143931 0.0238256 0.0279111 0.0335309 -0.0127886 -0.00703894 0.00480193 -0.0107211 -0.0116897 -0.00153835 -0.0166942 -0.00941151 -0.0189867 0.0430525 0.0496768 0.0176302 0.0265444 0.026397 0.0279595 0.0207393 -0.0203715 -0.0195706 -0.0133057 -0.0124751 -0.0187031 0.0148736 -0.0174995
internal_weight=337.453 269.036 257.88 50.0258 68.4164 62.3572 55.0639 207.854 108.936 30.7114 20.4359 78.2245 26.2619 51.9626 20.0146 98.9184 33.3724 24.2853 21.6915 13.5324 29.5899 23.5137 15.8708 94.0229 46.6056 25.5609 14.8405 9.97551 13.2598 72.0971
internal_count=2679 2254 2180 344 425 385 339 1836 909 238 149 671 212 459 165 927 199 145 140 85 195 158 118 884 418 224 120 80 90 671
cat_boundaries=0 1 2 3
cat_threshold=1 1 8
is_linear=0
shrinkage=0.03


Tree=16
num_leaves=31
num_cat=2
split_feature=3 3 1 7 7 1 1 15 1 5 4 7 1 9 9 11 6 6 3 5 3 7 9 10 3 10 10 9 9 9
split_gain=85.5489 50.4675 40.6436 32.3516 14.7437 14.5232 13.8476 10.8038 8.76868 8.12912 7.03451 6.87227 5.85816 4.83378 10.7295 5.50385 3.11248 2.91743 6.02334 11.655 4.33694 1.89097 2.33862 1.42324 1.24004 0.741896 0.692166 0.677824 0.581982 0.537029
threshold=1.8158945441246035 0.29060757160186773 0.01664349623024464 53.420833587646491 38.651802062988288 -0.0083915349096059782 0.096224866807460799 0 -0.01450296677649021 330.54104614257818 0.99412956833839428 54.337057113647468 -0.0078207761980593187 0.1403613165020943 0.0081883147358894365 1 322.39442443847662 306.95713806152349 1.0493285059928896 242.64717102050784 0.56287711858749401 52.598661422729499 0.26478084921836859 -0.014709395356476305 0.46142171323299414 0.15286602824926379 -0.092401590198278413 0.052782483398914344 0.012530139647424223 0.096062198281288161
decision_type=8 10 2 2 2 2 2 9 2 2 10 2 2 10 8 9 2 2 10 2 10 2 8 10 10 10 8 10 10 10
left_child=1 8 7 4 6 -2 10 11 -1 12 -4 -3 16 14 15 -10 -9 18 21 27 24 22 29 -7 -19 -25 -22 -20 -6 -14
right_child=5 2 3 -5 28 23 -8 9 13 -11 -12 -13 17 -15 -16 -17 -18 20 19 -21 26 -23 -24 25 -26 -27 -28 -29 -30 -31
leaf_value=-0.0023246016663759869 0.0061241498340230873 -0.0034522726778726141 0.017009931151491874 0.061778684748267726 -0.030724141185638407 0.032933359341784249 0.043531305919040038 -0.02900963844619495 0.015738682727078318 0.010877529145404454 -0.018243816694476497 0.03696791698888769 -0.027804436761776481 0.05123989017009329 -0.0014124835448095922 0.050607866438960522 -0.0037953018343430886 -0.013442964923942077 -0.025032144345428466 0.026037514053254288 -0.012225744572429191 -0.0057031454769393896 -0.00094416913463410011 0.067444898985880811 0.0050592976522592517 0.041880384262136083 -0.029196920719577531 -0.0076749876219300616 -0.012566204299368751 -0.014980333771507717
leaf_weight=9.8099046722054464 8.6668929755687696 9.4515611305832845 8.7501059696078354 8.9204618781805021 7.4345200061798078 8.7969654798507708 8.1826534718275052 68.629847832024097 8.6394025459885651 7.0253417864441863 9.6748690679669362 5.1510774269700059 18.576464049518115 6.9835124909877768 10.706677027046679 9.7436241507530195 5.0514076352119437 6.2870597988367063 5.6179689839482325 8.9343673065304738 4.556455209851265 10.203977450728415 4.5123401135206214 9.9517320543527621 5.1593366637825966 10.922503799200056 28.35984879732132 4.7169099077582359 4.6477284356951714 8.5999479219317418
leaf_count=71 52 75 67 40 63 40 47 694 54 63 75 35 176 39 67 55 47 55 48 77 40 80 41 44 45 50 260 41 41 81
internal_value=-0.000383954 -0.00591858 -0.0112681 0.0134455 0.00102589 0.0411765 0.0134322 -0.0171643 0.0226699 -0.0185349 -0.00148786 0.00747231 -0.0207704 0.0293463 0.0225621 0.035878 -0.027355 -0.0159592 -0.0113912 0.00242372 -0.021867 -0.0176539 -0.02121 0.0508818 -0.00536684 0.0565943 -0.0272774 -0.0184862 -0.0252337 -0.024422
internal_weight=332.665 294.327 248.444 47.6103 38.6899 38.3381 26.6076 200.834 45.8831 186.231 18.425 14.6026 179.206 36.0732 29.0897 18.383 73.6813 105.525 61.162 19.2692 44.3627 41.8927 31.6888 29.6712 11.4464 20.8742 32.9163 10.3349 12.0822 27.1764
internal_count=2663 2477 2191 333 293 186 189 1858 286 1748 142 110 1685 215 176 109 741 944 544 166 400 378 298 134 100 94 300 89 104 257
cat_boundaries=0 1 2
cat_threshold=16 1
is_linear=0
shrinkage=0.03


Tree=17
num_leaves=31
num_cat=2
split_feature=3 3 7 8 15 5 3 0 3 0 5 9 9 10 3 8 9 0 3 7 6 11 10 3 5 7 6 7 9 10
split_gain=74.279 46.1041 18.2165 11.1981 10.8722 10.58 13.379 7.82791 7.43043 8.48814 6.05127 5.73766 6.94722 5.68116 6.14754 5.33225 4.46174 8.32876 5.37182 4.99268 6.62671 4.44511 4.36601 4.58902 3.38888 2.24165 2.03978 1.97829 2.8426 2.63795
threshold=1.8158945441246035 0.29060757160186773 53.948085784912116 -19.499999999999996 0 201.57430267333987 0.040391232818365104 14.500000000000002 2.55652928352356 10.500000000000002 238.96639251708987 -0.057835282757878297 0.11999552696943284 0.25266480445861822 0.77105996012687694 1.0000000180025095e-35 -0.072363134473562227 24.500000000000004 0.52264058589935314 17.80491924285889 290.94471740722662 1 -0.2507390677928924 1.5796781778335574 329.60575866699224 32.741569519042976 300.29974365234381 32.248264312744148 0.13620546460151675 0.15778549015522006
decision_type=8 10 2 10 9 2 10 10 8 10 2 10 10 10 10 10 8 8 10 2 2 9 8 10 2 2 2 2 10 8
left_child=1 5 3 -3 13 -1 -7 11 9 -2 -10 -8 -13 14 -4 16 17 18 -5 20 -18 -6 -21 24 27 -9 -20 -24 -29 -30
right_child=8 2 4 15 21 6 7 25 10 -11 -12 12 -14 -15 -16 -17 19 -19 26 22 -22 -23 23 -25 -26 -27 -28 28 29 -31
leaf_value=-0.014612322888358793 0.04169479760543468 0.015816587421099145 -0.0070298704453167684 0.014255482451445013 -0.028815662577779916 0.056160571994708253 0.044739977315697212 -0.016126697068717999 0.02620107079532856 0.003155545226217288 0.064742608667378035 -0.008625792791458772 0.032835794019908139 0.047318171424103689 0.027558596948147964 -0.024587851501549587 -0.018549534213461893 0.02665064436377788 -0.0066543218080542567 0.005757732495236683 0.026584090440009322 0.0025196293123627631 -0.029333910530018985 0.0069267940346373919 0.0039962147777266024 0.0082455450874760836 -0.024693253022781542 -0.02189386516395847 -0.01941518555162473 0.003428484398344196
leaf_weight=5.9197704046964637 9.6675440371036547 9.919938810169695 7.2239721789956155 5.7595863714814213 8.7193490266799909 9.4425802826881391 8.4553910419344884 5.3705877363681775 8.2272600829601306 10.275084763765333 11.568849608302115 6.6051577627658862 6.2895993739366531 5.8725801259279242 10.384231038391588 46.779852159321308 4.8322272822260839 5.8483547493815413 11.948519058525564 6.4522330835461617 4.9170481711626053 6.7581593990325919 24.876596726477146 5.4002854377031317 4.5895835235714904 6.3538298159837723 11.731593787670134 51.541861668229103 7.3789276704192162 9.4088452085852641
leaf_count=39 47 68 53 48 70 46 50 40 40 51 52 43 39 35 70 455 44 47 106 55 43 53 244 41 42 40 108 477 69 88
internal_value=-0.00030916 -0.00547344 -0.0106662 -0.0141322 0.00802327 0.0210377 0.0262231 0.0162788 0.0377003 0.022937 0.0507549 0.026702 0.0125054 0.0168534 0.0137531 -0.0156776 -0.0128424 -0.003353 -0.0099931 -0.0155959 0.00456907 -0.00983936 -0.0174139 -0.018904 -0.0203861 -0.00330862 -0.0162296 -0.0216164 -0.0184241 -0.00713928
internal_weight=338.519 298.781 250.344 211.385 38.9583 48.4369 42.5171 33.0746 39.7387 19.9426 19.7961 21.3501 12.8948 23.4808 17.6082 201.466 154.686 35.2881 29.4397 119.398 9.74928 15.4775 109.648 103.196 97.7958 11.7244 23.6801 93.2062 68.3296 16.7878
internal_count=2703 2513 2216 1935 281 297 258 212 190 98 92 132 82 158 123 1867 1412 309 262 1103 87 123 1016 961 920 80 214 878 634 157
cat_boundaries=0 1 2
cat_threshold=17 1
is_linear=0
shrinkage=0.03


Tree=18
num_leaves=31
num_cat=1
split_feature=3 1 7 3 1 3 10 2 8 1 5 7 1 7 7 10 11 2 5 8 8 7 7 8 5 2 0 10 5 5
split_gain=67.0587 50.5208 36.0123 26.9835 23.7374 20.688 12.2347 12.0947 10.4348 7.72237 5.84553 5.07122 5.04033 6.4318 4.58953 4.07926 3.75947 3.50046 3.06033 2.47081 3.64422 2.30699 7.2453 4.9582 4.45658 2.43861 7.17054 1.23929 0.986055 0.679354
threshold=1.8158945441246035 0.0077926099766045817 52.976987838745124 0.34004919230937963 0.047635944560170181 0.26186887919902807 0.052356872707605369 15.500000000000002 -16.999999999999996 -0.0037613816093653436 287.61378479003912 55.611980438232429 0.015092996880412103 54.053998947143562 33.270486831665046 -0.031007526442408558 0 38.500000000000007 215.09323883056643 1.0000000180025095e-35 -1.4999999999999998 35.665649414062507 38.606920242309577 -1.4999999999999998 320.19721984863287 7.5000000000000009 6.5000000000000009 -0.26621013879775995 330.06645202636724 303.25068664550787
decision_type=8 2 2 10 2 10 10 8 8 2 2 2 2 2 2 8 9 8 2 8 10 2 2 8 2 10 8 10 2 2
left_child=1 5 3 6 10 14 -3 18 -7 -2 15 12 13 -4 -1 -5 -16 21 -6 20 -17 25 24 -24 -23 26 -10 -27 29 -25
right_child=9 2 11 4 7 8 -8 -9 17 -11 -12 -13 -14 -15 16 19 -18 -19 -20 -21 -22 22 23 28 -26 27 -28 -29 -30 -31
leaf_value=-0.0063000901467383432 0.013551752873395849 0.0051368797547829657 0.03389057453214811 -0.029057089822752003 -0.012783612916325199 0.022000385621775073 0.059638430429550734 0.051325414094183459 -0.027606392405085896 0.044473580276896726 -0.02911978691514322 0.05920767017472061 0.045780818483910524 -0.0070086984858918847 0.030869479355918477 -0.010001391344407346 0.0033312903413136421 0.0057335931288564537 0.014188999549213618 -0.015281327937879403 0.021274876613529056 0.025910740779363912 0.007721904618469483 -0.018626192147162362 -0.010794204093522877 -0.0085096029658267829 0.013541395841896727 -0.028937863170698408 -0.007469246632638136 -0.027762474879697057
leaf_weight=10.095766402781011 11.103753253817557 6.7182312756776792 6.2697185277938896 4.8428820744156837 5.6791531965136546 4.7521957978606224 7.874846987426281 6.0999295338988295 9.1195783540606463 29.016150817275047 23.816639974713326 8.5096951201558095 8.5099516287446004 6.0607284381985664 8.9883408546447754 5.2503519132733389 8.552583634853363 4.2541780322790137 7.7904466465115547 5.3677776902914109 6.4926579892635283 4.5402870848774892 4.8042553514242172 25.999588884413242 5.5723866000771523 3.891304947435855 5.34135526418686 52.077259309589863 4.7721468061208716 27.987896025180817
leaf_count=71 63 41 42 40 42 33 47 37 90 127 228 43 43 39 52 45 52 34 50 46 52 41 44 240 52 39 48 558 45 268
internal_value=0.000593696 -0.00447493 0.0115624 0.000986409 -0.00737259 -0.0141816 0.036486 0.0196286 -0.0184784 0.0364532 -0.01909 0.039384 0.0289492 0.0147698 0.0094373 -0.00741459 0.0183463 -0.0199136 0.00271908 -2.29112e-05 0.00760363 -0.020705 -0.016516 -0.0202275 0.00653391 -0.0247945 -0.012515 -0.0276919 -0.0226037 -0.0237813
internal_weight=330.152 290.032 109.283 79.9329 65.3398 180.749 14.5931 19.5695 153.112 40.1199 45.7703 29.3501 20.8404 12.3304 27.6367 21.9537 17.5409 148.36 13.4696 17.1108 11.743 144.106 73.6766 63.5639 10.1127 70.4295 14.4609 55.9686 58.7596 53.9875
internal_count=2652 2462 795 628 540 1667 88 129 1492 190 411 167 124 81 175 183 104 1459 92 143 97 1425 690 597 93 735 138 597 553 508
cat_boundaries=0 1
cat_threshold=4
is_linear=0
shrinkage=0.03


Tree=19
num_leaves=31
num_cat=0
split_feature=3 1 7 7 3 1 6 1 3 6 3 3 7 7 7 0 2 2 0 10 0 2 6 6 10 0 2 6 6 3
split_gain=68.4296 42.3446 33.4882 27.6493 22.2508 19.2926 26.6289 11.4745 8.92037 6.14645 7.75603 4.01519 2.87355 2.75306 4.02279 4.80989 5.02111 2.80793 4.61085 2.74624 4.93017 4.14075 2.53577 4.50574 2.37992 1.5787 1.16432 2.37735 2.05329 1.16164
threshold=1.8158945441246035 0.004649306647479535 52.976987838745124 18.338701248168949 0.27925312519073492 0.047635944560170181 287.99372863769537 0.011901889927685263 0.32958720624446874 280.32257080078131 2.4145036935806279 0.60247236490249645 54.321058273315437 32.635873794555671 50.189250946044929 6.5000000000000009 19.500000000000004 7.5000000000000009 6.5000000000000009 0.2233407720923424 7.5000000000000009 24.500000000000004 299.78855895996099 320.86074829101568 0.046541627496480949 8.5000000000000018 6.5000000000000009 307.20213317871099 290.94471740722662 0.53027412295341503
decision_type=8 2 2 2 10 2 2 2 10 2 8 10 2 2 2 8 10 10 10 10 10 10 2 2 10 10 10 2 2 10
left_child=1 4 3 -3 22 8 -7 11 -5 -2 -11 -4 -13 17 15 -15 29 18 -6 21 -21 -10 -1 -24 -9 -19 -16 28 -28 -17
right_child=9 2 7 5 13 6 -8 24 19 10 -12 12 -14 14 26 16 -18 25 -20 20 -22 -23 23 -25 -26 -27 27 -29 -30 -31
leaf_value=-0.0026758839511470123 0.01143045020761016 0.043661367310584981 0.02893159721804615 0.012235884894267612 -0.023700962348934897 -0.023079638802030098 0.042585696731965481 0.05790647093736883 -0.02818391222684893 0.023798637418421319 0.055715931145352442 -0.011218631728103938 0.01611328399371334 0.010265477403658005 -0.031368864461104679 -0.0045204859263523684 0.013329794891294372 -0.014779395948552888 0.011971077332240985 0.0083128411758679049 -0.022594726073357854 0.00083295275506985612 0.030183956242026959 -0.00091778126916206503 0.030532215070041363 -0.031743180622401806 -0.02000533800440114 -0.027209530509854842 0.0028628649436139844 -0.023096559153274476
leaf_weight=8.7873530089855212 8.3550596237182599 9.4935255050659162 7.0811859294772175 8.1154216155409795 8.2934666574001294 8.5165455937385577 12.711894817650316 9.5277367010712641 34.316736005246639 15.075549781322477 17.172959268093109 6.5493087470531446 5.4028221741318703 8.4744662567973119 12.064757220447062 4.2375351339578691 4.159166768193244 8.7437528371810895 4.261830322444438 7.4805361405015018 9.7110539227724058 4.9957335367798796 8.7772763669490832 7.2383031845092765 10.570298880338667 37.753304727375507 5.6287501305341738 11.741981409490107 7.1065422222018242 18.866531014442444
leaf_count=60 40 55 43 51 84 62 75 51 323 73 76 50 39 76 118 42 41 92 38 66 92 42 55 44 55 418 53 104 62 190
internal_value=0.000110806 -0.00502463 0.00728761 -0.00236551 -0.0156076 -0.00789953 0.0163886 0.0302798 -0.0160067 0.0361034 0.0419598 0.012593 0.00142661 -0.020508 -0.0161358 -0.00861497 -0.0146393 -0.0255017 -0.0116024 -0.0202053 -0.00942831 -0.0245673 0.0101293 0.0168996 0.0456389 -0.0289315 -0.0230657 -0.0179025 -0.00796506 -0.0200184
internal_weight=331.211 290.608 134.473 95.3414 156.135 85.8479 21.2284 39.1314 64.6195 40.6036 32.2485 19.0333 11.9521 131.332 72.2797 35.7377 27.2632 59.0524 12.5553 56.5041 17.1916 39.3125 24.8029 16.0156 20.098 46.4971 36.542 24.4773 12.7353 23.1041
internal_count=2670 2481 1004 766 1477 711 137 238 574 189 149 132 89 1318 686 349 273 632 122 523 158 365 159 99 106 510 337 219 115 232
is_linear=0
shrinkage=0.03


Tree=20
num_leaves=31
num_cat=1
split_feature=3 3 1 7 7 8 1 6 7 8 1 8 5 7 11 10 10 7 8 7 3 6 10 6 10 6 6 7 8 10
split_gain=60.99 39.5697 38.0005 24.597 17.238 11.2783 11.2782 23.8597 12.7164 10.8208 9.19672 5.74234 5.31772 4.26032 5.04063 4.2401 4.73649 4.04485 4.7652 3.79038 2.79879 4.0191 6.85751 3.59845 1.96905 1.61363 1.19098 1.13996 2.98442 1.03818
threshold=1.8158945441246035 0.29060757160186773 0.0078605599701404589 54.451551437377937 18.338701248168949 1.0000000180025095e-35 0.047635944560170181 288.44561767578131 48.830354690551765 -1.0000000180025095e-35 -0.0083915349096059782 -16.999999999999996 231.29714202880862 33.270486831665046 0 0.21021888405084613 0.055875398218631751 35.665649414062507 -2.4999999999999996 36.665016174316413 0.49877439439296728 307.00340270996099 -0.027567031793296334 315.39321899414068 0.10518581420183183 314.19400024414068 303.14314270019537 53.265357971191413 -1.0000000180025095e-35 -0.014709395356476305
decision_type=8 10 2 2 2 10 2 2 2 10 2 8 2 2 9 10 8 2 8 2 10 2 8 2 10 2 2 2 10 10
left_child=1 9 11 4 -4 6 8 -8 24 -1 -2 -3 -11 -14 -15 16 -10 25 -19 -20 23 22 -22 -21 -6 29 -26 28 -12 -13
right_child=10 2 3 -5 5 -7 7 -9 15 12 27 17 13 14 -16 -17 -18 18 19 20 21 -23 -24 -25 26 -27 -28 -29 -30 -31
leaf_value=0.042383723196910347 0.0056606339865131368 0.012055059110583848 0.047035515254134047 0.04414576964850879 -0.026783889687316195 -0.029882298767705248 -0.021806348154786544 0.051377001186461206 0.014762162296799015 -0.010980290106761756 0.047220268294938826 -0.020280190400139411 -0.0041281488240275483 0.034177467825654298 0.0045755845866135266 0.028011713298708787 -0.017906752886192971 0.012364795568464588 0.0079642543727841374 -0.017555116223531023 0.011952909222279038 -0.030242335444931785 -0.020625512228386437 0.014299161509767407 -0.017820212106507288 -0.01092127496575215 0.0019937422302448576 0.053565020876187044 0.022799066493061005 -0.030837148578751607
leaf_weight=13.320829801261423 8.6023212224245054 4.7073662951588631 5.3822146058082572 12.077719733119009 15.635924331843855 11.867468677461146 5.9384356364607802 9.0263477787375432 8.2205645516514778 7.1701131686568251 10.093054637312887 24.284417368471622 6.48444985598326 12.87680446356535 8.8161875605583191 6.971984088420867 6.047881245613099 4.8356105759739876 4.7672755792736998 6.4509984999895078 6.8520395830273628 24.070320032536983 23.9974799156189 4.6318141967058182 4.6875713318586332 8.4087813943624479 4.9035605639219284 9.1874891519546491 14.203381329774858 34.479615300893784
leaf_count=77 49 33 32 61 148 106 46 52 56 48 43 265 44 72 52 52 49 42 43 61 62 236 236 42 43 89 46 40 62 376
internal_value=0.000842464 -0.00414178 -0.00918733 0.00604721 -0.000281565 -0.00434223 0.000991205 0.022789 -0.00636096 0.0202453 0.0341289 -0.0185399 0.0109658 0.0167353 0.0228788 0.0104863 0.000649104 -0.0196255 -0.0145172 -0.0165007 -0.0183603 -0.0211001 -0.0132414 -0.0041607 -0.0204048 -0.0250777 -0.00845835 0.0410665 0.0344096 -0.0268868
internal_weight=329 286.914 238.245 90.7597 78.682 73.2997 61.4323 14.9648 46.4675 48.6684 42.0862 147.486 35.3476 28.1774 21.693 21.2404 14.2684 142.778 75.6055 70.7699 66.0027 54.9198 30.8495 11.0828 25.2271 67.1728 9.59113 33.4839 24.2964 58.764
internal_count=2663 2469 2176 691 630 598 492 98 394 293 194 1485 216 168 124 157 105 1452 722 680 637 534 298 103 237 730 89 145 105 641
cat_boundaries=0 1
cat_threshold=4
is_linear=0
shrinkage=0.03


Tree=21
num_leaves=31
num_cat=1
split_feature=3 1 3 6 8 8 15 8 8 0 6 7 6 1 9 3 7 6 8 0 6 3 7 9 1 6 0 1 7 3
split_gain=61.9322 47.4803 30.7077 21.9884 23.0464 18.9889 9.83599 12.0649 9.4031 6.68791 5.4711 5.21979 4.9825 4.74421 4.56716 4.14042 3.96392 7.99405 3.66009 3.06492 6.43407 4.72098 5.58157 2.40916 2.39021 2.36821 2.09306 1.74307 4.32109 0.820017
threshold=2.4145036935806279 0.016444201581180099 0.29060757160186773 280.08888244628912 1.0000000180025095e-35 -1.4999999999999998 0 -3.4999999999999996 -1.4999999999999998 11.500000000000002 311.68251037597662 35.665649414062507 291.97767639160162 0.029863170348107818 -0.29463022947311396 0.16628846526145938 17.80491924285889 294.04571533203131 -4.4999999999999991 18.500000000000004 297.26541137695318 0.49877439439296728 48.209159851074226 0.1122194603085518 0.0010961646912619474 317.70666503906256 14.500000000000002 -0.0060865930281579486 49.101280212402351 1.4151754975318911
decision_type=8 2 10 2 10 8 9 8 10 10 2 2 2 2 8 10 2 2 8 8 2 10 2 8 2 2 10 2 2 10
left_child=1 2 8 -3 5 13 7 -4 -1 24 23 16 -2 -5 -13 26 17 -8 -16 21 -21 22 -20 -7 -9 -18 -10 28 -23 -29
right_child=12 3 6 4 -6 10 11 9 15 -11 -12 14 -14 -15 18 -17 25 -19 19 20 -22 27 -24 -25 -26 -27 -28 29 -30 -31
leaf_value=0.039535070243280818 0.027147210027892242 -0.019112948403579078 0.035053759444251063 -0.017459660851823159 -0.021538104654787289 0.039797455945812847 -0.026887789351078599 -0.0051499767713381155 0.021253736455740694 -0.020123600679424248 0.021737585713977398 0.0082054552618999466 0.058939814642227001 0.017204543420582603 0.0059719123560809783 -0.0082542937144803822 -0.029891907506924068 0.017842704283583311 -0.021829568437276421 0.020393569558818308 -0.018127015035707558 0.009910467928973014 0.021557688693947596 0.06709503580397258 0.020557551196627163 -0.0084610037121173078 0.00058651283290601334 -0.027769565442847557 -0.025796718812287088 -0.011284859395044236
leaf_weight=8.633529953658579 11.419209346175196 10.999463886022566 6.8080979287624359 5.5264853388071042 7.2176611796021453 15.686268299818044 7.6807862520217878 5.2828723639249819 11.383549019694334 14.679997637867926 9.2969193235039693 7.2789193242788315 12.136409282684324 6.8091163411736488 6.0628420561552048 11.726644366979597 54.865511834621429 5.2437592223286629 4.2415648326277715 5.037824995815753 10.156600721180437 4.5537996068596822 4.436316967010498 9.4859396442770905 6.3055412471294403 6.1138853952288619 6.9397815838456145 38.786621876060963 6.225002110004425 4.9625676497817031
leaf_count=51 52 80 44 46 55 91 79 49 63 118 57 59 52 46 44 79 595 47 41 45 93 45 41 50 43 61 44 391 58 37
internal_value=-0.000566509 -0.00427332 -0.0104954 0.0182594 0.0260778 0.0337175 -0.0152503 0.00172411 0.0137001 -0.00725054 0.0448688 -0.0176728 0.0452607 0.00152989 -0.0136907 0.00524329 -0.0247266 -0.00876162 -0.0156516 -0.0173779 -0.00488459 -0.0202584 0.000286564 0.0522549 0.00935999 -0.0279144 0.0138617 -0.0234744 -0.0111506 -0.0261936
internal_weight=325.983 302.428 237.406 65.0219 54.0224 46.8047 198.723 33.0765 38.6835 26.2684 34.4691 165.646 23.5556 12.3356 91.7421 30.05 73.9039 12.9245 84.4631 78.4003 15.1944 63.2059 8.67788 25.1722 11.5884 60.9794 18.3233 54.528 10.7788 43.7492
internal_count=2656 2552 2127 425 345 290 1890 254 237 210 198 1636 104 92 854 186 782 126 795 751 138 613 82 141 92 656 107 531 103 428
cat_boundaries=0 1
cat_threshold=1042
is_linear=0
shrinkage=0.03


Tree=22
num_leaves=31
num_cat=1
split_feature=3 1 7 7 3 1 6 1 2 3 11 2 6 7 7 3 7 2 6 0 1 0 0 6 1 10 10 0 10 0
split_gain=54.7871 37.3279 35.2596 32.5731 20.4047 14.961 14.9465 14.8991 10.3133 8.97263 8.49145 6.22714 5.94669 4.6563 6.19428 4.13969 8.611 4.13963 3.14221 3.07224 2.1984 1.9422 1.78768 1.57825 1.37224 1.29108 1.95572 1.20087 2.57615 1.95297
threshold=2.4145036935806279 0.0048211875837296256 53.420833587646491 18.338701248168949 0.27925312519073492 0.090036813169717803 289.39974975585943 0.012417792808264496 35.500000000000007 1.7110821008682253 0 43.500000000000007 291.97767639160162 35.665649414062507 50.189250946044929 0.65006470680236828 32.798503875732429 7.5000000000000009 311.68251037597662 9.5000000000000018 -0.0013311993097886441 14.500000000000002 23.500000000000004 318.58848571777349 0.002485110424458981 0.02612062077969313 -0.027567031793296334 7.5000000000000009 0.2233407720923424 15.500000000000002
decision_type=8 2 2 2 10 2 2 2 10 10 9 8 2 2 2 10 2 8 2 10 2 10 8 2 2 10 10 10 10 10
left_child=1 4 3 -3 18 8 -7 10 9 15 -4 13 -2 25 20 16 -5 -18 19 -1 21 -15 -17 24 -22 26 -6 -16 29 -29
right_child=12 2 7 5 11 6 -8 -9 -10 -11 -12 -13 -14 14 27 22 17 -19 -20 -21 23 -23 -24 -25 -26 -27 -28 28 -30 -31
leaf_value=0.013525420324537437 0.021859516027097743 0.049176042296134599 -0.010309160046515341 -0.025637679785675709 -0.023313152133832178 -0.017257416023727656 0.041555423856077682 0.050052692667222787 0.02720137977105545 0.018210513725143599 0.030859472368993709 0.01482819263461051 0.053236447284779678 0.011401856446532568 -0.028232987861160123 -0.025784804735466311 0.026903277398076551 -0.0057371340252940391 0.020477317882965911 -0.014425643751961823 -0.012262990727495178 -0.010590267580311558 -0.0037900246258683349 -0.023419283971444542 0.0075619633938743009 -0.029750565837836047 -0.0050959910115904927 -0.0071855193363977036 0.0041449944312553014 -0.027356040480968662
leaf_weight=6.1880868226289767 11.885454401373865 9.3092821538448316 8.2046499103307724 11.471113272011282 25.617042198777199 5.5574438720941535 9.2237482219934446 19.369851693511009 4.6525918841361991 5.8467326387763014 8.0895277559757233 4.3510683551430693 14.504957079887388 10.817439548671247 15.008166261017321 38.883467748761177 5.3059585615992519 7.2210677787661561 13.273270361125467 5.9722008258104324 6.0184955000877363 4.302906557917594 4.0407928004860869 4.7894748076796523 4.7891068905591965 32.178312554955482 7.4511198773980132 7.7925987616181436 4.4271786585450164 12.209736309945582
leaf_count=39 54 50 57 90 283 41 48 90 30 29 49 31 62 100 148 376 42 62 78 42 61 43 37 48 46 363 77 67 37 114
internal_value=-0.000215526 -0.0038837 0.00765351 -0.00144021 -0.013453 -0.00702348 0.0197506 0.0328707 -0.0123218 -0.0151832 0.0107323 -0.0179366 0.0404192 -0.0190905 -0.0133975 -0.0183259 -0.00789038 0.00905488 0.0109301 -0.000255054 -0.0031306 0.00487468 -0.0238477 -0.0107173 -0.00358165 -0.0249171 -0.0194784 -0.0211191 -0.0158104 -0.0202142
internal_weight=328.753 302.362 137.176 101.512 165.186 92.2029 14.7812 35.664 77.4217 72.7691 16.2942 139.753 26.3904 135.402 70.1551 66.9224 23.9981 12.527 25.4336 12.1603 30.7174 15.1203 42.9243 15.5971 10.8076 65.2465 33.0682 39.4377 24.4295 20.0023
internal_count=2694 2578 1001 805 1577 755 89 196 666 636 106 1418 116 1387 664 607 194 104 159 81 298 143 413 155 107 723 360 366 218 181
cat_boundaries=0 1
cat_threshold=1
is_linear=0
shrinkage=0.03


Tree=23
num_leaves=31
num_cat=1
split_feature=3 1 8 7 15 3 7 1 1 1 10 3 10 7 0 3 10 1 10 3 3 6 3 7 7 10 0 8 7 7
split_gain=60.5243 38.6507 22.3384 21.4542 20.1258 18.7085 17.2082 16.6806 9.90868 6.43734 5.35803 4.78042 3.31253 3.08848 6.2564 2.86379 2.45421 2.99943 3.02099 2.40342 2.32499 3.19529 2.63825 1.86552 4.57128 4.45465 2.09619 1.68278 1.16367 0.944805
threshold=1.8158945441246035 0.0028404667973518376 -19.499999999999996 52.976987838745124 0 0.29060757160186773 18.338701248168949 0.096224866807460799 0.010496200062334539 -0.0034629410365596409 0.046541627496480949 1.5656543970108034 0.032480256631970413 41.636472702026374 9.5000000000000018 0.29060757160186773 -0.18301600217819211 0.0049758991226553926 0.39833599328994757 0.76273027062416088 0.56902033090591442 293.51486206054693 0.49132010340690618 32.495632171630866 41.636472702026374 -0.065318379551172243 8.5000000000000018 5.5000000000000009 48.209159851074226 49.101280212402351
decision_type=8 2 10 2 9 10 2 2 2 2 10 10 10 2 8 10 8 2 10 8 10 2 10 2 2 10 10 8 2 2
left_child=1 5 -3 6 10 13 -4 11 -6 -2 -5 15 -11 14 -1 -8 -17 19 29 -18 21 -7 28 27 25 -25 -27 -22 -23 -19
right_child=9 2 3 4 8 20 7 -9 -10 12 -12 -13 -14 -15 -16 16 17 18 -20 -21 23 22 -24 24 -26 26 -28 -29 -30 -31
leaf_value=0.037138165908321107 0.013070608018351854 0.049993387880798448 0.036975233635009291 0.0022868045214854815 0.018462054733160586 -0.027040397330476001 -0.0010888691880453617 0.022152031798867357 0.059171008134900865 0.023524494777059972 -0.029447668903183566 0.011803919297552378 0.049583289666844194 -0.0045108913175618817 -0.0022970365989687584 0.002070050217358219 -0.0170674142783677 -0.027809652343052292 0.0013422855955946287 0.010887112643907633 -0.030635206653548155 -0.018665854706665531 0.008613670243558965 0.016151931294764797 -0.02550570977736653 0.001141554066914086 -0.025039788767446825 -0.0069713245820988276 -0.00012812843098459255 -0.014493999486649815
leaf_weight=6.2589444294571885 10.440440773963926 8.7879618257284147 7.1998318433761588 11.092678330838682 10.230070516467096 8.7911878973245638 10.403572924435137 12.793529041111467 14.352510020136831 9.4604314416646975 7.2533042728900901 5.422721952199935 19.434722229838371 8.8795368522405607 7.0059399753808984 4.7715838700532913 4.6787457764148686 33.528618857264519 4.1302297264337531 4.4611617922782907 35.557156503200531 9.2064279615879077 6.8311792537569991 5.0675325319170961 28.002682156860828 4.1964235976338351 6.5579062774777412 3.6625768393278113 4.3648465722799292 9.9080466479063016
leaf_count=38 57 52 40 75 67 96 63 77 66 40 49 43 81 53 50 40 50 334 37 46 416 96 68 51 282 39 73 41 39 96
internal_value=0.00053856 -0.0043407 0.00616527 0.00308403 0.0204962 -0.0159501 -0.00472868 -0.00843058 0.0313567 0.0349277 -0.00733957 -0.0137101 0.0421238 0.00892779 0.0176093 -0.0157704 -0.0181977 -0.0199094 -0.0228848 -0.00369483 -0.020894 -0.012867 -0.00578176 -0.0235291 -0.0184062 -0.00507161 -0.0155956 -0.0286536 -0.0131216 -0.0251668
internal_weight=322.733 283.397 149.015 140.227 42.9286 134.382 97.298 90.0982 24.5826 39.3356 18.346 77.3047 28.8952 22.1444 13.2649 71.882 61.4784 56.7068 47.5669 9.13991 112.238 29.1936 20.4025 83.0443 43.8245 15.8219 10.7543 39.2197 13.5713 43.4367
internal_count=2655 2477 1135 1083 257 1342 826 786 133 178 124 709 121 141 88 666 603 563 467 96 1201 299 203 902 445 163 112 457 135 430
cat_boundaries=0 1
cat_threshold=34
is_linear=0
shrinkage=0.03


Tree=24
num_leaves=31
num_cat=1
split_feature=3 1 8 15 7 7 1 3 6 3 1 8 0 5 7 3 8 3 8 3 7 6 7 7 3 7 1 7 7 3
split_gain=61.9186 34.1516 23.887 20.4794 29.6157 17.9142 15.8148 14.0286 7.95516 9.6361 6.0993 4.88351 4.5722 3.98045 3.77238 3.68521 3.69422 3.1633 4.72176 2.81248 2.769 2.69619 3.33343 5.10618 2.37542 2.68897 2.16905 0.964309 4.33653 0.371617
threshold=1.8158945441246035 0.0019513407605700197 1.0000000180025095e-35 0 52.113500595092781 24.522839546203617 0.096224866807460799 0.21781230717897418 280.32257080078131 2.4145036935806279 0.012158233672380449 -5.4999999999999991 11.500000000000002 283.54275512695318 49.32011795043946 0.56902033090591442 -8.4999999999999982 0.19509223103523257 -3.4999999999999996 0.59265661239624035 53.334682464599616 293.51486206054693 41.510488510131843 32.016512870788581 1.3160315155982973 49.101280212402351 0.0068218964152038106 35.665649414062507 37.779705047607429 0.54136988520622265
decision_type=8 2 10 9 2 2 2 10 2 8 2 10 10 2 2 10 10 10 10 10 2 2 2 2 10 2 2 2 2 10
left_child=1 7 3 4 5 -3 17 13 -2 -10 12 -7 -6 -1 -13 21 -17 -5 -19 -4 24 -9 23 -23 25 26 -20 -18 -29 -28
right_child=8 2 19 6 10 11 -8 15 9 -11 -12 14 -14 -15 -16 16 27 18 20 -21 -22 22 -24 -25 -26 -27 29 28 -30 -31
leaf_value=-0.0077585450273995387 0.0072950384280322548 0.04437168013011885 -0.0055204741754736409 0.007782813961434547 0.048696635921065302 0.011688070200756892 0.031291046651841938 -0.023973398907864301 0.020308998841995978 0.053208827139814639 0.062616639400009846 -0.024977227150592186 0.014127683906335866 0.021424898632727257 0.0043636845050111584 0.0020471703233668004 -0.028236154633545656 0.0070962502859335313 -0.0023046662849678635 -0.028947941719283107 -0.029869172951136013 0.0062546613006280371 0.0093252798086227145 -0.027597125155247221 0.0059234158627589888 0.00035292827973200738 -0.014317733130847849 0.007883502931411334 -0.023474840771183308 -0.030364681249416277
leaf_weight=6.341768115758895 9.4061653017997724 6.6819197982549694 7.0528921484947231 8.536622226238249 6.212291561067107 7.2537839114666012 9.6160333901643735 8.6908316686749441 16.382864758372307 19.412956163287163 12.501285776495932 12.046428158879282 8.912731319665907 9.4735089763998968 5.273031309247016 4.7776889950036994 42.918951630592346 9.6254408285021764 4.7826472967863145 16.226518906652927 8.8501425907015783 6.5404331386089352 8.6058336645364744 8.243108391761778 5.6532065346837035 7.7625081464648238 4.9928696304559699 4.0834893211722365 28.82885130494833 9.1087900474667531
leaf_count=41 44 35 56 47 36 56 56 94 77 82 54 115 59 54 49 40 514 75 48 158 66 66 75 78 47 73 42 38 302 96
internal_value=0.000613337 -0.00468745 0.00497333 0.0100887 0.0211144 0.00430444 -0.00220179 -0.0159968 0.0327928 0.0391125 0.0466935 -0.00789963 0.0304656 0.00995716 -0.0162936 -0.0196949 -0.0231399 -0.00842569 -0.0112484 -0.0223699 -0.015606 -0.0106005 -0.00485225 -0.0131732 -0.0109183 -0.0145763 -0.0204222 -0.0247328 -0.0194664 -0.0260074
internal_weight=324.796 279.594 151.089 127.81 58.8815 31.2552 68.9283 128.504 45.202 35.7958 27.6263 24.5732 15.125 15.8153 17.3195 112.689 80.609 59.3122 50.7756 23.2794 41.1502 32.0802 23.3894 14.7835 32.3 26.6468 18.8843 75.8313 32.9123 14.1017
internal_count=2673 2470 1168 954 404 255 550 1302 203 159 149 220 95 95 164 1207 894 494 447 214 372 313 219 144 306 259 186 854 340 138
cat_boundaries=0 1
cat_threshold=1809
is_linear=0
shrinkage=0.03


Tree=25
num_leaves=31
num_cat=0
split_feature=3 1 7 7 3 1 1 6 2 1 5 6 3 2 10 6 9 8 7 7 2 1 9 9 9 10 8 1 10 3
split_gain=47.9447 40.0775 30.3188 26.4923 18.1321 11.7091 11.0422 16.4192 11.6344 5.43533 4.9941 4.82398 7.83977 3.47234 7.49244 4.25695 3.658 3.17868 2.88463 3.69915 3.16788 2.92455 2.86686 4.13204 2.84578 2.02989 1.96461 1.84991 1.86335 1.76766
threshold=1.9054024219512942 0.0048211875837296256 53.420833587646491 18.338701248168949 0.26967126131057745 0.014561230782419445 0.090036813169717803 288.44561767578131 35.500000000000007 -0.01450296677649021 312.57421875000006 282.06729125976568 2.4145036935806279 5.5000000000000009 0.19530879706144336 303.45353698730474 0.14661013334989551 -8.4999999999999982 35.665649414062507 36.665016174316413 5.5000000000000009 -0.010663954075425862 -0.27699369192123408 0.089925631880760207 0.23522826284170154 0.12639477849006656 6.5000000000000009 -0.00040439529402647162 0.15778549015522006 0.26967126131057745
decision_type=8 2 2 2 10 2 2 2 10 2 2 2 8 8 10 2 10 8 2 2 10 2 8 10 8 10 8 2 10 10
left_child=1 4 3 -3 9 10 8 -8 13 -1 -4 -2 -13 14 15 -5 29 -6 26 -20 -21 -22 -23 27 -18 -25 -19 28 -24 -15
right_child=11 2 5 6 17 -7 7 -9 -10 -11 -12 12 -14 16 -16 -17 24 18 19 20 21 22 23 25 -26 -27 -28 -29 -30 -31
leaf_value=-0.0093207183617527011 0.0099073659032195109 0.042220142446842267 0.026214944313838529 -0.030345545974592245 0.004017940171951207 0.050847314840475624 -0.022046866503044903 0.039204542205551411 0.029337029660481042 0.019155114366456304 -0.0020246100900352167 0.014731746101682586 0.048319849278000843 -0.0049155361424369701 0.025472450874396285 0.0062546689464440391 0.014524157158138991 -0.02760718702042338 0.0082666500164271933 -0.031205545660217743 -0.02979139170374585 0.011452691485792164 -0.018676302677602265 0.014971709561821559 -0.015167991482346002 -0.010360505663285552 -0.0055030438734036116 -0.028300794926907517 0.0045994797684219537 -0.023980528502581144
leaf_weight=9.0927884876728076 8.8711395263671857 10.050468049943445 13.761671207845213 6.1638467758893949 4.4183499962091446 13.885150060057638 5.6071969866752616 9.156774163246153 4.8818310201168051 14.505312256515024 8.8991823866963369 11.061273708939554 18.130701705813408 5.566251575946807 4.9187010973691931 4.2761754468083382 4.4703330099582654 53.600520454347134 4.6535892859101287 12.552369736135004 7.5455796569585791 4.2894950211048126 7.03603845089674 5.1798250973224622 5.2039493396878242 4.3400781080126762 4.4820563048124304 10.664560876786712 4.499088391661644 39.842661380767822
leaf_count=63 41 52 84 53 36 59 40 47 30 83 55 52 76 35 40 41 39 640 41 132 78 38 69 49 46 47 50 113 43 385
internal_value=-0.000450675 -0.00472779 0.00693947 -0.00166455 -0.0155602 0.0299314 -0.00697022 0.016019 -0.0116271 0.00824999 0.0155081 0.0307163 0.0365023 -0.014837 -0.00205556 -0.016118 -0.0183006 -0.0201483 -0.0210727 -0.0159954 -0.0181173 -0.0137296 -0.00964983 -0.0127664 -0.00137241 0.00353583 -0.0260235 -0.0196083 -0.00995527 -0.0217998
internal_weight=321.607 283.544 136.684 100.138 146.86 36.546 90.0877 14.764 75.3237 23.5981 22.6609 38.0631 29.192 70.4419 15.3587 10.44 55.0832 123.262 118.843 60.7606 56.107 43.5547 36.0091 31.7196 9.67428 9.5199 58.0826 22.1997 11.5351 45.4089
internal_count=2657 2488 1006 808 1482 198 756 87 669 146 139 169 128 639 134 94 505 1336 1300 610 569 437 359 321 85 96 690 225 112 420
is_linear=0
shrinkage=0.03


Tree=26
num_leaves=31
num_cat=0
split_feature=3 1 3 7 7 1 0 5 3 2 2 9 1 9 8 0 3 7 7 9 7 3 3 2 4 2 3 6 5 5
split_gain=46.6532 34.2795 20.6117 19.2981 20.1017 12.2547 10.2491 8.52967 7.81976 7.55075 5.95388 4.53989 4.38715 4.12214 3.875 3.86415 3.70047 2.82754 9.29693 2.622 4.7664 2.51857 3.14062 2.07849 4.27324 1.92092 4.89672 1.81941 3.46665 1.67484
threshold=1.9054024219512942 0.0048211875837296256 0.29060757160186773 52.976987838745124 18.338701248168949 0.096224866807460799 22.500000000000004 274.82800292968756 1.6492192745208742 24.500000000000004 41.500000000000007 -0.0014256411814130841 0.0057548873592168101 -0.13149033486843106 -8.4999999999999982 11.500000000000002 0.21781230717897418 36.431882858276374 38.606920242309577 0.14661013334989551 49.101280212402351 0.51725995540618908 0.45191758871078497 7.5000000000000009 0.99999997019767772 7.5000000000000009 0.8449247181415559 291.31422424316412 238.50086212158206 311.01068115234381
decision_type=8 2 10 2 2 2 10 2 10 10 8 8 2 10 8 10 10 2 2 10 2 10 8 8 8 10 10 2 2 2
left_child=1 2 11 4 -3 8 13 12 9 16 14 -1 -2 -5 -4 -13 -6 25 -19 23 -21 22 -20 24 -18 26 -16 28 -23 -15
right_child=7 3 10 6 5 -7 -8 -9 -10 -11 -12 15 -14 29 17 -17 19 18 21 20 -22 27 -24 -25 -26 -27 -28 -29 -30 -31
leaf_value=0.02239990853740834 -0.00029402300496872907 0.040011590998910322 0.0057938768136352424 0.014313729404833846 0.0063875283746600954 0.020549582169002586 -0.0068855068751328009 0.045578671278084376 0.02394098285195331 0.011653207324454164 0.015671032268743681 0.011852655231090452 0.027339398450664378 0.047896764020037605 0.0034759200403317162 -0.01837960135640716 -0.02327685932107338 0.018161338159553966 -0.01993807051291854 -0.023869729754436273 0.013452430110998911 -0.022497816482796192 0.0098271994286628101 -0.02747406136267146 0.011141748886304099 -0.028716252503269837 -0.029658015446576851 -0.027220287507796238 0.0099316095483305798 0.026408267498043564
leaf_weight=13.257983706891535 8.3332567065954226 9.1540669202804548 4.8556919246912003 10.998013228178023 5.1127527356147757 13.430242136120794 7.3097364529967299 18.893972292542458 4.7848330512642852 9.0906107276678068 3.8080115169286719 7.5083276033401507 12.534907981753348 11.35821019858122 7.1432913914322835 5.894068643450737 7.9895891174674007 5.9066575542092314 5.6887590885162327 5.0865206941962224 5.3101954683661461 7.3023501113057119 5.2401260510087022 27.120672814548016 4.329529583454133 42.610228665173054 7.6434919610619545 27.331498324871063 3.8951581791043282 11.985548846423624
leaf_count=78 42 46 39 60 30 78 45 82 31 69 30 46 52 58 73 42 85 56 56 48 46 78 51 272 39 538 84 290 41 74
internal_value=0.00125795 -0.00308028 -0.0129693 0.00794009 0.000163289 -0.00469871 0.0246032 0.0312553 -0.00984933 -0.0127033 -0.0181911 0.0106113 0.0167957 0.0313108 -0.0194103 -0.00179581 -0.016869 -0.0205371 -0.0151862 -0.0193336 -0.00529943 -0.0194498 -0.00603895 -0.0228107 -0.0112522 -0.02535 -0.0144452 -0.0230049 -0.0113276 0.0384018
internal_weight=320.908 281.146 148.086 133.061 91.409 82.2549 41.6515 39.7621 68.8247 64.0399 121.425 26.6604 20.8682 34.3418 117.617 13.4024 54.9493 112.762 55.3645 49.8365 10.3967 49.4579 10.9289 39.4398 12.3191 57.397 14.7868 38.529 11.1975 23.3438
internal_count=2659 2483 1502 981 744 698 237 176 620 589 1336 166 94 192 1306 88 520 1267 572 490 94 516 107 396 124 695 157 409 119 132
is_linear=0
shrinkage=0.03


Tree=27
num_leaves=31
num_cat=3
split_feature=1 3 12 15 1 1 7 7 3 3 9 6 11 2 2 10 9 2 3 1 10 7 10 5 5 9 10 10 3 1
split_gain=40.7744 24.19 22.0134 15.5364 16.5053 13.5245 9.84412 18.0552 9.0661 9.56435 8.86238 5.12851 5.00026 4.87986 4.83184 3.70892 3.5722 7.35776 4.67083 4.68826 3.41808 3.39228 2.90668 2.87208 1.78549 2.76575 1.63907 13.6361 1.19515 0.868617
threshold=0.00090630701743066322 1.6858955621719363 0 1 0.096224866807460799 0.0078605599701404589 53.265357971191413 18.396368980407718 0.26967126131057745 1.9054024219512942 -0.22774737328290937 325.71794128417974 2 9.5000000000000018 42.500000000000007 0.19333585351705554 0.10969203338027002 9.5000000000000018 0.29060757160186773 0.027048617601394657 0.071452643722295775 38.472324371337898 -0.071424968540668474 287.97848510742193 322.85104370117193 0.039533829316496856 -0.014709395356476305 -0.0413575991988182 0.55104935169219982 0.016444201581180099
decision_type=2 8 1 9 2 2 2 2 10 10 8 2 9 10 8 8 10 10 10 2 10 2 10 2 2 10 8 10 10 2
left_child=8 2 3 4 16 12 7 -7 23 14 -4 15 -5 -3 24 20 18 -18 -2 -20 22 -22 -12 -1 26 -26 27 28 -10 -9
right_child=1 13 10 5 -6 6 -8 29 9 -11 11 -13 -14 -15 -16 -17 17 -19 19 -21 21 -23 -24 -25 25 -27 -28 -29 -30 -31
leaf_value=-0.0068089749548405527 0.0044373203964488944 0.014225026560347246 0.018938927808142419 -0.014431471994886081 0.03569526585071818 0.051020382933495548 0.049287371247484515 0.00048909183047024865 -0.010391124981326445 0.0069356520435132239 -0.00074090777404598655 0.012304931827008876 0.019608970759885408 0.040367352143757008 0.011402374139248706 -0.032413316484169022 -0.016775800316791614 0.025360973276559166 -0.031216952892762273 0.00017890329999487947 0.01476304753268644 -0.016887661728138333 -0.026679059575031912 0.01637282877657991 -0.02112999360821622 0.0068980170595089813 -0.02653635739988033 0.033060582883592642 -0.026866021224195086 -0.01625928236156125
leaf_weight=8.2121929153800028 7.2057489603757885 11.619094602763655 6.03678909689188 8.0765313282608968 7.5181766003370276 6.8677576333284405 19.168561995029449 4.9447783231735212 6.9025182873010662 12.686113536357878 5.1917690485715893 4.1378794312477103 5.7883398160338393 19.587040014564991 3.5963726863265029 14.812758654356001 7.1308070644736272 5.9038208201527596 15.078593336045744 5.8183349072933188 5.7662158980965597 4.5464131161570549 15.212031356990339 9.3232480809092504 6.1893890723586065 4.9840497002005577 52.709911651909351 3.4947906881570807 22.820978544652462 5.2227111682295799
leaf_count=56 40 54 46 73 37 32 86 42 75 65 47 37 39 84 28 144 57 48 130 45 55 50 152 53 62 51 619 34 268 39
internal_value=-0.00130489 0.00772308 0.00277196 0.010734 -0.0020375 0.0212765 0.0348675 0.0168086 -0.0140674 -0.0171532 -0.0111978 -0.0173724 0.000142931 0.0313776 -0.0202264 -0.0202761 -0.0101005 0.00275653 -0.0159536 -0.0228664 -0.0135856 0.000550183 -0.020422 0.0057347 -0.0215021 -0.00908812 -0.0229932 -0.0167598 -0.0235029 -0.00879959
internal_weight=316.554 185.634 154.428 98.7242 48.6555 50.0687 36.2038 17.0352 130.92 113.384 55.7039 49.6671 13.8649 31.2061 100.698 45.5292 41.1373 13.0346 28.1027 20.8969 30.7164 10.3126 20.4038 17.5354 97.1016 11.1734 85.9282 33.2183 29.7235 10.1675
internal_count=2648 1337 1199 668 357 311 199 113 1311 1202 531 485 112 138 1137 448 320 105 215 175 304 105 199 109 1109 113 996 377 343 81
cat_boundaries=0 1 2 3
cat_threshold=12 482 1
is_linear=0
shrinkage=0.03


Tree=28
num_leaves=31
num_cat=1
split_feature=1 4 8 15 1 7 1 7 1 8 0 7 9 0 10 5 7 1 6 9 6 2 8 2 7 7 9 10 6 5
split_gain=39.6738 23.8184 18.8187 17.9581 21.7132 11.9508 12.5113 11.5256 10.9093 10.2372 7.92132 7.84353 7.84103 7.83156 8.79965 9.08451 8.92043 6.95967 6.58917 6.102 3.86589 4.58687 3.606 3.58858 3.49281 8.16648 3.02336 2.96857 2.5361 2.23454
threshold=-0.0083915349096059782 5.2735593669694946e-16 1.0000000180025095e-35 0 0.01664349623024464 42.002428054809577 0.096224866807460799 50.913091659545906 0.0068218964152038106 7.5000000000000009 23.500000000000004 37.054637908935554 0.14233727753162387 11.500000000000002 -0.01583845820277929 315.08665466308599 31.911806106567386 0.0028404667973518376 280.32257080078131 0.1403613165020943 311.91329956054693 12.500000000000002 -2.4999999999999996 7.5000000000000009 53.420833587646491 30.882366180419925 -0.18329738080501554 0.27623905241489416 324.00703430175787 247.18411254882815
decision_type=2 10 10 9 2 2 2 2 2 8 8 2 10 10 8 2 2 2 2 10 2 10 8 10 2 2 8 10 2 2
left_child=9 10 3 5 7 6 8 19 11 13 18 -3 22 14 16 -16 -1 26 -2 27 21 -20 -7 -10 25 -6 -9 -5 -4 -19
right_child=1 2 28 4 24 12 -8 17 23 -11 -12 -13 -14 -15 15 -17 -18 29 20 -21 -22 -23 -24 -25 -26 -27 -28 -29 -30 -31
leaf_value=0.031805094765829663 0.0082470662179761119 -0.0021504354731041587 -0.024504165422092848 -0.025004654540972698 0.048542062402087895 0.0020148236120404932 0.04285506201615704 0.019607623437792134 0.0049338168983881934 0.025300873437532363 -0.001266710961308825 0.039347406267187184 0.018442370307711016 -0.027580079096169965 -0.025589801993841678 0.019868015841418691 -0.011558800752221784 0.015610109764286745 0.025904455782657439 0.016223841392468373 0.017937249257554438 0.05547526182797731 -0.023990725159207946 -0.022588818198264606 0.055694808740884727 0.0043807718490759158 -0.0075186695233946743 0.0040937109290443419 0.001094126724457469 0.041881401803893978
leaf_weight=7.0618554502725592 9.9071290418505651 8.1330648809671384 20.835656188428405 12.3637300208211 7.4113156348466891 5.5144507363438606 6.4926333278417578 4.9997445270419121 5.593739069998267 4.4211213588714591 8.0415798127651197 7.0690708905458441 4.7125318869948378 37.997716598212719 23.576627247035507 3.9475100338459006 8.2673386409878713 6.7219882979989043 11.77906743437052 5.4161052554845801 9.6028206124901754 13.412986047565935 29.653982013463974 13.526126570999621 9.8882094919681531 7.2227623015642166 8.7180539220571536 3.7975764721631995 4.0453572347760192 8.8439163640141469
leaf_count=66 52 73 214 125 35 49 32 39 46 35 46 62 43 443 250 34 86 41 68 47 55 64 257 121 40 58 74 39 35 49
internal_value=0.00210688 0.00849529 0.00326771 0.00715651 0.0164119 -0.00320162 0.00773314 0.00707602 6.40171e-05 -0.0152972 0.0260363 0.0183838 -0.015091 -0.0177992 -0.00869546 -0.0186023 0.00914244 0.0190661 0.0308681 -0.00932001 0.0368987 0.0431657 -0.0199701 -0.0146917 0.0411696 0.0284203 0.00302857 -0.018327 -0.0204607 0.0321635
internal_weight=318.976 233.704 180.96 156.079 75.3834 80.6956 40.8146 50.8611 34.322 85.2722 52.7436 15.2021 39.881 80.851 42.8533 27.5241 15.3292 29.2837 44.702 21.5774 34.7949 25.1921 35.1684 19.1199 24.5223 14.6341 13.7178 16.1613 24.881 15.5659
internal_count=2678 1764 1479 1230 547 683 334 414 302 914 285 135 349 879 436 284 152 203 239 211 187 132 306 167 133 93 113 164 249 90
cat_boundaries=0 1
cat_threshold=102
is_linear=0
shrinkage=0.03


Tree=29
num_leaves=31
num_cat=1
split_feature=3 1 3 12 8 1 6 8 0 10 5 9 9 1 5 8 1 10 10 10 10 9 1 6 10 9 3 0 10 9
split_gain=47.1771 28.4464 22.4736 15.2392 15.2775 8.78159 8.59988 7.73389 7.23385 6.2848 5.45861 4.72772 3.95157 3.66123 3.05744 3.00303 3.1693 2.23785 3.83825 2.16588 8.91956 2.5209 5.94394 2.32937 1.94607 1.76543 1.57226 3.03393 1.50006 1.99292
threshold=1.8158945441246035 0.0048211875837296256 0.21781230717897418 0 1.5000000000000002 0.01664349623024464 282.06729125976568 -1.4999999999999998 19.500000000000004 0.063626531511545195 328.82157897949224 -0.23068505525588986 -0.0014256411814130841 0.0066975220106542119 243.32783508300784 -16.999999999999996 -0.079186607152223573 0.1617880463600159 0.33989198505878454 -0.01583845820277929 -0.0413575991988182 0.088134810328483595 -0.0078207761980593187 330.14666748046881 0.0057778002228587875 -0.036014175042510026 0.49877439439296728 7.5000000000000009 -0.054574819281697266 0.0081883147358894365
decision_type=8 2 10 1 10 2 2 8 10 10 2 8 8 2 2 10 2 8 10 8 10 8 2 2 10 10 10 8 8 8
left_child=1 2 12 4 5 9 -2 -7 25 14 11 -5 -1 -13 -3 -4 -17 -11 -19 20 21 -18 -23 26 -9 -8 27 -21 -15 -30
right_child=6 3 15 10 -6 7 8 24 -10 17 -12 13 -14 28 -16 16 19 18 -20 23 -22 22 -24 -25 -26 -27 -28 -29 29 -31
leaf_value=0.025762506381429229 0.0042160939041395425 0.0068592977786600534 0.0031811017868763778 0.014290333719750657 -0.022542971595368149 0.0031208991660289886 0.030133386894296385 0.021589428886958948 0.013602721001605948 -0.01585629989673799 0.018486815554784673 0.009022731180139824 -3.4780227017984979e-05 -0.0014388544983422544 0.032558058354901061 -0.030043584150365486 -0.022459678115085997 0.0126638571599228 -0.01593889947907251 -0.028670955660154415 0.028252911173832301 -0.020239144806690142 0.022800159695607298 0.0014928369620175802 0.042302120888613397 0.054834721068368182 -0.024232189534366479 -0.0015708797120254365 -0.012855263114679449 -0.030062682898115874
leaf_weight=11.452131800353525 9.8491184413433057 8.3279075175523776 5.2552218213677397 4.2492038533091545 8.6163082197308523 8.6849818676710111 9.4979890435934049 10.096717014908792 9.9954491853713971 6.4738856405019778 4.6632327586412421 3.86038514971733 9.3568735197186488 3.6576365306973457 8.9438210353255254 21.615726538002491 17.783920377492905 12.145395040512087 5.2536850348114958 5.0010345801711056 3.8577501699328414 6.3041205704212189 3.7928379327058845 4.1401197686791411 17.738663151860237 12.606598973274233 46.215817973017693 10.102676838636398 14.285165265202522 14.394378446042538
leaf_count=64 46 56 38 29 74 61 43 53 43 51 41 35 58 37 53 283 189 85 42 49 37 79 36 41 89 55 547 99 140 144
internal_value=2.75107e-05 -0.00450457 -0.0136297 0.00558415 0.0121475 0.017778 0.0292849 0.0283175 0.0366169 0.00797303 -0.00788506 -0.0132007 0.0146929 -0.0167253 0.0212205 -0.0184595 -0.0194352 -0.00207911 0.00363032 -0.0167941 -0.00987173 -0.0159425 -0.00347408 -0.0199514 0.0357983 0.0459845 -0.0214 -0.0117672 -0.0199775 -0.0222137
internal_weight=318.219 276.27 144.878 131.391 86.2814 77.6651 41.9492 36.5204 32.1 41.1447 45.11 40.4468 20.809 36.1976 17.2717 124.069 118.814 23.873 17.3991 97.1983 31.7386 27.8809 10.097 65.4596 27.8354 22.1046 61.3195 15.1037 32.3372 28.6795
internal_count=2697 2510 1520 990 564 490 187 203 141 287 426 385 122 356 109 1398 1360 178 127 1077 341 304 115 736 142 98 695 148 321 284
cat_boundaries=0 1
cat_threshold=12
is_linear=0
shrinkage=0.03


Tree=30
num_leaves=31
num_cat=0
split_feature=1 7 1 3 6 3 3 0 1 3 3 0 3 5 7 6 3 4 1 0 3 2 0 2 3 6 7 5 5 0
split_gain=39.7532 22.8206 21.5379 17.3174 16.1721 12.8166 13.2148 10.0923 9.07246 8.32312 8.14245 4.3997 4.00051 3.58115 3.42702 2.37006 2.45716 2.91855 3.35388 3.25924 2.63514 2.32478 2.62191 1.93778 2.15991 2.16788 1.30221 1.18471 0.90049 0.685951
threshold=0.00090630701743066322 52.946125030517585 0.047635944560170181 1.6858955621719363 283.41261291503912 0.24878885596990588 1.9054024219512942 26.500000000000004 0.0099341254681348818 0.12239376455545427 0.44751156866550451 42.500000000000007 1.0493285059928896 295.72904968261724 18.473527908325199 289.83091735839849 0.56902033090591442 0.49644526839256292 -0.0064350664615631095 7.5000000000000009 0.49132010340690618 18.500000000000004 7.5000000000000009 2.5000000000000004 0.49603930115699774 302.67286682128912 48.209159851074226 241.33645629882815 314.00831604003912 18.500000000000004
decision_type=2 2 2 8 2 10 10 10 2 10 10 8 10 2 2 2 10 10 2 10 10 8 8 10 10 2 2 2 2 10
left_child=5 2 3 9 -4 13 15 8 10 -2 -3 14 -12 -1 -11 27 20 18 19 -18 26 22 -6 -16 25 -25 -17 -7 -10 -26
right_child=1 7 4 -5 21 6 -8 -9 28 11 12 -13 -14 -15 23 16 17 -19 -20 -21 -22 -23 -24 24 29 -27 -28 -29 -30 -31
leaf_value=-0.0020660696460741159 0.022654679251819933 0.037533935147604759 -0.0072585576521811508 0.022506175568535305 0.037407339535000493 -0.031409521327618553 0.012437516090249059 -0.0075326477492212839 0.04597168334618678 0.00861608028318008 -0.012458480614306313 0.014007130084226597 0.017159471486222214 0.023235409721290193 0.0019109225748219121 -0.019840009850778381 0.0042827757099369338 -0.026775312989679612 0.0046280390766413873 -0.026053282089335522 0.0078235871955706932 0.049887094442357463 0.011401521989971986 -0.020445974173232819 -0.0240621664531767 0.0028314493983651375 -0.0004512712873443954 -0.010771583253600994 0.027630103122235187 -0.012277334315123145
leaf_weight=10.30816523730755 5.1083936840295783 7.4453006610274342 11.298181086778639 15.453059226274489 7.8851352110505113 20.405576705932621 12.100768014788626 7.2381466031074515 18.041810840368274 4.2087852358818045 8.3857973739504796 3.9664252102375022 6.2949835732579222 8.5714120864868146 4.0656479597091666 10.020784318447115 3.8522658348083558 28.283559359610081 7.3888476863503447 12.346405319869517 6.2782598063349715 7.7847728356719008 7.8198057636618623 5.4270296692848188 37.22076191008091 7.7148463129997253 4.413520745933055 4.4033579826354972 10.354310832917689 8.9354247376322729
leaf_count=70 27 40 75 68 40 263 60 45 81 26 70 33 42 46 38 109 44 352 68 155 66 38 42 47 408 65 40 48 55 95
internal_value=0.000362063 0.00925731 0.00208249 -0.00553792 0.0218484 -0.0124053 -0.0163263 0.0247153 0.0293919 -0.011409 0.0140634 -0.0141202 0.000525821 0.0100119 -0.0159514 -0.0199902 -0.0168019 -0.0202793 -0.0117178 -0.0190094 -0.00756029 0.0355731 0.0259162 -0.0176917 -0.0190452 -0.00754718 -0.0143249 -0.0283058 0.0404511 -0.0220895
internal_weight=313.022 184.649 126.888 92.1004 34.7879 128.373 109.493 57.7603 50.5222 76.6473 22.1261 71.5389 14.6808 18.8796 67.5725 97.3926 72.5836 51.8711 23.5875 16.1987 20.7126 23.4897 15.7049 63.3637 59.2981 13.1419 14.4343 24.8089 28.3961 46.1562
internal_count=2656 1335 1002 807 195 1321 1205 333 288 739 152 712 112 116 679 1145 834 619 267 199 215 120 82 653 615 112 149 311 136 503
is_linear=0
shrinkage=0.03


Tree=31
num_leaves=31
num_cat=1
split_feature=3 3 1 7 1 2 9 10 5 1 3 9 7 6 6 1 7 7 5 10 2 7 9 9 11 9 10 3 9 1
split_gain=35.5935 20.4646 21.4714 18.5968 13.1961 8.68039 8.47982 7.50907 6.22069 6.0124 5.98107 4.6746 4.3665 4.33834 4.70037 3.78744 3.6369 7.9685 4.96001 3.14019 7.3848 10.1693 2.6004 1.98368 2.75019 2.6304 4.91316 1.29906 1.25147 1.18692
threshold=1.9054024219512942 0.2033343315124512 0.0077926099766045817 53.265357971191413 0.096224866807460799 43.500000000000007 0.14661013334989551 0.22904596477746966 274.82800292968756 0.012417792808264496 0.61493292450904857 0.23306074738502505 36.294370651245124 320.86074829101568 298.22973632812506 0.027807219885289673 35.665649414062507 38.606920242309577 320.00796508789068 -0.014709395356476305 10.500000000000002 32.096441268920906 -0.29463022947311396 0.032352261245250709 0 -0.079479575157165513 0.15778549015522006 0.69782504439353954 -0.0075649656355381003 -0.020789129659533497
decision_type=8 10 2 2 2 8 10 8 2 2 10 8 2 2 2 2 2 2 2 10 10 2 8 10 9 8 8 10 10 2
left_child=1 7 5 4 6 16 10 13 28 -5 12 -8 -4 14 -1 -12 19 18 -18 20 21 -3 -19 25 -25 26 -24 -26 -2 -22
right_child=8 2 3 9 -6 -7 11 -9 -10 -11 15 -13 -14 -15 -16 -17 17 22 -20 -21 29 -23 23 24 27 -27 -28 -29 -30 -31
leaf_value=0.015326378750711042 0.0052772236953800896 0.033485292831292812 -0.012391096952229492 0.0034865316230756884 0.021525942042868083 0.022547395012392286 0.031864951569639116 -0.0068394505004008574 0.039715426834906253 0.035600268897047919 -0.028110369732115073 -0.0044246388279905562 0.021605038629871086 0.0057009888508724078 0.047212056388064819 -0.0045407553271418575 0.029163715976952602 0.0027295083088080575 -0.0068878488256578331 -0.027067474843622839 -0.029868040514619706 -0.025590686150906965 -0.023466058028884334 0.0048589604524266142 -0.0062443310276172432 -0.029287054117914615 0.009034124769009097 -0.023904002934257495 0.020951135194636008 -0.010312558549043128
leaf_weight=9.5239687114954048 9.0335028320550936 5.1889363825321215 7.0634699761867505 7.7710896655917194 13.792615950107573 4.7030634656548491 4.7792921513318998 8.4209027960896474 17.700392708182335 16.810258448123932 24.853428639471531 6.675388976931572 4.8904355615377426 8.197517201304434 9.0844134613871557 8.6174399107694608 5.5299048125743848 6.2475791424512863 6.6063065081834793 35.253362342715263 10.357066601514818 3.6158772930502892 10.402916200459002 7.4113661274313927 7.6760620027780595 18.925967276096344 5.9326513707637814 8.6486454457044584 10.619851633906363 5.6892879828810683
leaf_count=52 40 51 61 50 77 34 37 50 76 75 262 56 43 44 47 69 47 55 61 461 140 49 106 73 75 204 58 95 47 69
internal_value=2.65254e-05 -0.00376675 -0.00694609 0.00405367 -0.00382926 -0.0142918 -0.0102433 0.0172635 0.0270923 0.0259811 -0.0160059 0.0120594 0.00211117 0.024809 0.0325065 -0.0223499 -0.0157057 -0.0111588 0.0105088 -0.0212811 -0.012343 0.00908889 -0.015287 -0.0172085 -0.00986199 -0.0217455 -0.0118226 -0.01644 0.0143511 -0.0239463
internal_weight=310.023 272.669 237.442 95.2534 70.6721 142.189 56.8795 35.2268 37.3537 24.5813 45.4248 11.4547 11.9539 26.8059 18.6084 33.4709 137.486 77.3814 12.1362 60.1045 24.8512 8.80481 65.2452 58.9976 23.7361 35.2615 16.3356 16.3247 19.6534 16.0464
internal_count=2664 2501 2308 730 605 1578 528 193 163 125 435 93 104 143 99 331 1544 774 108 770 309 100 666 611 243 368 164 170 87 209
cat_boundaries=0 1
cat_threshold=1
is_linear=0
shrinkage=0.03


Tree=32
num_leaves=31
num_cat=1
split_feature=3 1 12 8 3 3 6 9 1 6 6 1 2 9 9 6 1 2 2 1 4 1 9 6 0 6 6 1 2 9
split_gain=35.4335 27.5262 17.6393 15.4191 12.7125 9.8005 8.24809 5.27553 5.08733 5.25278 7.4508 5.01659 4.4317 4.36255 4.81428 3.78235 3.67297 3.66322 3.53346 2.95808 2.51075 2.95512 2.69368 2.50004 2.31799 1.73554 1.55876 1.34919 3.6082 1.22958
threshold=1.8158945441246035 0.0063274018466472634 0 1.5000000000000002 0.29060757160186773 0.63794362545013439 282.06729125976568 0.039807986468076713 0.096224866807460799 302.00080871582037 293.28175354003912 -0.0034629410365596409 43.500000000000007 -0.0014256411814130841 0.096711404621601119 323.83818054199224 0.027807219885289673 10.500000000000002 11.500000000000002 -0.079186607152223573 6.8855219303998191e-09 -0.00010237461174256167 -0.35008905827999109 323.50674438476568 12.500000000000002 296.58961486816412 289.83091735839849 -0.057655094191431992 10.500000000000002 -0.064388535916805253
decision_type=8 2 1 10 10 10 2 8 2 2 2 2 8 8 10 2 2 10 8 2 10 2 8 2 10 2 2 2 10 10
left_child=1 4 3 6 13 7 -3 -4 9 10 17 -2 19 -1 -15 29 -7 -8 -12 -6 21 25 -22 27 -25 -21 -13 28 -24 -11
right_child=11 2 5 -5 12 16 8 -9 -10 15 18 26 -14 14 -16 -17 -18 -19 -20 20 22 -23 23 24 -26 -27 -28 -29 -30 -31
leaf_value=0.015253727634330687 0.0076160648668831049 -0.0056136544888555099 0.022088410386970334 -0.024039220406242002 -0.028312243624367347 -0.028577710072316506 0.0063457490522555266 -0.011502269067682992 0.045276221627320555 0.023924751144703268 0.013308482491883043 0.020650684714585827 0.011457725110194741 -0.024435972947188481 0.0088877602761448602 0.010084956860288848 -0.0031298006482055854 0.036037691645344393 -0.014610303797305949 0.0036949207970330637 0.0068976900835729417 0.016907138202075074 0.012505414627702629 0.006642951132052659 -0.020179392987998462 -0.020362749582099431 0.03771894521414882 -0.021869584911385263 -0.02532261160536441 0.046048127606843271
leaf_weight=15.8994864821434 11.818104550242422 9.8678133040666562 8.7815383449196798 7.2850209772586814 20.658964164555073 18.468551330268387 6.7441071197390583 6.5475430116057387 7.8925737589597693 8.7577153220772779 5.6524776071310017 13.214001268148424 4.1855151280760756 6.3915253877639788 7.4576345309615135 7.6137630194425574 7.2811420783400527 9.1028842851519567 9.6899631917476654 3.9103326238691789 3.4771045818924904 3.7160562425851813 3.6612915620207778 6.499497711658476 3.7863424569368362 6.1359225064516068 17.70248581469059 62.473032500594854 3.536606527864933 8.8635455071926117
leaf_count=90 60 68 71 63 290 213 45 54 35 45 39 55 31 42 49 41 59 56 73 43 34 34 45 68 42 69 72 744 51 48
internal_value=-1.07039e-05 -0.00399507 0.00655211 0.0136536 -0.0124976 -0.00869913 0.0194415 0.00791501 0.0233127 0.0195056 0.0107357 0.0250738 -0.0167573 0.00495405 -0.00710139 0.0295223 -0.0217679 0.0245282 -0.00413948 -0.0178473 -0.0153573 -0.00321282 -0.0172988 -0.0184232 -0.00414384 -0.0115119 0.0312994 -0.0204429 -0.00690266 0.0369281
internal_weight=317.073 274.338 122.549 81.4699 151.789 41.0788 74.1848 15.3291 64.317 56.4245 31.1894 42.7346 122.041 29.7486 13.8492 25.235 25.7497 15.847 15.3424 117.855 97.1962 13.7623 83.4339 79.9568 10.2858 10.0463 30.9165 69.6709 7.1979 17.6213
internal_count=2729 2542 910 513 1632 397 450 125 382 347 213 187 1451 181 91 134 272 101 112 1420 1130 146 984 950 110 112 127 840 96 93
cat_boundaries=0 1
cat_threshold=12
is_linear=0
shrinkage=0.03


Tree=33
num_leaves=31
num_cat=1
split_feature=3 8 1 10 8 8 3 5 5 0 10 10 15 10 5 1 10 10 0 1 1 0 4 8 8 0 5 6 5 10
split_gain=30.2536 23.4553 19.8644 15.7522 17.3535 13.3484 11.8053 10.8268 8.60977 7.13213 5.67438 4.70463 4.60512 5.13035 4.40379 4.09731 4.67 10.996 3.59417 2.79684 3.82049 5.16045 4.13876 3.33541 2.2729 6.12394 1.84539 1.81535 1.71108 1.54032
threshold=2.185490727424622 -19.499999999999996 0.016444201581180099 -0.22655964642763135 1.0000000180025095e-35 -1.4999999999999998 0.29060757160186773 274.82800292968756 330.54104614257818 10.500000000000002 0.024030849337577823 0.046541627496480949 0 0.024030849337577823 272.95738220214849 -0.081561144441366182 -0.014709395356476305 -0.031007526442408558 21.500000000000004 -0.0098140183836221678 0.0061128686647862205 17.500000000000004 1.7845562805263173e-09 1.0000000180025095e-35 -1.0000000180025095e-35 8.5000000000000018 219.75066375732425 295.01367187500006 232.27383422851565 0.17623112350702289
decision_type=8 10 2 10 10 10 10 2 2 8 10 8 9 10 2 2 8 8 10 2 2 10 10 10 10 10 2 2 2 10
left_child=1 9 6 -4 5 10 11 -2 12 -1 -5 14 13 -8 -3 -14 17 18 24 -18 21 22 -21 -23 25 -17 -7 -28 -22 -13
right_child=7 2 3 4 -6 26 8 -9 -10 -11 -12 29 15 -15 -16 16 19 -19 -20 20 28 23 -24 -25 -26 -27 27 -29 -30 -31
leaf_value=0.049166908898147475 0.0098809787062066542 -0.00491563778046584 -0.023891052212883311 0.017497073770098064 -0.024925432894971108 0.045501576033125268 -0.012393784746765311 0.045838419416565426 0.018132155533573661 0.009959569690359691 -0.021271580839181004 -0.014552268555217454 -0.029421288968153082 0.021787859999169608 0.024488448289937424 0.024071400046585104 -0.027526964554568024 0.038859009996636509 0.0098253617411385597 0.010677199602039977 -0.0055895927761089974 0.025029562797217679 -0.018799682282927548 -0.0089484850935168513 -0.020107786899957788 -0.022148475527622183 0.0092242312616795785 0.030111668371563156 -0.025713925843816491 0.0024059669833862759
leaf_weight=8.1907771974802035 15.663829237222673 6.2742787152528789 9.7132866010069829 5.0767811015248281 7.2064696922898284 8.2801223844289762 6.3754467591643333 14.9027032405138 6.9028177335858336 8.8282006531953794 6.7747591584920883 7.8264840468764332 18.616083197295666 7.6716358959674835 13.507342703640459 3.6850015372037905 21.295110307633877 3.5540048629045478 5.6759352385997763 4.4868068322539356 5.2358934134244945 5.1515054553747159 24.160766534507275 3.805434487760067 20.526401925832033 4.7470304220914841 5.8920291438698795 20.899197675287724 24.464958071708679 10.096034862101076
leaf_count=44 68 41 69 37 60 41 50 62 65 55 57 47 266 61 76 37 279 33 56 34 48 54 283 44 229 60 37 116 235 62
internal_value=0.000438812 -0.00263965 -0.00485121 0.00964949 0.0159924 0.0226656 -0.00941288 0.0283088 -0.0128347 0.0305104 -0.00459521 0.00562617 -0.01428 0.00389373 0.0153744 -0.015273 -0.0141769 -0.00522614 -0.0107135 -0.0179334 -0.0145395 -0.00786081 -0.0139786 0.0111448 -0.0149327 -0.00153874 0.0317497 0.0260152 -0.0224639 -0.00537712
internal_weight=315.487 284.921 267.902 63.8426 54.1294 46.9229 204.059 30.5665 166.355 17.019 11.8515 37.7041 159.452 14.0471 19.7816 145.405 126.789 38.1884 34.6344 88.6005 67.3054 37.6045 28.6476 8.95694 28.9584 8.43203 35.0713 26.7912 29.7009 17.9225
internal_count=2706 2576 2477 417 348 288 2060 130 1834 99 94 226 1769 111 117 1658 1392 415 382 977 698 415 317 98 326 97 194 153 283 109
cat_boundaries=0 1
cat_threshold=16
is_linear=0
shrinkage=0.03


Tree=34
num_leaves=31
num_cat=2
split_feature=1 15 8 1 1 10 5 15 5 10 2 9 1 1 1 0 5 10 10 10 9 8 0 10 10 10 4 2 0 4
split_gain=31.2875 15.4943 25.5222 11.1012 8.35369 8.65891 7.97944 6.83587 10.3004 6.44164 6.15584 5.7504 5.1304 7.2601 4.3222 3.90799 3.77163 3.50043 3.34561 3.35061 4.28382 3.02617 2.39649 3.9839 2.25009 1.95761 1.61601 1.4995 1.49216 1.93407
threshold=0.0026733088307082657 0 1.0000000180025095e-35 0.047635944560170181 0.0072964129503816375 0.080326158553361907 213.28421783447268 1 276.17088317871099 -0.014709395356476305 11.500000000000002 0.11531557887792589 0.0077926099766045817 0.0053422136697918185 -0.0056721041910350314 11.500000000000002 323.50466918945318 -0.10352222621440886 0.33989198505878454 0.14454689621925357 0.0081883147358894365 -1.0000000180025095e-35 7.5000000000000009 0.10518581420183183 -0.021279271692037579 0.19056802988052371 0.99999922513961803 12.500000000000002 9.5000000000000018 0.24575785547494891
decision_type=2 9 10 2 2 8 2 9 2 8 10 10 2 2 2 10 2 10 10 10 10 10 10 10 8 8 8 8 10 10
left_child=7 2 12 4 5 -3 -5 9 -9 10 17 16 13 -2 -12 -10 22 -1 19 20 21 -14 23 -6 -4 -21 -22 -7 29 -11
right_child=1 3 24 6 11 27 -8 8 15 28 14 -13 18 -15 -16 -17 -18 -19 -20 25 26 -23 -24 -25 -26 -27 -28 -29 -30 -31
leaf_value=-0.0030004686446972791 0.027249974676905726 0.027113177646065731 0.0010770699459884056 -0.0079781234215156767 -0.027600866125757049 -0.023083026569250174 0.028932855458289782 -0.015606004468168289 0.027779391099192714 -0.0032310154804280223 -0.022127786031610339 0.0060460333843965763 0.015343237867233978 -0.011329647566391862 0.0040911826978442169 0.0012330100419627433 0.0016167087814095266 0.026355994332704448 0.0085249797869675834 0.056349973882498613 0.0012732016475457046 0.042697863256490359 -0.03271740136119209 0.0055873126266061061 -0.022828985077036429 0.02931522925227413 0.021436121429888853 0.00089126405276779112 -0.025450707671183997 -0.020056535111563713
leaf_weight=7.4705546461045742 8.4125641435384733 9.3352572843432409 4.9290345683693886 7.5643439814448383 6.3760567307472247 4.4299852326512346 14.03395204991102 14.695844449102877 10.958711490035059 9.3272696025669593 16.604648046195507 8.3738867044448835 7.2122215554118148 7.4329787716269484 7.9333405345678356 8.7321418486535531 5.4262822046875945 5.8341543711721879 6.9404325708746901 7.6912119910120964 7.5733286365866634 12.499093413352968 16.37189045548439 5.3182444199919701 10.860093858093022 10.028766654431822 6.0178113058209428 4.0104968473315248 33.682767353951931 19.934396702796221
leaf_count=78 63 69 36 50 54 43 73 155 76 103 196 67 48 54 69 79 52 56 38 36 54 61 140 42 111 64 36 40 406 213
internal_value=0.00020357 0.0087145 0.0163132 -0.00155667 -0.00841388 0.00848685 0.0162246 -0.0105379 0.0021869 -0.0137246 -0.00510517 -0.0156202 0.0254709 0.00955442 -0.0138227 0.0166356 -0.0210555 0.010815 0.0295862 0.0322322 0.02518 0.0339131 -0.0253438 -0.0132566 -0.0157464 0.0434328 0.0110581 -0.0128039 -0.0208922 -0.0149773
internal_weight=306.012 170.838 89.5975 81.2404 59.6421 17.7757 21.5983 135.174 34.3867 100.787 37.8427 41.8664 73.8084 15.8455 24.538 19.6909 33.4925 13.3047 57.9629 51.0224 33.3025 19.7113 28.0662 11.6943 15.7891 17.72 13.5911 8.44048 62.9444 29.2617
internal_count=2662 1231 601 630 507 152 123 1431 310 1121 399 355 454 117 265 155 288 134 337 299 199 109 236 96 147 100 90 83 722 316
cat_boundaries=0 1 2
cat_threshold=1809 801
is_linear=0
shrinkage=0.03


Tree=35
num_leaves=31
num_cat=2
split_feature=3 3 8 7 5 13 4 8 11 7 8 10 9 3 3 9 10 2 9 9 7 2 9 3 5 9 9 3 10 2
split_gain=29.6816 21.0467 13.4676 10.3156 10.0788 9.70393 7.34173 6.59864 5.72931 7.48259 5.62367 5.16165 5.11404 7.87547 4.80478 4.5731 3.86654 3.86614 4.6617 3.34396 4.59821 3.25233 4.66145 3.70131 3.45293 3.19263 2.81786 4.82474 3.87305 2.7286
threshold=2.4145036935806279 0.29060757160186773 -24.499999999999996 53.483423233032234 238.50086212158206 0 1.1135863342559562e-08 -5.4999999999999991 1 33.270486831665046 -1.0000000180025095e-35 0.22691270709037784 -0.079479575157165513 0.60671335458755504 1.4938750863075259 -0.045882649719715111 -0.2507390677928924 7.5000000000000009 0.23867208510637286 0.089925631880760207 48.830354690551765 9.5000000000000018 0.0020866339327767496 0.099279943853616728 293.25547790527349 -0.12372096255421637 0.0080776116810739058 0.94078552722930919 0.038034128025174148 13.500000000000002
decision_type=8 10 10 2 2 1 10 10 9 2 10 10 8 10 10 10 8 10 8 10 2 10 8 10 2 8 8 10 8 10
left_child=1 10 -3 6 -2 11 7 -4 9 -9 -1 15 13 29 -11 -5 -14 18 26 -19 -21 22 -12 -23 -25 -15 -18 28 -28 -8
right_child=4 2 3 5 -6 -7 12 8 -10 14 21 -13 16 25 -16 -17 17 19 -20 20 -22 23 -24 24 -26 -27 27 -29 -30 -31
leaf_value=0.031038343505617409 0.0055706418880059694 0.024915992976984509 0.025772790369569806 -0.0027336035101430461 0.045367992586013622 -0.010504814777967926 0.00149328804517054 0.027262814827967139 -0.019393796972003264 0.012514283447559754 0.031160346099023139 0.039619608522951724 0.0062394734728513793 -0.021683637748943399 -0.021197665969596359 0.02400088552390128 -0.017785691723020559 -0.029239062806693895 -0.027366525103020421 -0.019401830830073932 0.01176544013407402 0.016830411757878725 0.00049218137021174435 -0.023230537843247114 0.0061142176107661711 0.0046729706948404224 0.032342760316197518 -0.016589184412495538 -0.00064366041631021872 0.031298143570898995
leaf_weight=13.753419771790503 9.1902045160532015 11.138675980269907 6.5016453601419917 11.821139603853229 15.701213553547857 16.143013469874859 5.4123722463846224 7.3429987505078342 13.975687570869921 5.4410775676369658 9.2747882306575757 6.4994613975286475 5.5185236856341362 13.371187213808296 8.635386683046816 9.9012976810336113 6.862155459821226 35.114804912358522 8.8002558127045614 27.279371507465843 4.3263535499572745 6.7026379406452206 7.9401509314775494 6.3753530010580999 6.4212012141942978 5.3737446591258076 4.870953582227231 6.0171282589435569 6.9668718799948701 4.8849051967263222
leaf_count=74 41 66 42 85 64 137 49 58 133 54 47 37 53 150 59 66 78 434 100 354 44 35 47 49 37 64 44 66 73 44
internal_value=0.000710813 -0.00209803 -0.0059233 -0.00758242 0.031457 0.00525927 -0.0108182 0.000156522 -0.00512772 0.00463041 0.015275 0.0133527 -0.0142053 -0.00293165 -0.00820101 0.00997221 -0.0172447 -0.0185865 -0.00984103 -0.0227696 -0.0149055 0.00870353 0.0178187 0.000179519 -0.00912971 -0.0142738 -0.00277976 0.00362485 0.0143914 0.0171512
internal_weight=307.558 282.667 232.199 221.06 24.8914 44.3649 176.695 41.8968 35.3952 21.4195 50.4676 28.2219 134.799 29.0422 14.0765 21.7224 105.756 100.238 33.5174 66.7205 31.6057 36.7141 17.2149 19.4992 12.7966 18.7449 24.7171 17.855 11.8378 10.2973
internal_count=2684 2579 2290 2224 105 325 1899 346 304 171 289 188 1553 307 113 151 1246 1193 361 832 398 215 94 121 86 214 261 183 117 93
cat_boundaries=0 1 2
cat_threshold=1 4
is_linear=0
shrinkage=0.03


Tree=36
num_leaves=31
num_cat=3
split_feature=1 7 7 4 1 5 11 15 9 7 11 1 0 9 7 6 9 9 7 7 0 1 4 9 9 4 10 10 10 9
split_gain=32.6925 17.4795 14.6298 13.8295 11.7287 9.28886 8.2294 7.13466 7.03622 5.70605 5.41488 4.61086 5.92624 4.41123 6.05564 6.76628 4.4645 7.09712 3.81126 3.68762 3.32427 5.19958 2.64066 2.20161 3.87954 4.05147 2.37831 3.12513 4.6604 2.14046
threshold=0.00090630701743066322 53.420833587646491 18.338701248168949 2.070396909470418e-10 0.090036813169717803 323.87078857421881 0 1 -0.128603920340538 51.104207992553718 2 0.011706571560353042 11.500000000000002 0.15411201864480975 18.113891601562504 293.99600219726568 -0.0014256411814130841 -0.018012063577771183 52.496175765991218 38.938272476196296 5.5000000000000009 -0.0055147104430943719 0.99999985098838817 0.074853096157312407 -0.10309573262929915 0.99999997019767772 -0.079580351710319505 0.055875398218631751 0.22904596477746966 -0.30965548753738398
decision_type=2 2 2 10 2 2 9 9 10 2 9 2 8 8 2 2 10 8 2 2 10 2 8 10 8 10 8 8 10 8
left_child=5 2 -2 8 9 13 -7 11 -4 23 -9 12 -3 14 15 -1 17 18 20 -10 -16 22 -22 24 25 -5 -25 -28 -29 -20
right_child=1 7 3 4 -6 6 -8 10 19 -11 -12 -13 -14 -15 16 -17 -18 -19 29 -21 21 -23 -24 26 -26 -27 27 28 -30 -31
leaf_value=-0.012572863359083981 0.031075071044291677 0.039647375040270903 -0.01032166959288338 -0.022552216164960105 0.017765067881966839 -0.006462040133867023 0.03720375198569479 -0.01423534691600477 0.030562700083973809 0.0072083999587389709 0.01557223666354611 0.050091443827360332 0.0025437091869732467 -0.02679070607857055 0.017608569032363117 0.035440141043859535 -0.023161463613502763 0.022136710244418521 -0.0050728407950562703 0.0076635434274419292 -0.030204191476855227 0.012080949576725779 -0.0036393160276327651 0.010245483987596516 -0.025920896497457515 0.011148408834920749 -0.029697947975924149 0.013324638051788596 -0.019324318455600328 -0.031771209728944795
leaf_weight=4.7994340322911722 12.928949221968649 8.0165574923157692 7.4911062568426123 4.9250244311988336 12.822553664445875 10.499472931027412 4.9566951766610119 10.48417878895998 15.463499277830126 10.803115554153917 9.4999444559216499 14.261138990521429 7.0491725057363519 23.720057930797338 3.8705557808280018 4.0043478906154633 31.612941086292267 5.1558913402259341 4.1889945268630981 11.691586099565027 7.8155818618833992 5.9253651425242451 5.9473065808415422 4.3580003678798676 28.190527092665434 6.0883292332291603 5.5367991179227829 6.4928792640566879 7.3537455871701241 9.7526102736592275
leaf_count=62 63 42 42 60 75 100 35 67 84 88 57 59 46 289 32 38 375 47 38 78 96 57 65 39 304 54 51 60 77 96
internal_value=-0.000368586 0.00762584 0.00195495 -0.00137983 -0.00778144 -0.0123302 0.00895113 0.0227075 0.0143855 -0.0124014 8.50465e-07 0.0283288 0.0235257 -0.0154647 -0.0119506 0.010653 -0.0147359 -0.00810416 -0.0127289 0.0213259 -0.00497265 -0.0100485 -0.0197489 -0.0158271 -0.0201782 -0.00454485 -0.00811694 -0.0125455 -0.00414845 -0.0246256
internal_weight=305.706 183.457 134.146 121.217 86.571 122.249 15.4562 49.311 34.6462 73.7484 19.9841 29.3269 15.0657 106.793 83.073 8.80378 74.2692 42.6563 37.5004 27.1551 23.5588 19.6883 13.7629 62.9453 39.2039 11.0134 23.7414 19.3834 13.8466 13.9416
internal_count=2676 1346 1075 1012 808 1330 135 271 204 733 124 147 88 1195 906 100 806 431 384 162 250 218 161 645 418 114 227 188 137 134
cat_boundaries=0 1 2 3
cat_threshold=4 17 1
is_linear=0
shrinkage=0.03


Tree=37
num_leaves=31
num_cat=2
split_feature=3 3 1 12 5 0 0 6 15 10 5 0 10 3 1 4 9 9 5 1 10 9 10 0 6 3 5 6 9 4
split_gain=26.5056 21.1584 19.9012 13.1186 10.6583 6.38539 6.18506 6.13659 6.10685 8.00942 6.06959 5.0187 4.86 4.48767 4.14401 4.21687 5.98553 8.52458 4.09046 3.74374 4.99072 4.97417 4.95258 3.68778 3.34851 3.24354 3.19551 6.07315 2.96431 3.63339
threshold=2.4145036935806279 0.29060757160186773 0.0078605599701404589 0 238.50086212158206 26.500000000000004 9.5000000000000018 281.27742004394537 1 0.024030849337577823 202.57823181152347 11.500000000000002 0.073832970112562193 0.040391232818365104 0.0099341254681348818 1.1135863342559562e-08 -0.021622797474265095 0.11531557887792589 236.9684982299805 -0.081561144441366182 -0.014709395356476305 -0.22774737328290937 -0.03908619470894336 3.5000000000000004 301.20608520507818 0.94535824656486522 316.84051513671881 317.38368225097662 -0.11477385088801383 0.99999704957008373
decision_type=8 10 2 1 2 8 10 2 9 10 2 10 8 10 2 10 10 10 2 2 8 8 8 10 2 10 2 2 8 10
left_child=1 10 8 5 -2 7 23 -4 9 11 -1 -3 -11 -12 -9 -16 -17 -18 -14 -10 22 -22 28 -5 -15 -23 27 -26 -21 -30
right_child=4 2 3 6 -6 -7 -8 14 19 12 13 -13 18 24 15 16 17 -19 -20 20 21 25 -24 -25 26 -27 -28 -29 29 -31
leaf_value=-0.01046145709423202 0.0059525681265015229 0.0045828636562512638 -0.004770295419138741 -0.016257979558736119 0.044888178662361486 -0.010825146762862491 -0.025064171145151515 -0.00035468915762258495 -0.029121614402376633 0.040273169595487518 0.038790214309352443 -0.028089709362092121 -0.0142515620330476 0.0013654837671229398 0.040916952705249615 0.031658983368709377 -0.016069065622180058 0.024768906782425423 0.018111580197297639 -0.027201444655638223 0.0059879821847697943 -0.026667366215058854 0.027279941227556684 0.011707855112222776 0.027393533239548091 -0.0095396278878681975 0.032840162050047549 -0.0090524504115157677 0.0096991651881328939 -0.015866040743629267
leaf_weight=5.7884156554937354 10.423983454704286 7.4047255441546431 8.6985573843121511 5.7580584660172525 16.578936904668808 7.1580159515142432 14.459205724298952 6.462102197110652 16.098393835127354 4.1926464289426821 9.2013090401887876 8.1710126921534521 4.9775513783097249 11.220873758196829 11.30425478518009 15.228583514690394 7.8317964971065619 8.6790344566106779 7.6788398697972298 4.332891933619976 6.3895421624183655 32.99746809899807 3.368168473243716 10.423557631671427 7.877591587603094 16.305489610880613 10.911231659352778 6.9622254222631454 10.333591494709259 7.9709140248596659
leaf_count=40 46 70 60 54 68 51 160 49 239 38 40 82 53 71 53 78 62 54 68 50 60 429 30 93 44 192 58 42 111 104
internal_value=0.00278686 -1.35448e-05 -0.00399359 0.00633207 0.0306071 0.0128051 -0.0087318 0.0180078 -0.0115962 0.00142842 0.0170625 -0.0132177 0.01575 0.0206616 0.0220253 0.025317 0.0186809 0.00558628 0.00527211 -0.0145565 -0.0131293 -0.0181234 -0.00215902 0.00138945 0.0152472 -0.0213051 0.0210189 0.0108026 -0.00750797 -0.0016787
internal_weight=305.189 278.186 226.224 96.0032 27.0029 65.3623 30.6408 58.2043 130.221 32.4248 51.9616 15.5757 16.849 46.1732 49.5058 43.0437 31.7394 16.5108 12.6564 97.7965 81.6981 55.6925 26.0056 16.1816 36.9719 49.303 25.751 14.8398 22.6374 18.3045
internal_count=2649 2535 2240 714 114 407 307 356 1526 311 295 152 159 255 296 247 194 116 121 1215 976 681 295 147 215 621 144 86 265 215
cat_boundaries=0 1 2
cat_threshold=12 1234
is_linear=0
shrinkage=0.03


Tree=38
num_leaves=31
num_cat=1
split_feature=1 3 3 8 15 1 1 6 2 9 9 8 8 5 0 5 3 6 6 1 3 2 5 3 2 1 10 9 9 1
split_gain=23.9923 13.2305 15.0019 12.2779 12.9313 17.5497 8.73006 12.865 8.27908 11.7536 15.3041 6.40048 5.34947 5.30652 4.84079 4.60989 4.40338 11.9434 4.34615 4.09293 7.63024 4.03683 3.54215 3.50967 2.81348 2.48795 2.3492 9.23314 3.65544 2.30027
threshold=-0.0083915349096059782 2.185490727424622 0.34004919230937963 1.0000000180025095e-35 0 0.012417792808264496 0.047635944560170181 289.83091735839849 11.500000000000002 0.13196761906147006 -0.021622797474265095 -3.4999999999999996 -1.0000000180025095e-35 313.01953125000006 10.500000000000002 273.98513793945318 0.040391232818365104 309.14802551269537 293.00109863281256 0.0092108468525111693 1.0867354273796084 19.500000000000004 316.26362609863287 1.3777010440826418 9.5000000000000018 -0.0026437448104843493 0.17623112350702289 -0.038296034559607499 -0.021622797474265095 -0.025745060294866558
decision_type=2 8 10 10 9 2 2 2 10 8 10 10 10 2 10 2 10 2 2 2 10 10 2 8 8 2 10 8 10 2
left_child=8 2 11 4 6 13 19 -8 9 10 29 -2 -7 23 -10 -3 -13 -18 -12 20 21 25 -22 26 -21 -4 28 -28 -6 -1
right_child=1 15 3 -5 5 12 7 -9 14 -11 18 16 -14 -15 -16 -17 17 -19 -20 24 22 -23 -24 -25 -26 -27 27 -29 -30 -31
leaf_value=-0.0035949096954257759 0.04145218333695988 0.011772825727416694 0.0001332791094604244 -0.02062070610497618 -0.019703012538202998 0.014172861903691337 -0.01594559081287546 0.033705373281470219 0.0021253418147759019 -0.026848704279213098 0.0057091281229667374 0.029807108225935866 0.0455508418377846 -0.017879777833211503 -0.028096189999653229 0.040332596494058869 -0.016746567475487938 0.022042571795214693 0.038126875605802302 -0.0077138281648405083 5.3216750026727588e-05 0.012003355311074569 0.033588611715208487 0.029225269115062742 -0.02800200086285028 -0.023128183382814076 0.040794274081556184 -0.015950522486303603 0.012186755565172984 -0.029920650461504657
leaf_weight=5.8641824275255203 7.9588224068284026 10.870009616017343 5.3562754392623928 23.652118574827909 6.846953622996808 9.2675480358302593 7.506554231047633 9.7894270345568639 5.4300575479865065 12.642632588744162 6.5258952416479596 8.7444702386856061 13.498175986111164 9.342121444642542 31.593022089451551 10.966321289539335 11.331146486103536 16.115077875554562 9.1309654898941499 11.589276082813742 5.799443803727625 4.2238005846738806 4.5508978068828583 4.3452404290437689 15.131147202104328 17.027848448604349 4.1218211725354195 4.3955446109175664 4.6306193247437522 5.8253405280411243
leaf_count=61 41 45 61 255 62 71 55 48 58 160 76 41 66 84 417 45 73 92 91 94 54 41 40 28 143 201 36 52 36 58
internal_value=0.000672972 0.00558331 0.00315654 -0.00112058 0.00236036 0.0120703 -0.00529916 0.0124628 -0.0136905 -0.00404873 0.00706734 0.0184404 0.0339112 0.000236168 -0.0237244 0.0272538 0.0124012 0.00600276 0.0257689 -0.011061 -0.00438883 -0.0128007 0.0164584 0.00762053 -0.0197983 -0.0177943 0.00175707 0.0129111 -0.00689154 -0.0180381
internal_weight=304.073 227.061 205.224 161.075 137.423 56.448 80.9747 17.296 77.0121 39.989 27.3464 44.1495 22.7657 33.6823 37.0231 21.8363 36.1907 27.4462 15.6569 63.6787 36.9583 26.6079 10.3503 24.3402 26.7204 22.3841 19.9949 8.51737 11.4776 11.6895
internal_count=2685 1764 1674 1427 1172 435 737 103 921 446 286 247 137 298 475 90 206 165 167 634 397 303 94 214 237 262 186 88 98 119
cat_boundaries=0 1
cat_threshold=930
is_linear=0
shrinkage=0.03


Tree=39
num_leaves=31
num_cat=2
split_feature=3 3 1 7 3 1 2 5 2 9 9 5 3 2 6 6 7 4 11 7 1 1 11 6 7 3 3 6 1 4
split_gain=25.7565 21.8178 15.1858 8.70468 11.2927 9.18064 8.35322 7.27221 6.1656 6.63434 8.19685 4.90979 6.93096 4.72891 4.51109 6.38782 9.68612 5.757 4.53807 4.50281 4.44951 2.80693 2.4009 4.33817 5.60015 2.26305 4.55658 1.70858 1.12804 3.30716
threshold=2.4145036935806279 0.29060757160186773 -0.0078207761980593187 53.420833587646491 1.6858955621719363 0.011706571560353042 43.500000000000007 228.30204010009768 7.5000000000000009 0.15411201864480975 -0.021622797474265095 201.57430267333987 0.025129280984401706 7.5000000000000009 284.24739074707037 297.01646423339849 50.009799957275398 0.99999859929084789 0 36.437219619750984 0.047635944560170181 0.0020222661551088099 1 313.03729248046881 32.329877853393562 0.60247236490249645 0.49132010340690618 323.83818054199224 0.0080141006037592905 0.0094916997477412241
decision_type=8 10 2 2 10 2 8 2 10 8 10 2 10 10 2 2 2 10 9 2 2 2 9 2 2 10 10 2 2 10
left_child=1 11 8 4 6 13 14 -2 9 10 -3 -1 -13 -5 -4 16 17 19 -17 -16 25 -15 -14 24 -24 26 -20 -10 29 -27
right_child=7 2 3 5 -6 -7 -8 -9 27 -11 -12 12 22 21 15 18 -18 -19 20 -21 -22 -23 23 -25 -26 28 -28 -29 -30 -31
leaf_value=-0.0096754754616169142 0.0067920319371730254 -0.013763637685523198 -0.023618965757838308 -0.018746201552404699 0.019669522507295506 0.028022414072040914 0.02035558279133198 0.04120608049250328 -0.026821861911986128 -0.028079152716871 0.031610848140936842 0.042737626671215431 0.0008110367291606134 0.022353650977948402 0.0077298073110509376 0.013273570852968129 -0.022722286391117709 -0.0032538133848292257 -0.020268926583500154 0.046124859148637801 0.0072937759689605938 -0.001599112864633984 0.023550023740059357 0.030090629916967235 -0.01149034171883999 0.0051901992080896778 0.014086216326494485 -0.0022087903875245476 -0.029652777853294211 -0.023672702382838428
leaf_weight=5.5630023404955855 8.9323752075433749 6.6221014745533475 19.02437150478363 7.8373715877532986 13.589941412210463 15.520077310502527 7.4900185018777838 15.737598925828932 38.210324410349131 5.7879600115120438 5.8745429962873432 7.9977234601974478 11.048525653779507 6.3305382877588299 5.6882387064397388 4.5495616123080254 7.5432807952165595 8.4787587001919729 8.2203545495867711 5.3732990995049477 6.0545021668076506 10.720647379755972 6.970014266669752 11.999674446880816 7.5724067613482475 4.4449044242501285 4.6961583271622649 2.9153915233910075 15.255202431231735 12.388327788561581
leaf_count=38 40 73 194 68 65 70 47 65 559 81 61 34 65 56 44 41 86 83 88 54 34 77 41 64 45 46 49 33 176 163
internal_value=0.00075974 -0.00192766 -0.00599614 -0.00123195 -0.00520756 0.0106834 -0.0084537 0.0294956 -0.0188468 -0.00405494 0.00832817 0.0155543 0.0187746 -0.000793613 -0.0107526 -0.00754572 0.00429793 0.0153272 -0.013288 0.0286586 -0.0158643 0.00803945 0.0127009 0.017441 0.00573875 -0.0190705 -0.00766351 -0.0251709 -0.0232918 -0.0161876
internal_weight=298.437 273.767 222.616 163.206 122.797 40.4086 109.207 24.67 59.4103 18.2846 12.4966 51.1513 45.5883 24.8886 101.717 82.6926 27.0836 19.5403 55.609 11.0615 51.0594 17.0512 37.5906 26.5421 14.5424 45.0049 12.9165 41.1257 32.0884 16.8332
internal_count=2640 2535 2248 1441 1170 271 1105 105 807 215 134 287 249 201 1058 864 267 181 597 98 556 133 215 150 86 522 137 592 385 209
cat_boundaries=0 1 2
cat_threshold=8 1
is_linear=0
shrinkage=0.03


Tree=40
num_leaves=31
num_cat=1
split_feature=1 7 1 10 8 0 3 3 1 1 11 10 7 1 0 7 3 8 3 0 7 5 6 7 3 5 6 7 7 6
split_gain=25.5194 15.1002 16.4722 14.6581 10.7446 9.22403 9.17471 9.68866 7.51406 7.37139 7.05975 4.6936 4.15719 4.55828 5.41699 4.41213 9.80533 2.69692 2.63662 2.30313 2.23342 1.49828 1.42561 1.35273 1.27698 2.73224 4.94551 1.59582 5.95399 2.24429
threshold=0.002485110424458981 53.265357971191413 0.047635944560170181 -0.26621013879775995 -4.4999999999999991 22.500000000000004 1.9054024219512942 0.29060757160186773 0.014561230782419445 0.011706571560353042 0 -0.05742355249822139 18.396368980407718 0.0051766936667263517 18.500000000000004 41.636472702026374 0.67537629604339611 -16.999999999999996 1.2140351533889773 11.500000000000002 37.968566894531257 315.49349975585943 326.36621093750006 32.283351898193366 0.56902033090591442 211.07709503173831 315.39321899414068 35.665649414062507 38.606920242309577 295.54739379882818
decision_type=2 2 2 10 8 10 10 10 2 2 9 8 2 2 10 2 10 10 8 8 2 2 2 2 10 2 2 2 2 2
left_child=6 2 4 -4 9 8 7 11 10 -2 -3 -1 -6 14 21 -15 -17 -9 23 -18 -13 -14 24 -5 25 -19 -27 -26 -29 -30
right_child=1 5 3 18 12 -7 -8 17 -10 -11 -12 20 13 15 -16 16 19 22 -20 -21 -22 -23 -24 -25 27 26 -28 28 29 -31
leaf_value=0.023284642488524916 0.036498226622004082 0.00043408781866486007 -0.016460147402232981 0.011628621121087781 0.014095346814469185 -0.0056215590445618715 0.01367915463470828 0.0042598196388824684 0.043982736987037113 -0.0042692959747491219 0.031678953583168953 0.0062574451716759204 0.0010981344357804479 -0.023860732110614388 0.027297076749174132 0.025266574608169386 -0.023510956003007798 0.0092900147067844618 0.042249279751343322 -0.0034929105821099216 -0.014803705381170831 -0.021999817244997926 -0.0030076598040310611 0.029953461818153292 -0.025468460324463957 -0.025696330836905226 0.011222912485082642 0.014163114194587656 -0.0089857615966122181 -0.028658969773616341
leaf_weight=7.2988489642739296 7.725751079618929 12.552866958081724 7.3052901178598395 10.212274320423608 5.4699948206543914 8.6262731701135618 13.040964514017103 4.9823825806379309 15.451950311660765 7.0103355422616005 12.579636983573435 8.3788262754678779 5.3153082765638811 26.118204537779093 4.6133903414010993 5.8492936640977886 12.755865946412088 4.0201929099857834 9.7548387572169286 8.9334186352789384 7.9123471975326529 3.6686037480831146 6.0116304419934741 7.4518868401646605 34.074584532529116 11.683792661875485 3.7499782033264628 4.6411318033933666 10.349270641803743 13.065351217985151
leaf_count=47 45 75 51 55 28 54 62 35 64 57 69 52 57 272 40 47 134 53 44 74 47 38 68 42 533 150 41 46 130 163
internal_value=0.00059545 0.00816496 0.00245194 0.0196288 -0.00451258 0.0220184 -0.00943104 -0.01212 0.0278872 0.0180652 0.016687 0.00487952 -0.00927051 -0.0113496 0.00393605 -0.0152243 -0.00648427 -0.0164575 0.0294849 -0.0157832 -0.00423617 -0.00959277 -0.0176707 0.0205499 -0.0187016 -0.0110483 -0.0165889 -0.020885 -0.0146334 -0.0206876
internal_weight=300.604 171.395 122.184 34.7243 87.4602 49.2107 129.209 116.168 40.5845 14.7361 25.1325 23.59 72.7241 67.2541 13.5973 53.6568 27.5386 92.5783 27.419 21.6893 16.2912 8.98391 87.5959 17.6642 81.5843 19.454 15.4338 62.1303 28.0558 23.4146
internal_count=2673 1246 984 192 792 262 1427 1365 208 102 144 146 690 662 135 527 255 1219 141 208 99 95 1184 97 1116 244 191 872 339 293
cat_boundaries=0 1
cat_threshold=1
is_linear=0
shrinkage=0.03


Tree=41
num_leaves=31
num_cat=3
split_feature=1 8 15 7 1 7 9 0 11 1 0 9 7 1 3 3 8 3 11 3 7 10 1 3 9 1 6 6 3 6
split_gain=18.826 16.4354 11.5984 23.6964 13.1821 11.3093 11.5966 11.236 10.0854 8.73399 7.04791 7.87947 10.2702 7.1062 7.00044 6.5032 5.77702 5.4896 6.50442 5.09508 5.89014 4.67823 4.12614 3.6682 3.61308 3.44889 3.36796 4.67516 3.24279 3.06191
threshold=-0.0083915349096059782 1.0000000180025095e-35 0 42.002428054809577 0.070295058190822615 49.762075424194343 0.13189990073442462 22.500000000000004 1 0.010312102269381286 10.500000000000002 0.20200067013502124 52.684926986694343 -0.079186607152223573 1.3627195358276369 1.8555616736412051 1.5000000000000002 1.5050469636917116 2 0.87163847684860241 32.798503875732429 -0.01583845820277929 0.004331734962761403 0.55104935169219982 0.039533829316496856 -0.13210777193307874 308.96897888183599 291.16024780273443 0.55104935169219982 305.93513488769537
decision_type=2 10 9 2 2 2 10 10 9 2 10 8 2 2 8 10 10 8 9 10 2 8 2 8 10 2 2 2 10 2
left_child=10 2 5 4 8 6 14 9 -4 17 11 12 13 25 28 -3 -12 18 -7 20 -10 -15 -22 -18 -5 -1 27 -21 -2 -23
right_child=1 15 3 24 -6 7 -8 -9 19 -11 16 -13 -14 21 -16 -17 23 -19 -20 26 22 29 -24 -25 -26 -27 -28 -29 -30 -31
leaf_value=0.009651424161890864 -0.0023134101387856433 -0.020510202867652889 0.040885493484257587 -0.019031645697099104 0.036100548623133076 -0.0080304827270763907 0.029432951767296201 -0.0028948663291860463 -0.023474441631909843 0.046924159187894263 -0.028131308711971899 -0.024548807014999799 -0.028799633989244556 0.043882461735845736 0.01912221903088273 0.01401520736271613 0.016829223414261175 0.042972108210489544 0.025451489537777702 -0.00083652402332181253 -0.010072856847918135 -0.0068316322601017047 0.021045594223843479 -0.014332883935106054 -0.0016381931909244542 -0.026209499959606058 -0.0084838291720126871 0.03410185240105424 -0.030776636976093865 0.026470893627276657
leaf_weight=4.3716424852609634 6.0370614379644456 25.167522594332699 5.3267998322844505 33.361216478049755 16.557757452130318 8.7487781159579754 9.0514935255050641 9.5409508571028692 11.261260487139227 20.537362724542618 25.482853841036558 9.1220746599137765 5.0918553844094268 6.5546489991247654 4.7191305831074706 5.2965316027402869 4.3433581255376312 5.8092024922370902 10.710747282952074 5.8354753591120261 7.160307437181471 4.4798770844936389 6.319946002215147 8.424742553383112 15.934662621468304 3.5139056071639088 4.6399579532444468 7.2592937052249908 8.6202174536883813 3.8075717948377132
leaf_count=46 49 274 32 283 74 75 60 61 96 91 336 118 53 63 25 22 49 25 68 45 66 49 57 124 154 46 48 57 99 33
internal_value=0.00164629 0.0059408 0.00911285 0.00178848 0.0138407 0.0167273 0.00315517 0.0264873 0.00554871 0.0325384 -0.0112768 -0.00181992 0.00622615 0.0149563 -0.00996226 -0.0142529 -0.0201309 0.0195051 0.0107416 0.000278761 -0.00839 0.0265963 0.00496228 -0.00327999 -0.0135537 -0.00747992 0.0121748 0.0195774 -0.0199497 0.00967157
internal_weight=303.088 227.896 197.432 113.657 64.3608 83.7749 28.4279 55.347 47.803 45.8061 75.1925 36.9416 27.8195 22.7276 19.3764 30.4641 38.251 25.2687 19.4595 42.4762 24.7415 14.8421 13.4803 12.7681 49.2959 7.88555 17.7347 13.0948 14.6573 8.28745
internal_count=2678 1761 1465 912 475 553 233 320 401 259 917 408 290 237 173 296 509 168 143 369 219 145 123 173 437 92 150 102 148 82
cat_boundaries=0 1 2 3
cat_threshold=529 1 1
is_linear=0
shrinkage=0.03


Tree=42
num_leaves=31
num_cat=2
split_feature=3 3 1 7 5 10 8 7 11 1 7 2 7 7 11 2 0 9 9 2 2 3 9 10 10 5 10 5 9 9
split_gain=21.4644 17.1716 13.8169 11.0817 10.1259 7.31619 6.62988 6.29354 5.59478 8.82523 6.69421 6.58674 5.3951 5.86009 8.90016 4.33118 4.29523 5.69264 3.68141 3.63188 2.89698 2.68911 2.64542 2.83449 6.21795 4.50427 3.12861 2.43635 2.42676 2.42139
threshold=1.8158945441246035 0.49877439439296728 0.0042029945179820069 54.310663223266609 316.54029846191412 0.25266480445861822 1.0000000180025095e-35 18.396368980407718 0 0.0066975220106542119 35.665649414062507 7.5000000000000009 37.779705047607429 48.209159851074226 1 17.500000000000004 19.500000000000004 0.16206853836774829 -0.10557153820991515 15.500000000000002 21.500000000000004 0.81176409125328075 -0.29463022947311396 -0.014709395356476305 -0.034575477242469781 316.54029846191412 -0.2768136709928512 214.80859375000003 0.13605728000402453 0.039533829316496856
decision_type=8 10 2 2 2 8 10 2 9 2 2 8 2 2 9 8 8 10 10 8 10 10 8 8 10 2 10 2 10 8
left_child=1 8 22 4 6 20 7 -4 9 -1 11 -10 -12 -14 15 -15 17 19 -13 29 -2 -5 -3 24 25 26 -24 -20 -6 -9
right_child=5 2 3 21 28 -7 -8 16 10 -11 12 18 13 14 -16 -17 -18 -19 27 -21 -22 -23 23 -25 -26 -27 -28 -29 -30 -31
leaf_value=0.00048468179611683266 0.03160852416429958 0.0033330295474182149 0.03420540779848473 0.0085165263785177952 -0.025263917915149339 -0.0030151359962254463 -0.020547336037115182 -0.0061370874081271122 0.019439008524286198 0.047973303201229431 0.031724867472756831 0.0075439026368396625 -0.012972114656030907 -0.014909936445736129 0.029092891093790502 0.015099055903318236 0.019226718963747193 0.019331964461057866 -0.0029609213969417191 0.0060032959220911427 0.010533603378788423 0.034803310365151323 0.0063513672595074825 -0.02193180516032767 0.025893259157579545 0.010914923720948662 -0.025558765343482476 -0.029610404294666558 0.0018918758205149673 -0.030167872234579965
leaf_weight=6.5037908218801022 26.328047648072243 5.5223807469010353 5.8016553670167914 7.2205195501446706 17.741749435663227 9.2149966359138471 8.0632833056151849 8.5217311531305402 5.6254755482077625 6.7355677261948586 9.0529526323080045 4.4322072789073053 9.3687974214553815 9.4364728555083275 14.771088041365145 6.4167369455099115 9.7372117638587934 6.9717438593506804 4.5998148024082139 8.021066986024378 9.186036139726637 7.8201236501336098 2.8738218620419564 48.670703545212746 3.0260321944952002 4.3953765183687201 16.344800326973203 10.168563317507504 3.3592167086899272 6.8570778965949968
leaf_count=59 117 58 28 40 218 41 87 68 39 31 57 34 78 63 93 39 64 53 44 58 40 40 36 689 28 45 239 97 40 68
internal_value=0.00161741 -0.00173297 -0.00724517 0.000849515 -0.00393792 0.0205623 0.00301356 0.00750138 0.00904369 0.026317 0.00563781 -0.00687343 0.0119815 0.00684749 0.0131293 -0.00258832 0.00290059 -0.00277963 -0.0151632 -0.00988984 0.0265951 0.0235015 -0.0161695 -0.0176245 -0.00924639 -0.0146184 -0.020709 -0.0220242 -0.0210508 -0.0180396
internal_weight=302.789 258.06 170.948 90.1154 75.0747 44.7291 53.9738 45.9105 87.1115 13.2394 73.8721 24.8261 49.046 39.9931 30.6243 15.8532 40.1088 30.3716 19.2006 23.3999 35.5141 15.0406 80.8331 75.3107 26.64 23.614 19.2186 14.7684 21.101 15.3788
internal_count=2691 2493 1859 764 684 198 426 339 634 90 544 214 330 273 195 102 311 247 175 194 157 80 1095 1037 348 320 275 141 258 136
cat_boundaries=0 1 2
cat_threshold=8 1
is_linear=0
shrinkage=0.03


Tree=43
num_leaves=31
num_cat=0
split_feature=1 3 3 7 2 7 1 9 9 4 6 6 2 10 3 6 6 9 3 9 10 7 10 9 1 10 7 6 2 7
split_gain=19.9265 15.7274 13.377 9.45428 7.75411 7.3435 7.15025 6.52025 8.80584 5.70432 6.02073 6.86363 6.01282 5.49958 5.99465 6.38137 4.08986 4.04873 3.68599 2.89702 2.93772 2.84202 2.68834 3.25995 4.21507 2.67024 2.56141 2.27868 2.25827 1.85861
threshold=-0.0078207761980593187 2.4145036935806279 0.099279943853616728 18.338701248168949 7.5000000000000009 53.420833587646491 0.012417792808264496 0.15411201864480975 -0.021622797474265095 6.8855219303998191e-09 306.33485412597662 288.74645996093756 40.500000000000007 -0.074425034224987016 0.51725995540618908 311.25028991699224 314.63412475585943 0.029192021116614345 0.87163847684860241 0.13620546460151675 0.19712997227907184 17.80491924285889 -0.0413575991988182 -0.18329738080501554 0.0063274018466472634 0.18384139984846118 33.418319702148445 291.97767639160162 12.500000000000002 37.619201660156257
decision_type=2 8 10 2 10 2 2 8 10 10 2 2 8 8 10 2 2 10 8 10 10 2 8 8 2 10 2 2 8 2
left_child=4 2 -2 -4 7 9 17 8 -1 10 11 -5 13 18 15 25 21 22 26 -16 -21 -6 -7 -24 -25 -15 -11 -3 -17 -18
right_child=1 27 3 5 16 6 -8 -9 -10 12 -12 -13 -14 14 19 28 29 -19 -20 20 -22 -23 23 24 -26 -27 -28 -29 -30 -31
leaf_value=-0.012911012094740878 0.025887005681051671 0.015338814929309229 0.025709616041220778 -0.0077139817898845752 -0.0039166557116386046 -0.023059668222553682 0.022612387624953701 -0.022351592405476791 0.029393035887016694 -0.015980932809286658 -0.013242712376207321 0.027969229795717677 0.016225695007650448 -0.027363046772008029 -0.025099645088780119 0.025604134752593311 0.0058725550210609982 0.019950647568627255 0.022823847343263919 -0.02194015689462132 0.0083085325050081052 -0.028885442331644938 0.012485464657768926 -0.026039484527216248 0.0080404325904957497 -0.00091082831101102599 0.0096026243306032051 0.038092944025132816 -0.0010145697640098099 -0.017254362283304028
leaf_weight=7.407901912927632 16.291985854506493 9.7192171812057513 9.6791025176644307 7.3707082048058572 5.0408717468380919 5.826735831797123 15.614557489752768 7.2002649605274227 8.6057102866470778 7.7461505271494406 10.223869517445562 11.444253861904143 6.2298086509108535 7.4378902725875395 41.250030387192965 5.2891463264822933 6.2556073889136297 5.2898401394486418 4.6734238266944876 4.4447276256978494 5.3347129188477993 33.728306733071804 8.1807560101151449 6.2534871771931737 5.272338293492794 5.9119677990674973 5.0386116690933704 9.964041665196417 5.1388542056083688 4.6088987030088902
leaf_count=76 77 40 49 55 69 48 71 93 76 66 81 71 40 69 506 40 69 36 46 50 56 496 59 63 30 53 47 42 44 53
internal_value=-0.00128146 0.00323806 0.000658534 -0.0017076 -0.0147666 -0.0033712 0.00674443 -0.000392441 0.0102146 -0.00707832 0.0044892 0.0143066 -0.0104995 -0.0124587 -0.0159571 -0.00332483 -0.0213489 -0.00175201 0.00258445 -0.0216663 -0.0061994 -0.0258191 -0.0068307 -0.0011503 -0.0110527 -0.0165285 -0.00593301 0.0281422 0.0135457 -0.00456564
internal_weight=292.474 219.626 199.943 183.651 72.8476 173.972 46.4377 23.2139 16.0136 127.534 29.0388 18.815 98.4953 92.2655 74.8073 23.7779 49.6337 30.8232 17.4582 51.0295 9.77944 38.7692 25.5333 19.7066 11.5258 13.3499 12.7848 19.6833 10.428 10.8645
internal_count=2671 1739 1657 1580 932 1531 307 245 152 1224 207 126 1017 977 818 206 687 236 159 612 106 565 200 152 93 122 113 82 84 122
is_linear=0
shrinkage=0.03


Tree=44
num_leaves=31
num_cat=1
split_feature=1 8 15 7 7 3 7 1 9 3 1 9 3 3 9 3 8 4 9 7 7 1 1 9 9 5 7 3 6 1
split_gain=25.7732 13.7028 19.7446 9.9075 13.1227 9.43389 8.70332 11.3359 8.6323 7.94142 7.22192 5.60526 10.2105 5.22095 4.54374 4.53556 2.96626 2.90026 2.25765 2.04924 4.32513 4.3332 6.06036 14.8938 9.95585 3.42178 3.65449 5.85646 1.88916 1.99537
threshold=0.00090630701743066322 1.0000000180025095e-35 0 51.104207992553718 18.396368980407718 1.5656543970108034 38.938272476196296 0.047635944560170181 0.05638543143868447 0.18214017897844317 0.0068218964152038106 0.13196761906147006 2.2839723825454716 1.8158945441246035 -0.0040630181320011607 0.48273098468780523 -11.499999999999998 0.99987927079200756 -0.021622797474265095 54.730865478515632 36.431882858276374 -0.00052209419663995494 -0.0042248512618243686 -0.02695546485483646 0.039533829316496856 212.55332946777347 32.112770080566413 0.8403744399547578 303.73489379882818 0.019967474043369297
decision_type=2 10 9 2 2 8 2 2 10 10 2 8 8 10 10 10 8 10 8 2 2 2 2 10 10 2 2 10 2 2
left_child=9 2 3 4 -2 14 7 10 15 -1 -4 12 16 -3 -6 -8 -11 -10 -9 20 25 22 24 -24 -22 26 27 -18 29 -12
right_child=1 13 6 -5 5 -7 8 18 17 11 28 -13 -14 -15 -16 -17 19 -19 -20 -21 21 -23 23 -25 -26 -27 -28 -29 -30 -31
leaf_value=0.012657357765572936 0.040148061629202925 -0.018806224873920863 0.022780366634248719 0.035019369186338675 0.0050959081687854619 0.026808502091652083 0.0012010304418108209 0.038172492054067579 -0.0017950602013105154 0.010350446556879894 -0.031902216472774941 -0.02543246942148902 0.027779775459363457 0.012717729548059827 -0.02544311269161658 -0.023832083296751464 0.02721078096317783 0.025222038910065046 0.01494488772526447 -0.028961572685011473 -0.021003800815927984 -0.027355753125307664 0.055392738698113619 -0.016641665014004246 0.02969892953718644 -0.024743744093009744 -0.025952551901651633 -0.016521566139166183 7.0825529771991033e-05 -0.0052957697767016306
leaf_weight=11.500969700515268 9.2977998033165914 20.494388256222013 5.3787041902542141 37.009704634547234 7.1001530587673214 6.8702776953577986 8.7903511151671427 8.2592629343271238 7.3093705847859365 4.3998445980250835 5.8910341970622522 23.67361755669117 5.4050230681896201 5.2972331494092932 9.3790698461234587 23.169149484485388 4.4634219482541067 5.7779800221323967 10.047481492161753 6.2362486943602553 12.465894725173721 4.2627680972218505 4.3397126421332359 4.3154461421072465 3.7481958456337443 23.536933522671461 4.002455446869134 4.6208844743669033 5.3236904442310324 4.7599604949355125
leaf_count=66 42 229 41 179 70 32 60 38 62 28 55 329 24 22 99 225 53 48 54 72 132 51 40 49 39 326 65 71 47 36
internal_value=0.000703276 0.00780724 0.0111896 0.0214824 0.0119364 -0.000484932 6.0214e-05 0.0101812 -0.00886497 -0.0102115 -0.00467874 -0.0128006 -0.00888172 -0.0120986 -0.0127465 -0.0171193 -0.0118011 0.0110765 0.0268586 -0.0132782 -0.0113792 -0.00260395 0.00253215 0.0214728 -0.00823852 -0.0181047 -0.00525517 0.00553317 -0.0147216 -0.0214868
internal_weight=297.127 180.156 154.364 69.657 32.6473 23.3495 84.707 39.6601 45.0469 116.971 21.3534 105.47 81.7968 25.7916 16.4792 31.9595 76.3918 13.0874 18.3067 71.992 65.7557 29.132 24.8692 8.65516 16.2141 36.6237 13.0868 9.08431 15.9747 10.651
internal_count=2684 1339 1088 422 243 201 666 271 395 1345 179 1279 950 251 169 285 926 110 92 898 826 311 260 89 171 515 189 124 138 91
cat_boundaries=0 1
cat_threshold=1553
is_linear=0
shrinkage=0.03


Tree=45
num_leaves=31
num_cat=1
split_feature=1 3 7 7 1 3 6 2 0 11 1 3 5 0 6 3 7 2 10 10 1 5 0 6 7 10 1 7 5 3
split_gain=22.5628 12.6803 9.36764 13.2838 8.89542 6.60956 5.76904 5.35614 5.06058 4.87189 7.72559 4.69771 4.32651 4.78758 2.52413 2.98968 8.21835 5.09015 2.35919 10.9402 3.27726 4.51729 3.51079 2.42666 5.39745 1.7188 1.70079 1.68756 1.62185 1.57381
threshold=0.00090630701743066322 2.1164317131042485 53.420833587646491 18.338701248168949 0.096224866807460799 1.9054024219512942 289.39974975585943 37.500000000000007 21.500000000000004 0 0.01380946906283498 1.6250092387199404 323.87078857421881 11.500000000000002 283.61703491210943 0.49603930115699774 32.798503875732429 24.500000000000004 -0.014709395356476305 -0.029195302166044709 -0.0078207761980593187 208.25371551513675 13.500000000000002 315.61663818359381 52.684926986694343 -0.079580351710319505 -0.15835432708263394 54.751274108886726 274.82800292968756 1.2862880229949953
decision_type=2 8 2 2 2 10 2 10 10 9 2 10 2 10 2 10 2 10 8 8 2 2 10 2 2 8 2 2 2 10
left_child=5 2 3 -2 7 12 -6 11 9 -4 27 14 18 -14 -5 16 -16 25 19 20 21 -1 -22 26 -25 -17 -20 -11 -3 -27
right_child=1 28 8 4 6 -7 -8 -9 -10 10 -12 -13 13 -15 15 17 -18 -19 23 -21 22 -23 -24 24 -26 29 -28 -29 -30 -31
leaf_value=0.00168932715758668 0.027625909983795487 0.016295780270031701 0.032764392467971359 -0.026362083759008708 -0.0075464318611409443 0.0087428615330366333 0.028292538626064977 0.015614162088810791 -0.0066032221147306258 0.0056402159720346356 0.02803022839313608 0.0098566354466109642 0.017721592650643273 -0.015282109136655567 -0.021735429060065835 -0.0023319613691728013 0.017127629617660938 0.015131965806352768 -0.00089840116691770379 0.036741521416104719 -0.017508429202168298 -0.028115624496472213 0.015761320093808935 0.010915194832281613 -0.028778234212595673 -0.023146889991246991 -0.025146506810194241 -0.014975766086113111 0.034239472959555588 -0.004160025966603734
leaf_weight=5.9294649548828628 11.472825616598127 12.660820156335832 13.610811956226826 10.984804213047026 5.9352188333868972 12.987414330244063 9.7063733339309675 6.5288401320576659 7.939393311738967 5.8267291262745875 10.258211284875868 7.9880983829498282 7.2336304150521737 6.6262328661978245 7.8854890614748028 5.6937522068619728 9.9111002683639509 3.8672455959022036 2.874886728823177 3.1598187386989585 4.4326337017118913 17.563947651535273 5.0155117362737656 6.2486980929970724 4.4434776119887829 29.312619931995869 37.205826420336969 6.8269558846950531 11.515630349516867 5.0838432386517516
leaf_count=79 54 52 72 118 42 64 44 38 49 39 45 49 62 66 67 58 75 38 45 26 45 249 50 68 45 374 534 46 49 51
internal_value=-0.000436353 0.00607515 0.00292018 -0.0016452 -0.00514335 -0.0108767 0.0150571 -0.00889408 0.0144416 0.0190704 0.00990552 -0.011043 -0.0134673 0.00197634 -0.0134407 -0.0107588 -0.000332434 -0.0148787 -0.0159256 -0.00964108 -0.0150416 -0.0208313 -2.91417e-05 -0.0201217 -0.00663116 -0.0180715 -0.0234715 -0.00576478 0.0258631 -0.0205374
internal_weight=296.73 183.009 158.832 114.37 102.897 113.722 15.6416 87.2558 44.4621 36.5227 22.9119 80.727 100.734 13.8599 72.7389 61.7541 17.7966 43.9575 86.8743 36.1014 32.9416 23.4934 9.44815 50.7729 10.6922 40.0902 40.0807 12.6537 24.1765 34.3965
internal_count=2693 1360 1259 1008 954 1333 86 868 251 202 130 830 1269 128 781 663 142 521 1141 449 423 328 95 692 113 483 579 85 101 425
cat_boundaries=0 1
cat_threshold=4
is_linear=0
shrinkage=0.03


Tree=46
num_leaves=31
num_cat=3
split_feature=8 4 0 10 7 7 15 5 6 15 10 2 10 7 7 4 2 10 7 10 0 10 10 2 11 0 6 10 5 0
split_gain=14.2406 9.00545 9.17986 7.47813 7.67092 6.94186 10.9744 5.64759 4.67766 5.43527 6.09719 6.84407 9.24516 5.54609 4.82969 4.6651 6.00667 5.04435 4.95511 4.51167 3.1899 2.90332 3.94171 2.62167 2.31138 2.22891 2.08257 1.83449 2.02116 0.860437
threshold=-8.4999999999999982 5.1902926401226076e-15 29.500000000000004 0.02612062077969313 37.387369155883796 52.113500595092781 0 213.60977172851565 286.09420776367193 1 -0.013741764239966868 6.5000000000000009 0.17292591929435733 36.599782943725593 36.847028732299812 0.9881996512413026 10.500000000000002 -0.10662534832954405 32.462585449218757 0.046541627496480949 21.500000000000004 -0.12340334430336951 0.19808901101350787 4.5000000000000009 2 17.500000000000004 307.20213317871099 0.31745702028274542 268.11334228515631 11.500000000000002
decision_type=10 10 10 10 2 2 9 2 2 9 10 10 8 2 2 10 10 10 2 10 10 10 10 10 9 10 2 10 2 10
left_child=3 2 7 -1 -5 8 19 -2 23 10 15 12 -12 -11 -14 29 -17 18 -18 24 -8 -9 26 -3 -7 -25 -23 -13 -29 -10
right_child=1 5 -4 4 -6 6 20 21 9 13 11 27 14 -15 -16 16 17 -19 -20 -21 -22 22 -24 25 -26 -27 -28 28 -30 -31
leaf_value=0.00033202996489719845 -0.008167689239889515 -0.0020956906390864989 -0.023532319520123444 0.054229137362794839 0.012505166389809228 0.0095754110645462527 0.018902106531098938 0.00130331131280969 -0.02549172152346996 -0.0054893132115941285 -0.021514415829542846 -0.021660409968966864 0.030815584663524118 0.030918373877721894 -0.0063061254895276997 0.033673187665424244 -0.0098388143156060009 -0.017199845070344857 0.027249671499074774 -0.032114874399746245 -0.00054099898570623246 0.035759739533113906 0.0062883832670678503 -0.028225257259275612 -0.014700867207275019 -0.0053788934451149146 0.014819237249636004 0.0090468395619777413 -0.017869333137153533 -0.0064180340042553387
leaf_weight=9.7112778499722499 8.5665708556771261 7.22940515726805 5.9712633900344363 7.3497795574367073 9.072007440030573 5.4931684918701649 31.538057927042246 8.0603909417986852 3.1245054230093938 6.2631009407341462 8.2311366349458677 39.768810164183378 7.6658645942807215 7.5547307096421719 4.4995386116206646 5.6942154057323959 4.7744872234761733 7.5510907322168341 6.9720392487943172 8.2153415866196138 9.8352072834968549 13.823232453316452 11.437530148774384 17.031552001833919 6.8561872914433497 5.5788793414831153 9.182254556566475 3.9539274238049966 4.2374645322561264 6.44570691883564
leaf_count=58 68 76 39 42 53 49 208 54 43 71 92 528 54 72 51 50 49 90 64 75 73 76 75 194 53 72 66 45 44 87
internal_value=0.000757874 -0.0013524 0.0091108 0.0214613 0.0332201 -0.00424453 0.0041296 0.0133062 -0.00778714 -0.00499097 -0.00713007 -0.0129487 0.00157784 0.00905111 0.0176495 0.00241358 0.00918594 0.000657413 0.0125855 -0.0110651 0.0116314 0.0177225 0.0214197 -0.0182095 -0.00399405 -0.0230547 0.0283672 -0.0190326 -0.00530634 -0.0144678
internal_weight=291.689 265.556 57.0412 26.1331 16.4218 208.514 61.938 51.07 146.576 116.737 102.919 68.3567 20.3965 13.8178 12.1654 34.562 24.9918 19.2976 11.7465 20.5647 41.3733 42.5034 34.443 29.8398 12.3494 22.6104 23.0055 47.9602 8.19139 9.57021
internal_count=2671 2518 378 153 95 2140 458 339 1682 1340 1197 814 197 143 105 383 253 203 113 177 281 271 217 342 102 266 142 617 89 130
cat_boundaries=0 1 2 3
cat_threshold=34 805 4
is_linear=0
shrinkage=0.03


Tree=47
num_leaves=31
num_cat=3
split_feature=8 3 3 8 7 2 13 7 9 7 7 2 3 0 0 5 9 11 9 3 11 2 5 9 2 3 3 9 7 7
split_gain=17.9437 14.4194 11.4165 8.85242 7.51992 11.3126 6.85804 11.8057 6.00853 5.75404 5.70145 5.27603 5.61618 4.57545 3.75735 3.66936 3.80688 6.11704 3.35984 3.85079 3.03946 3.90696 3.02254 2.80551 4.71537 3.50722 3.33473 2.57618 5.08517 2.4938
threshold=-19.499999999999996 2.55652928352356 0.040391232818365104 1.0000000180025095e-35 32.462585449218757 7.5000000000000009 0 42.002428054809577 0.20732259005308154 37.619201660156257 48.209159851074226 19.500000000000004 0.21781230717897418 22.500000000000004 13.500000000000002 330.06645202636724 0.15162380784749988 1 -0.012236929498612879 0.68578773736953746 2 14.500000000000002 277.76065063476568 0.039807986468076713 8.5000000000000018 0.99703431129455578 1.4938750863075259 -0.0093491435982286913 31.934405326843265 17.80491924285889
decision_type=10 8 10 10 2 10 1 2 8 2 2 8 10 10 10 2 10 9 10 10 9 10 2 10 10 8 10 10 2 2
left_child=9 2 -2 4 5 8 10 11 -4 -1 -6 12 -8 20 18 16 17 -9 22 -20 -12 -22 -14 24 25 -5 -25 28 -7 -29
right_child=1 -3 3 23 6 27 7 15 -10 -11 13 -13 14 -15 -16 -17 -18 -19 19 -21 21 -23 -24 26 -26 -27 -28 29 -30 -31
leaf_value=0.045107821543854086 0.027082139480629371 0.02467437836584423 0.022828749625252456 0.024538003004099886 -0.011376820327824834 -0.02207552567873014 0.030164234769173601 0.008510338784925367 -0.010743333577322602 0.013069360518357035 0.031752075859951455 0.030841605705581192 0.0096606232034818305 -0.0031236063631580021 -0.017863521979803666 0.011733988354471838 0.0037849603212069646 -0.024568685476264923 -0.0054214288438107381 0.028649502016713433 0.0029667212625427842 0.026050679138713895 -0.018916648698959284 -0.029596717754446101 -0.017817690866855276 -0.010871288089455668 0.0037458429867403826 -0.0041011127827025899 0.01853773621502168 -0.02899208271649021
leaf_weight=8.8790008723735827 10.538242891430853 18.512744531035423 10.300725989043711 4.5781093351542959 7.5903245732188216 5.7717595659196359 4.9683800488710395 5.4619143754243851 7.53816054388881 12.792996831238268 12.63240734487772 6.8201246708631507 5.217650633305313 9.3566133081912977 8.1573555022478086 4.1843273490667334 7.2708372920751563 30.750073287636042 4.4065964519977587 6.7556537874042988 15.302458029240372 11.01001166552305 6.3884157873690128 15.527906429022552 15.466426368802784 3.7884567230939874 2.9768344052135935 4.7656790353357819 3.7550095655024052 21.152460690587759
leaf_count=42 50 80 76 46 80 64 26 55 83 73 75 68 40 63 98 40 74 316 51 68 113 79 63 214 203 35 23 56 32 281
internal_value=0.00196822 -0.00017644 -0.0020891 -0.00346622 -0.000793178 -0.0103342 0.00272897 -0.00258535 0.008825 0.0276061 0.00992663 0.00848285 0.00351372 0.0154507 -0.00157855 -0.0130052 -0.0155961 -0.0194847 0.00476207 0.0158592 0.0198797 0.013226 -0.00632217 -0.0157565 -0.0083991 0.0090555 -0.0243159 -0.0199544 -0.00582734 -0.0247377
internal_weight=292.618 270.946 252.433 241.895 199.557 53.2838 146.273 90.3813 17.8389 21.672 55.8918 42.7142 35.8941 48.3015 30.9257 47.6672 43.4828 36.212 22.7683 11.1623 38.9449 26.3125 11.6061 42.3377 23.833 8.36657 18.5047 35.4449 9.52677 25.9181
internal_count=2667 2552 2472 2422 1901 592 1309 899 159 115 410 414 346 330 320 485 445 371 222 119 267 192 103 521 284 81 237 433 96 337
cat_boundaries=0 1 2 3
cat_threshold=1 8 4
is_linear=0
shrinkage=0.03


Tree=48
num_leaves=31
num_cat=2
split_feature=1 3 7 1 15 7 1 2 7 0 9 11 1 6 2 1 9 2 3 3 1 7 0 6 1 9 0 3 1 1
split_gain=17.1002 12.164 10.1351 9.96962 9.86637 8.44399 13.738 7.20788 7.6659 6.39102 5.43812 4.98366 9.71809 4.81814 4.36292 4.25754 3.91593 3.62296 3.09249 2.37013 1.89753 4.53133 2.89147 1.76557 4.09102 4.69577 2.23888 1.90861 1.62229 4.98772
threshold=0.0042029945179820069 1.7110821008682253 53.092546463012702 0.096224866807460799 0 52.598661422729499 -0.019284252077341076 37.500000000000007 18.396368980407718 22.500000000000004 -0.10870038717985152 1 0.01380946906283498 288.44561767578131 11.500000000000002 0.00024160876637324694 -0.078657247126102434 9.5000000000000018 2.7259141206741337 0.16628846526145938 0.0064637907780706891 39.177873611450202 2.5000000000000004 288.74645996093756 0.047635944560170181 0.15162380784749988 24.500000000000004 0.41352570056915289 -0.00052209419663995494 -0.003007650724612176
decision_type=2 8 2 2 9 2 2 10 2 10 10 9 2 2 10 2 10 10 10 10 2 2 10 2 2 10 10 10 2 2
left_child=4 2 3 7 5 6 17 8 -2 11 -3 12 -4 -5 -8 -7 -13 -1 19 -6 21 -10 -22 -24 25 26 27 -25 29 -21
right_child=1 10 9 13 18 15 14 -9 20 -11 -12 16 -14 -15 -16 -17 -18 -19 -20 28 22 -23 23 24 -26 -27 -28 -29 -30 -31
leaf_value=0.0093994805400184223 0.015617074951530403 0.0045830858348559168 -0.010973955287184901 -0.0025743229514683676 -0.0001151333110139311 -0.024618193104300624 0.0097602232521690428 0.02589163899790466 0.019658176069461832 -0.0093224324690921803 0.033535619523725156 0.014406318120654243 0.030604302720312764 0.030502971767364627 0.043832741632197712 0.0088667928616957981 0.046499660442923627 -0.028293262203697402 0.0079685328336354076 -0.016214727794447548 0.0071140219876647103 -0.021034100848548998 -0.028816328045126256 -0.0064840669357840016 0.0099990556313796601 0.0076563954467047156 -0.0014306530427662745 -0.03111191004611303 -0.02343450233668247 0.0079737782776097155
leaf_weight=3.1625520065426818 8.0911827981471998 8.8165891617536563 9.8237916156649607 6.1577873677015296 9.7330179288983327 7.8913190737366659 5.8791555166244533 4.381187215447425 3.9990966059267512 7.3906807601451865 18.620425716042519 7.6904091760516167 8.6608294546604139 9.4301827698945981 10.102432973682879 4.8799853958189487 7.8552325889468175 4.7643033899366856 5.4268315881490699 56.631547391414642 3.8507597595453253 3.8549560829997063 11.273935008794068 4.0735616683960059 4.7237413451075545 4.7704648599028578 3.7257446683943263 17.414948511868715 19.910636026412249 8.2354663461446744
leaf_count=38 40 39 63 41 58 80 51 24 40 48 82 40 41 42 67 35 46 65 25 805 30 45 123 32 30 47 39 235 226 91
internal_value=0.000162937 0.00697553 0.00298402 -0.00291843 -0.00754133 0.00551755 0.0172563 -0.00776975 -0.0103659 0.0149837 0.0247204 0.020378 0.00907809 0.0180688 0.0326113 -0.0121086 0.0324534 -0.0138868 -0.0117264 -0.0141566 -0.0142143 -0.000434435 -0.0163348 -0.0184082 -0.0143151 -0.0183446 -0.0233683 -0.0269392 -0.0157485 -0.0130693
internal_weight=291.223 154.606 127.168 85.7475 136.617 36.6797 23.9084 70.1596 65.7784 41.4209 27.437 34.0303 18.4846 15.588 15.9816 12.7713 15.5456 7.92686 99.9375 94.5107 57.6872 7.85405 49.8332 45.9824 34.7085 29.9847 25.2143 21.4885 84.7776 64.867
internal_count=2668 1127 1006 768 1541 336 221 685 661 238 121 190 104 83 118 115 86 103 1205 1180 621 85 536 506 383 353 306 267 1122 896
cat_boundaries=0 1 2
cat_threshold=214 1
is_linear=0
shrinkage=0.03


Tree=49
num_leaves=31
num_cat=0
split_feature=1 3 3 2 5 9 2 5 9 0 9 1 6 2 3 6 9 5 3 1 5 10 2 2 1 9 0 10 2 2
split_gain=11.6863 10.3078 11.3029 8.874 8.40578 7.7035 5.86394 6.13387 5.23359 5.20067 6.06504 4.79113 8.00257 4.62981 5.07055 7.47684 6.56132 4.91442 4.17698 4.01359 3.15767 3.05255 3.0187 4.37852 2.99456 2.40136 2.69911 1.92618 1.75994 1.39336
threshold=-0.0083915349096059782 1.6858955621719363 0.51725995540618908 7.5000000000000009 316.84051513671881 0.15411201864480975 24.500000000000004 241.33645629882815 -0.021622797474265095 9.5000000000000018 0.052782483398914344 0.0078605599701404589 287.38679504394537 5.5000000000000009 0.067043632268905654 314.19400024414068 0.14233727753162387 238.96639251708987 0.81176409125328075 0.012158233672380449 317.00840759277349 -0.10271880403161048 22.500000000000004 9.5000000000000018 -0.045972457155585282 0.13620546460151675 3.5000000000000004 -0.014709395356476305 9.5000000000000018 5.5000000000000009
decision_type=2 8 10 10 2 8 8 2 10 10 8 2 2 8 10 2 10 2 10 2 2 8 8 10 2 10 10 8 10 10
left_child=3 2 13 5 6 8 11 -8 -1 10 -5 27 29 19 -15 16 17 -16 -14 -2 -17 24 23 -3 -11 26 -6 -4 -20 -13
right_child=1 22 4 9 25 -7 7 -9 -10 21 -12 12 18 14 15 20 -18 -19 28 -21 -22 -23 -24 -25 -26 -27 -28 -29 -30 -31
leaf_value=-0.0033422501238543649 -0.019555772554905128 0.0092583625835094534 -0.00022985193940135807 0.024632631625493964 -0.00041602713328477619 -0.020545038387432622 -0.0054844316742283213 0.032280155975863992 0.030586582555667933 -0.023208680924831873 -0.015294162849204155 -0.0032216148598155758 -0.0045327687996701603 0.031849200690492116 0.0066727414388045416 0.0065402785970446299 0.02521677200623277 -0.023858728088372777 0.0078661878955824781 0.011714265611181447 0.031461418775667445 -0.029498944462515022 0.004973712866510268 0.034735437147922543 0.0056612255951016301 0.0051946506624075918 -0.024119231393817133 -0.018613310977430273 0.026045207212456692 -0.023243032276458801
leaf_weight=6.7027850784361371 6.8572463840246183 11.988858573138716 7.1006487421691418 4.3618284128606302 5.2685489654541042 6.2485013529658344 6.1279191225767127 8.4484083130955678 8.8272974416613543 5.6403057053685188 8.4786782972514612 5.3331721834838381 10.316882446408274 11.104792773723601 7.6736351214349332 8.0304064676165599 4.9204675145447245 10.097809389233587 9.9368056952953356 6.0611278936266899 12.062159188091753 22.884936675429344 11.8964397162199 13.726925089955328 5.6888657696545106 3.4213821552693835 24.047891456633806 17.719012826681141 11.141465082764624 8.0722404234111291
leaf_count=71 50 56 78 39 59 88 42 61 76 95 112 46 76 49 55 59 35 86 64 34 79 353 53 60 71 37 310 226 76 72
internal_value=0.000572401 0.00393281 0.000966382 -0.0101356 -0.0046506 0.00552791 0.000414459 0.017071 0.0166266 -0.0173494 -0.000931505 -0.00326525 0.00261332 0.0107215 0.0145372 0.00941904 -0.00243153 -0.0110222 0.0108338 -0.00509676 0.0222835 -0.0233096 0.018024 0.023649 -0.0094285 -0.0173033 -0.0200137 -0.0135666 0.0182196 -0.0160543
internal_weight=290.187 221.354 183.742 68.8332 116.934 21.7786 84.1966 14.5763 15.5301 47.0546 12.8405 69.6202 44.8006 66.8076 53.8893 42.7845 22.6919 17.7714 31.3952 12.9184 20.0926 34.2141 37.6122 25.7158 11.3292 32.7378 29.3164 24.8197 21.0783 13.4054
internal_count=2668 1763 1594 905 1147 235 741 103 147 670 151 638 334 447 363 314 176 141 216 84 138 519 169 116 166 406 369 304 140 118
is_linear=0
shrinkage=0.03


Tree=50
num_leaves=31
num_cat=3
split_feature=3 3 1 15 8 8 8 3 1 6 1 1 0 8 0 2 11 8 3 5 6 5 5 2 0 5 2 1 11 1
split_gain=18.4775 14.1401 11.4849 10.143 12.3778 11.1678 6.30013 5.25264 4.6735 8.01438 4.07892 3.78904 2.8452 2.66404 2.45808 2.22259 1.99337 3.36 2.07728 5.25172 4.42846 3.33772 1.94788 2.56775 1.86787 1.75067 1.49133 1.06627 0.809859 0.7635
threshold=1.8158945441246035 0.29060757160186773 0.0078605599701404589 0 1.0000000180025095e-35 -1.0000000180025095e-35 -1.0000000180025095e-35 0.49603930115699774 0.027807219885289673 287.38679504394537 -0.0037613816093653436 0.0063274018466472634 41.500000000000007 -24.499999999999996 3.5000000000000004 9.5000000000000018 1 -5.4999999999999991 0.76273027062416088 274.82800292968756 306.13345336914068 291.24540710449224 278.09506225585943 15.500000000000002 9.5000000000000018 238.50086212158206 19.500000000000004 0.0093428925611078757 2 -0.010059531312435864
decision_type=8 10 2 9 10 8 10 10 2 2 2 2 8 10 10 10 9 10 10 2 2 2 2 10 10 2 10 2 9 2
left_child=1 6 12 4 5 -4 26 -5 14 -10 -2 15 13 -3 -9 -8 18 -18 22 -20 -21 -22 23 24 -15 -12 -1 -16 -13 -24
right_child=10 2 3 7 -6 -7 11 8 9 -11 25 28 -14 16 27 -17 17 -19 19 20 21 -23 29 -25 -26 -27 -28 -29 -30 -31
leaf_value=0.013226848870837938 0.0027620230987883535 0.0066956991883679916 -0.0060814307660698791 0.01429574290657 -0.022784246267450601 0.037254157285147665 0.004012630361365249 -0.0020668066779254415 -0.023528307198503472 0.012450986617795753 0.012861703200982956 0.019335279078757452 0.012370581752775995 -0.0084924069383009049 -0.0079558984480129404 -0.015433749708938335 0.0031015920681854393 -0.023201838214565194 -0.019603944720631393 0.024202051892901682 0.016120080648510275 -0.016149316657779769 -0.010020038750769967 -0.025464779669445381 0.017502351743974579 0.02936753666141825 0.034486058657876829 -0.028312251486959036 0.0054659622442035935 -0.028106089589122963
leaf_weight=7.4569138064980489 12.414996013045309 4.5326393172144881 7.1307218931615353 7.428071152418851 5.1534705944359294 17.789713002741344 9.9532718211412448 5.5853969305753735 7.9621384814381626 13.73724842071533 12.051830843091013 8.4209971651434898 2.9182091727852812 5.1093185096979159 3.8244006335735348 9.5518570244312269 4.6468124538660041 39.943277288228273 12.733572978526356 5.845710743218663 3.3401962593197805 7.8954152464866638 4.3849899955093852 3.5317548699676982 3.2179011479020119 17.919044017791748 7.9010857567191124 15.709141373634337 8.1697419956326485 11.49772673845291
leaf_count=42 64 29 73 56 72 82 57 55 66 81 50 43 28 67 46 66 53 590 191 75 50 101 64 59 49 77 38 164 43 146
internal_value=-0.000525469 -0.00370278 -0.0074106 0.000918827 0.0124251 0.0250979 0.010146 -0.00662032 -0.0115528 -0.00120579 0.0175294 0.00305629 -0.0137693 -0.0145926 -0.0201029 -0.00579871 -0.015593 -0.0204528 -0.0115431 -0.00575185 0.00508755 -0.00602263 -0.0173504 -0.00726806 0.00235229 0.0233598 0.0256035 -0.0249083 0.0132046 -0.0240021
internal_weight=287.758 245.372 193.918 84.3203 30.0739 24.9204 51.4539 54.2464 46.8183 21.6994 42.3859 36.0959 109.598 106.679 25.1189 19.5051 102.147 44.5901 57.5566 29.8149 17.0813 11.2356 27.7417 11.859 8.32722 29.9709 15.358 19.5335 16.5907 15.8827
internal_count=2677 2486 2197 695 227 155 289 468 412 147 191 209 1502 1474 265 123 1445 643 802 417 226 151 385 175 116 127 80 210 86 210
cat_boundaries=0 1 2 3
cat_threshold=1041 4 4
is_linear=0
shrinkage=0.03


Tree=51
num_leaves=31
num_cat=2
split_feature=1 8 3 3 13 8 1 7 3 8 0 9 3 0 7 6 3 11 0 6 3 6 8 1 10 9 9 3 3 1
split_gain=15.9324 15.7581 9.74347 8.18103 8.70108 10.7958 13.7511 7.75528 8.44212 7.07801 6.22701 5.21166 5.12725 4.73024 9.04814 4.24616 4.23762 3.91676 4.64002 3.55706 3.08489 3.03181 2.75566 2.51855 2.46426 2.0695 2.5063 1.87548 1.78396 1.90979
threshold=-0.0064350664615631095 1.0000000180025095e-35 1.6250092387199404 0.29060757160186773 0 -1.0000000180025095e-35 0.0080141006037592905 41.603979110717781 0.87163847684860241 7.5000000000000009 13.500000000000002 -0.093571562319993959 1.9054024219512942 6.5000000000000009 53.265357971191413 307.45327758789068 0.55671292543411266 1 7.5000000000000009 280.32257080078131 0.15533763170242312 322.39442443847662 -1.0000000180025095e-35 0.0061128686647862205 -0.26621013879775995 0.12880378961563113 0.12426119670271875 2.4145036935806279 1.8158945441246035 0.011706571560353042
decision_type=2 10 8 10 1 8 2 2 10 8 10 10 8 8 2 2 10 9 10 2 10 2 10 2 8 8 10 8 10 2
left_child=9 2 3 17 7 23 11 8 16 10 12 -7 20 -8 -15 -10 -5 -2 -19 -4 -1 25 -9 -6 -12 26 -22 -21 29 -3
right_child=1 28 19 4 5 6 13 22 15 -11 24 -13 -14 14 -16 -17 -18 18 -20 27 21 -23 -24 -25 -26 -27 -28 -29 -30 -31
leaf_value=0.011580417497503239 0.001441530627588387 -0.011903804650323313 0.0042721957886219276 0.0042374323176956113 0.002818132746347882 0.015145194470015657 0.046005438689597458 -0.00024976366762078983 0.027608316385455595 0.021101981296869146 0.0014786595342315956 -0.01914144842460835 0.016703876217352753 -0.0052874416174815628 0.035873372238490533 -0.0066588542512495763 -0.02548641367550334 0.0073416472201488885 0.034503506855700784 0.017691010003369922 -0.015680255953821009 0.0085235913707845928 -0.02469683482017172 -0.019007189384647124 -0.029184847229464597 -0.029291777306460019 0.01074213855824766 0.036439085797357725 0.00077732774649484973 -0.031179599302615903
leaf_weight=3.9935845807194701 10.453829579055309 13.920185230672365 8.311799116432665 7.217886455357081 7.7826456315815475 5.6352525725960723 9.4683275520801562 5.1284688115119961 10.202139887958763 4.6721602641046038 2.527623575180769 9.1897785514593107 6.0531733185052863 7.9496023319661644 10.336863338947294 4.1169091127812854 8.8942369893193227 10.381934538483621 13.507734589278696 13.831772841513159 18.025074962526567 4.0502319857478133 21.209263864904642 10.385148599743841 21.703213118016723 8.7358506284654123 3.1550385206937781 11.736832916736601 4.3204080015420905 8.1282826066017133
leaf_count=25 55 175 38 69 80 50 47 50 80 38 35 96 30 73 46 43 99 51 64 67 253 46 245 109 349 144 44 52 18 86
internal_value=0.000397095 0.00455839 0.00765513 0.00433882 0.000528124 0.0077322 0.0171276 -0.00726256 0.00184064 -0.0116058 -0.0141175 -0.00597502 -0.00711296 0.0292463 0.0186333 0.0179645 -0.0127013 0.0169944 0.0234688 0.0219691 -0.0112421 -0.0141799 -0.0201198 -0.00999849 -0.0260544 -0.01743 -0.0114375 0.0273446 -0.0167375 -0.0200544
internal_weight=285.025 212.109 185.74 151.86 117.517 60.7476 42.5798 56.7689 30.4312 72.916 68.2438 14.825 44.013 27.7548 18.2865 14.319 16.1121 34.3435 23.8897 33.8804 37.9598 33.9662 26.3377 18.1678 24.2308 29.916 21.1801 25.5686 26.3689 22.0485
internal_count=2657 1693 1414 1257 1087 501 312 586 291 964 926 146 542 166 119 123 168 170 115 157 512 487 295 189 384 441 297 119 279 261
cat_boundaries=0 1 2
cat_threshold=2 1
is_linear=0
shrinkage=0.03


Tree=52
num_leaves=31
num_cat=2
split_feature=1 9 8 13 1 7 10 10 10 7 7 7 9 2 7 10 1 9 4 11 9 7 7 1 5 5 7 1 1 1
split_gain=14.8492 9.47823 8.38705 5.61774 8.87986 7.24844 6.78205 6.91124 5.58404 5.83451 6.81455 6.05662 6.07524 7.23982 6.01867 6.69487 5.44034 5.30231 6.58324 5.8777 4.41593 3.73613 3.6489 3.51782 3.01375 4.24035 3.11498 2.97165 2.92274 2.47298
threshold=0.002485110424458981 -0.60549089312553395 1.0000000180025095e-35 0 0.047635944560170181 51.104207992553718 0.10518581420183183 0.19333585351705554 0.2960518896579743 52.684926986694343 36.431882858276374 18.113891601562504 0.081348042935132994 7.5000000000000009 37.779705047607429 0.15778549015522006 -0.044887863099575036 0.13620546460151675 0.9881996512413026 1 0.096062198281288161 32.112770080566413 32.081161499023445 -0.11928087472915648 243.76800537109378 290.29254150390631 37.069194793701179 0.0071704010479152211 0.011706571560353042 -0.069532629102468477
decision_type=2 10 10 1 2 2 10 8 8 2 2 2 8 10 2 10 2 10 10 9 10 2 2 2 2 2 2 2 2 2
left_child=8 -2 3 4 17 6 -5 -8 9 10 11 16 13 -13 -12 20 23 19 -19 -3 -16 -6 -4 -1 -21 -26 -27 -24 -7 -15
right_child=1 2 22 5 21 28 7 -9 -10 -11 14 12 -14 29 15 -17 -18 18 -20 24 -22 -23 27 -25 25 26 -28 -29 -30 -31
leaf_value=0.018889115696472829 -0.030084547148146859 0.017016083342764606 0.0083904829644357096 -0.015540081145952058 0.0033298126797633456 0.019317324923334638 0.041057234725000065 0.00042415492546262959 -0.025673588939767445 -0.018452035616715837 0.029424558915303014 0.027248186661483483 -0.02808880655386389 -0.027439033537582855 -0.019395228733836319 0.019622944070604009 0.036291662804532318 -0.007942751192450942 0.031975771370459372 -0.022847555522085918 0.015415144121620717 0.029715888949289535 0.0015130495094076892 -0.017912488914011697 0.018080156759589985 -0.029819600448717246 -0.0043570166638420447 -0.024657498590115463 0.040640663874493055 -0.0045423859457988302
leaf_weight=2.7830726057291031 5.3179467990994445 7.1008188985288143 7.1726685948669937 7.1524105295538929 7.8145662471652058 15.652122870087625 5.7837966419756386 8.5201995261013508 13.030816201120613 23.08198731392622 8.2269955649971944 4.3074202984571519 15.521521091461176 5.5294237770140162 11.936557177454235 9.5892662182450277 3.5231797695159894 6.2354408875107747 7.1621640399098396 12.333378218114374 3.5626289062201968 12.944566108286379 5.648721162229779 5.2081418447196484 4.7878957279026535 4.8126140274107483 18.723669599741697 10.896156348288057 13.406047150492666 13.63553672283888
leaf_count=33 45 54 53 69 41 82 37 71 157 233 57 41 245 105 130 94 36 48 55 106 34 63 58 84 35 53 181 116 59 173
internal_value=0.000132924 0.00605721 0.00747171 0.0104089 0.00350683 0.0172808 0.00694113 0.0184633 -0.00782682 -0.0054337 -0.00167365 -0.0085556 -0.0141295 -0.00412807 0.00870509 0.00104332 0.0099413 -0.00189666 0.0141358 -0.00659191 -0.0109444 0.0203926 -0.00868602 -0.00442036 -0.0110245 -0.00527279 -0.0105666 -0.0161454 0.0301797 -0.0121816
internal_weight=281.402 161.465 156.147 132.43 81.9151 50.5146 21.4564 14.304 119.937 106.906 83.8237 50.5083 38.9939 23.4724 33.3154 25.0885 11.5144 61.156 13.3976 47.7584 15.4992 20.7591 23.7175 7.99121 40.6576 28.3242 23.5363 16.5449 29.0582 19.165
internal_count=2648 1226 1181 954 636 318 177 108 1422 1265 1032 717 564 319 315 258 153 532 103 429 164 104 227 117 375 269 234 174 141 278
cat_boundaries=0 1 2
cat_threshold=6 8
is_linear=0
shrinkage=0.03


Tree=53
num_leaves=31
num_cat=2
split_feature=3 3 1 8 13 1 8 9 9 10 2 10 3 9 10 9 8 9 10 3 3 9 9 0 5 3 9 11 4 10
split_gain=18.7647 17.3663 11.9435 11.7061 5.24584 12.925 5.36567 5.17311 5.0579 4.93022 4.9075 4.10871 5.28518 3.57188 3.48233 3.39727 3.27916 3.17822 4.24743 2.78458 3.65442 2.77939 5.62692 2.6488 8.13654 2.84177 2.42471 2.38586 3.70098 1.56454
threshold=1.9054024219512942 0.29060757160186773 -0.010663954075425862 1.0000000180025095e-35 0 0.0080141006037592905 -1.0000000180025095e-35 0.069874908775091185 -0.079479575157165513 0.15464817732572558 21.500000000000004 0.28749155998229986 0.025129280984401706 -0.36203321814537043 0.17623112350702289 -0.21314710378646848 6.5000000000000009 0.071715757250785842 0.22840820997953418 1.0493285059928896 0.53027412295341503 -0.099180757999420152 -0.0040630181320011607 9.5000000000000018 294.05035400390631 0.13604119420051577 0.039533829316496856 1 0.99999895691871654 0.31745702028274542
decision_type=8 10 2 10 1 2 10 8 10 10 10 8 10 10 8 10 8 10 10 10 10 8 8 10 2 10 10 9 10 10
left_child=1 11 16 4 13 8 7 -7 9 -6 14 12 -1 -4 -2 -15 -3 19 27 20 -17 -21 -23 25 -25 -14 -10 28 -19 -20
right_child=10 2 3 -5 5 6 -8 -9 26 -11 -12 -13 23 15 -16 17 -18 18 29 21 -22 22 -24 24 -26 -27 -28 -29 -30 -31
leaf_value=0.039130737958396278 0.03404466516118361 -0.023033416634817335 -0.026383684144590937 -0.022861994165480074 -0.0097601836516660635 -0.01739077335674831 0.033231622079983633 0.023390882655370399 -0.030404883366522879 0.028188473764618124 0.0011105880151273785 -0.0059286887796320912 0.0059740641263234164 0.017432595050223508 0.011018346884003308 0.0021710935828669451 0.005218066665876933 0.015437975976424406 -0.026429813665887782 -0.018452554384494023 -0.022021316047243576 0.029860506021923545 -0.0088211316160482656 -0.017935845911653734 0.020460823247664874 0.031755469949453816 -0.0040955573758559623 0.024504506554809211 -0.012994689406907461 -0.00055957433808024378
leaf_weight=7.1008135080337516 17.57270759344101 38.476833049207926 5.0759145542979232 20.958349704742432 5.9395437203347701 4.3450928963720798 16.446513138711452 4.9257062189281005 6.6340660601854307 4.6734126396477222 9.5098637640476209 7.8756523653864852 7.7896618843078596 6.0853012800216666 10.620388329029085 7.5955120250582722 3.7143188156187525 8.4002867192029935 3.6652746312320224 4.0879143625497818 18.909249074757099 4.8208931908011436 7.2981481775641459 8.0729787722229975 10.009487330913542 7.8900423869490623 5.9800464473664761 6.1473038941621825 6.3716159388422975 3.9126266650855541
leaf_count=30 79 682 50 271 52 45 78 36 75 38 43 49 38 47 47 74 51 76 49 38 219 45 72 59 52 43 60 47 71 35
internal_value=0.00054113 -0.00253668 -0.00655457 -0.00258686 0.000797462 0.00762243 0.0234091 0.00444485 -0.0069553 0.00793886 0.0199471 0.0133039 0.0170638 -0.00376358 0.0260452 -0.00244081 -0.0204831 -0.00435703 0.00333658 -0.00944908 -0.0152616 0.000391164 0.00766944 0.0114305 0.00327692 0.0200733 -0.0191493 0.0102408 0.00312768 -0.0146949
internal_weight=280.906 243.203 194.464 152.273 131.314 48.9444 25.7173 9.2708 23.2271 10.613 37.703 48.7386 40.863 82.37 28.1931 77.2941 42.1912 71.2088 28.4971 42.7117 26.5048 16.207 12.119 33.7622 18.0825 15.6797 12.6141 20.9192 14.7719 7.5779
internal_count=2651 2482 2211 1478 1207 384 159 81 225 90 169 271 222 823 126 773 733 726 278 448 293 155 117 192 111 81 135 194 147 84
cat_boundaries=0 1 2
cat_threshold=6 4
is_linear=0
shrinkage=0.03


Tree=54
num_leaves=31
num_cat=2
split_feature=1 10 8 8 1 8 11 15 7 10 5 6 0 5 0 1 10 1 2 7 5 5 7 7 4 6 6 1 8 7
split_gain=11.9142 8.49929 9.05894 8.34528 8.20801 9.69657 9.18618 8.16592 6.55525 6.71218 6.55444 6.06629 5.81875 6.96937 5.65946 5.438 5.0195 4.51146 3.59094 4.69338 2.44718 4.30331 2.38473 4.01765 2.3526 3.07638 2.15857 2.14495 1.87347 5.1859
threshold=-0.0083915349096059782 0.5471404790878297 1.0000000180025095e-35 7.5000000000000009 0.01664349623024464 -4.4999999999999991 0 1 48.209159851074226 0.22691270709037784 317.00840759277349 281.27742004394537 11.500000000000002 274.82800292968756 22.500000000000004 0.0049758991226553926 -0.027567031793296334 -0.00063625432085245837 7.5000000000000009 32.495632171630866 231.29714202880862 222.12770843505862 32.303091049194343 52.946125030517585 0.99977847933769237 293.99600219726568 309.63867187500006 0.0051766936667263517 1.5000000000000002 32.142530441284187
decision_type=2 8 10 8 2 8 9 9 2 10 2 2 10 2 10 2 10 2 10 2 2 2 2 2 10 2 2 2 8 2
left_child=3 2 4 12 5 6 -2 8 -7 14 11 -6 13 24 15 -10 17 -9 -13 -20 21 -18 26 -24 -1 -26 -4 -8 -14 -30
right_child=1 -3 22 -5 10 7 27 16 9 -11 -12 18 28 -15 -16 -17 20 -19 19 -21 -22 -23 23 -25 25 -27 -28 -29 29 -31
leaf_value=-0.027509692547873558 0.038054474235664763 -0.030309432565431085 -0.010280812718399868 0.02309253517776207 -0.0016073423548981821 -0.016090035600069792 -0.009842500775430342 0.024409255071196952 -0.0065712909142458297 0.034471818158705994 -0.008690518818327669 0.036666406376077661 -0.030128200058522712 0.0083115473430239641 -0.017656962611387092 0.025100695763755839 -0.018630257044977373 -0.0068968406106245444 0.0028598614788341403 0.028366388114847152 -0.019406453193593309 0.019699473736136505 -0.024240194603274503 0.008966058742938196 -0.018743298286084124 0.014085283670935367 0.015531171553918073 0.013615712630875035 0.021354281215315889 -0.02641222208314389
leaf_weight=9.9385734312236327 10.92003021389246 5.617791097611188 6.0087501779198664 4.9061587415635577 9.4662428274750692 6.9036085382103911 6.703071866184473 5.2204036489129093 7.210628677159554 9.5410736128687841 7.8264383412897578 14.704033128917215 18.474636573344469 15.609410371631382 6.0923733413219443 12.143590737134216 4.7832411974668485 11.522929824888704 12.061785183846952 13.717563137412069 31.336364585906267 3.8477417454123497 14.521073181182148 3.592786841094493 5.314261391758917 3.4118845611810684 3.9941640086472034 5.4464170038700104 2.2954342886805561 4.6712164506316185
leaf_count=155 61 53 52 39 56 86 49 46 69 67 73 72 299 164 42 67 49 101 74 71 342 40 173 32 74 42 40 39 40 87
internal_value=-0.000228345 0.00319904 0.00424693 -0.0114115 0.00673494 0.0022677 0.0193425 -0.00188132 0.00731557 0.0142854 0.0159439 0.0198986 -0.01458 -0.00621062 0.00569938 0.0135578 -0.00848186 0.00368965 0.0248449 0.0169847 -0.0156168 -0.00127145 -0.011318 -0.0175294 -0.0181607 -0.005779 0.000500737 0.000909166 -0.0251937 -0.00996878
internal_weight=277.804 213.182 207.564 64.6216 179.448 121.671 23.0695 98.602 41.8913 34.9877 57.7761 49.9496 59.7154 34.2741 25.4466 19.3542 56.7107 16.7433 40.4834 25.7793 39.9673 8.63098 28.1168 18.1139 18.6647 8.72615 10.0029 12.1495 25.4413 6.96665
internal_count=2654 1754 1701 900 1404 1058 149 909 331 245 346 273 861 435 178 136 578 147 217 145 431 89 297 205 271 116 92 88 426 127
cat_boundaries=0 1 2
cat_threshold=1 145
is_linear=0
shrinkage=0.03


Tree=55
num_leaves=31
num_cat=0
split_feature=3 3 5 7 10 10 7 3 6 10 5 4 7 2 7 2 9 2 2 9 9 7 2 9 6 4 2 0 5 4
split_gain=11.9265 10.9949 5.01943 4.98106 4.63669 7.08216 5.7019 5.04599 12.0654 4.80704 4.60157 4.28347 4.7319 5.22592 4.01484 3.6699 4.92496 3.10096 3.50199 3.78742 3.43417 2.77089 2.61488 2.53915 2.83738 2.3339 2.15819 2.18904 2.09633 3.96209
threshold=0.21781230717897418 2.55652928352356 273.98513793945318 17.073340415954593 -0.019266567192971703 0.018254144117236141 35.133117675781257 0.49877439439296728 315.00035095214849 -0.029195302166044709 278.31544494628912 6.8855219303998191e-09 50.276121139526374 11.500000000000002 42.875749588012702 6.5000000000000009 0.20732259005308154 29.500000000000004 25.500000000000004 0.089925631880760207 -0.018012063577771183 32.798503875732429 14.500000000000002 0.12880378961563113 293.99600219726568 3.3205301974703621e-07 19.500000000000004 2.5000000000000004 317.00840759277349 0.99998483061790477
decision_type=10 10 2 2 8 10 2 10 2 8 2 10 2 10 2 10 8 10 8 10 8 2 8 8 2 10 10 8 2 10
left_child=14 3 -3 -2 9 22 15 8 10 17 -8 12 13 -9 21 16 -7 18 19 20 -5 -1 -6 24 -21 -22 27 -13 29 -29
right_child=1 2 -4 4 5 6 7 11 -10 -11 -12 26 -14 -15 -16 -17 -18 -19 -20 23 25 -23 -24 -25 -26 -27 -28 28 -30 -31
leaf_value=0.013592429959613846 0.024500458361568916 0.0028660660183812583 0.033088290633886568 0.00034451276470362052 -0.032084424648911362 0.024007209200493367 0.0097836456604643018 -0.001841968874133467 0.043228952816439938 0.026093734299868849 -0.027516447284052687 0.0066885021825828618 -0.0078213888782368516 0.03595046205900914 0.0038053696303517594 -0.020237181833926161 -0.017071329709818315 -0.022113847189406156 0.025780382776439171 -0.00053566488445466157 -0.00064968653288892929 0.036074029483604872 -0.006067119540267848 -0.0021048083165137368 0.029884120531199515 -0.026915597252117198 0.003189800616822315 0.0029300024957722411 -0.023024993326122914 -0.022338369852411478
leaf_weight=14.678505182266237 4.3279612585902205 9.6326396167278308 9.6364732533693296 22.220064748078585 12.683315437287094 3.8392609022557718 5.9454506784677523 6.0605509802699107 6.174282804131507 5.4582157917320719 4.3073224276304245 4.2523702941834918 11.256038088351486 5.9776330068707466 17.179746255278587 28.104293365031481 4.7541910447180271 4.7364735193550578 3.722344070672988 4.3940057866275293 4.5292756780982009 8.5666544884443265 5.3932323716580859 9.8835464790463465 6.2649608366191387 8.6153642870485765 9.4044922515749914 12.463630687445404 15.253706306219099 8.8331985399126989
leaf_count=87 26 43 42 213 150 33 46 50 49 43 49 49 89 40 87 415 55 35 30 59 39 40 52 106 60 120 80 140 227 91
internal_value=0.000285181 -0.00229034 0.018867 -0.00423048 -0.00492109 -0.00796793 -0.00535266 -0.00123281 0.0133155 0.00141648 -0.00693934 -0.00461933 0.00584438 0.0182421 0.0151454 -0.0151479 0.00187059 -0.00104332 0.000967477 -0.00110858 -0.00699568 0.0230238 -0.025047 0.00888057 0.0183736 -0.0185509 -0.00949339 -0.0124231 -0.0147655 -0.00808228
internal_weight=278.549 238.124 19.2691 218.855 214.527 144.703 126.626 89.9287 16.4271 69.8243 10.2528 73.5016 23.2942 12.0382 40.4249 36.6977 8.59345 64.366 59.6296 55.9072 35.3647 23.2452 18.0765 20.5425 10.659 13.1446 50.2074 40.8029 36.5505 21.2968
internal_count=2645 2431 85 2346 2320 1615 1413 910 144 705 95 766 179 90 214 503 88 662 627 597 372 127 202 225 119 159 587 507 458 231
is_linear=0
shrinkage=0.03


Tree=56
num_leaves=31
num_cat=0
split_feature=5 3 3 1 8 8 5 7 3 8 8 10 1 0 0 3 6 7 7 10 10 7 7 10 0 10 10 4 5 3
split_gain=13.4109 16.4029 14.5222 13.4091 10.4626 8.37256 8.57761 5.55752 4.26037 4.09865 4.02531 5.03945 7.12153 3.32662 3.06194 2.89851 2.86642 3.68047 4.29075 2.44138 3.05644 2.35153 2.15354 1.98508 1.61011 1.5686 6.93815 1.72322 4.69334 1.65906
threshold=185.39875793457034 2.4145036935806279 0.29060757160186773 0.0078605599701404589 1.0000000180025095e-35 -1.0000000180025095e-35 313.59620666503912 48.209159851074226 0.025129280984401706 -6.4999999999999991 -1.0000000180025095e-35 0.21021888405084613 0.002485110424458981 6.5000000000000009 6.5000000000000009 1.1362922191619875 300.70329284667974 32.29548645019532 47.113134384155281 -0.10352222621440886 -0.074425034224987016 32.635873794555671 49.101280212402351 -0.019266567192971703 9.5000000000000018 -0.03908619470894336 -0.014709395356476305 9.0469742808352307e-11 313.01953125000006 0.55671292543411266
decision_type=2 8 10 2 10 8 2 2 10 10 10 10 2 10 10 10 2 2 2 10 10 2 2 10 10 10 8 10 2 10
left_child=-1 2 8 10 5 9 14 -8 -2 -5 11 12 13 -4 -7 22 24 -18 -19 -12 -21 -15 -16 -11 -10 -22 -27 28 -28 -29
right_child=1 -3 3 4 -6 6 7 -9 16 23 19 -13 -14 21 15 -17 17 18 -20 20 25 -23 -24 -25 -26 26 27 29 -30 -31
leaf_value=-0.029744860430251801 0.033672299305913062 0.02587283697451281 0.014415903976878216 0.012892559045050147 -0.022354914107865904 0.030970524030190107 -0.027918730038432 0.0087929205190178505 0.008084993614208124 0.0012113181466260007 -0.025531936462818788 -0.023391338156423962 0.032709310176420536 -0.021812164014083917 -0.0077164002732637033 0.027774078518617153 -0.0039875557267684348 0.036500714266377403 0.008510039345241735 0.008236978562715918 -0.02939810581809834 0.0022557831334804584 0.013596311969108356 -0.020713429854342904 -0.011261727094415598 0.027285069943673624 -0.016415889428304072 -0.0069755882207718145 0.021788645844035909 -0.020488639951194182
leaf_weight=11.729202188551424 7.5417914092540732 22.225206285715103 5.3159775696694949 6.1578595712780979 10.32044806703925 17.422609802335501 4.9854866638779631 8.9074372947216016 6.9629537761211378 5.1588200218975606 14.006994336843489 6.2862404808402053 5.2640701346099368 7.5855221189558488 6.0165161117911401 7.6038140356540671 6.4579883664846447 8.5007823482155818 11.960393264889715 5.7416039817035189 4.6096410416066567 6.0615998506546021 10.351452745497225 11.385203495621676 6.5542756393551826 2.947383027523756 7.1862325184047275 12.769950829446314 3.4912781529128551 31.814405232667923
leaf_count=107 32 99 53 41 117 92 70 74 40 40 203 71 42 133 51 41 41 46 59 69 55 58 57 125 46 30 90 167 28 531
internal_value=0.000354647 0.00175889 -0.000485041 -0.00403036 0.00470118 0.00851924 0.0147409 -0.00537113 0.014175 -0.00661537 -0.0108306 -0.00145431 0.0049393 -0.00402186 0.0214584 0.0135817 0.00981374 0.0153063 0.0212979 -0.0142368 -0.0115954 -0.0116978 0.00576899 -0.0141974 -0.00142546 -0.0135087 -0.0117751 -0.0143063 -0.00312784 -0.0168561
internal_weight=283.323 271.594 249.369 201.391 88.3096 77.9892 55.2873 13.8929 47.9782 22.7019 113.081 30.5134 24.2272 18.9631 41.3944 23.9718 40.4364 26.9192 20.4612 82.5675 68.5605 13.6471 16.368 16.544 13.5172 62.8189 58.2092 55.2619 10.6775 44.5844
internal_count=2708 2601 2502 2238 708 591 385 144 264 206 1530 357 286 244 241 149 232 146 105 1173 970 191 108 165 86 901 846 816 118 698
is_linear=0
shrinkage=0.03


Tree=57
num_leaves=31
num_cat=2
split_feature=1 3 8 3 3 8 6 1 10 3 6 5 1 8 6 6 5 1 13 11 6 6 10 10 1 2 4 0 2 2
split_gain=18.6921 8.79719 8.63477 6.66819 5.77251 5.4002 5.6432 6.56104 3.67924 4.37618 3.22827 3.22465 2.8725 2.60013 2.50249 2.48306 2.12737 4.19423 5.28423 3.5086 2.07683 4.18019 3.55151 4.98828 4.04527 3.88669 3.91244 2.99147 1.92987 1.84461
threshold=0.0042029945179820069 1.6858955621719363 1.0000000180025095e-35 0.24878885596990588 2.55652928352356 -24.499999999999996 282.06729125976568 0.016444201581180099 -0.042602596804499619 0.50850221514701854 320.68588256835943 274.82800292968756 -0.17497552186250684 1.0000000180025095e-35 305.93513488769537 299.78855895996099 327.13790893554693 0.0068218964152038106 0 1 303.73489379882818 322.39442443847662 -0.014709395356476305 -0.083460871130228029 -0.0083915349096059782 6.5000000000000009 0.49644526839256292 7.5000000000000009 4.5000000000000009 12.500000000000002
decision_type=2 8 10 10 10 10 2 2 10 10 2 2 2 8 2 2 2 2 1 9 2 2 8 10 2 10 8 10 10 8
left_child=3 2 5 10 12 -2 28 16 -9 -10 15 -11 -5 -3 -4 -1 17 -8 19 -19 22 -22 23 -14 -24 -26 -27 -23 -7 -30
right_child=1 13 14 4 -6 6 7 8 9 11 -12 -13 20 -15 -16 -17 -18 18 -20 -21 21 27 24 -25 25 26 -28 -29 29 -31
leaf_value=0.00060591354733562379 0.028233512123149822 0.028136693611525172 -0.029765710593434379 0.012585032289719592 0.01245291746952192 0.002229687369768463 0.013144275958243825 0.027918300320561504 0.025956605279533248 0.014312441630013377 -0.0089109611592824607 -0.011180067831841688 -0.0092545361350808569 0.0075281089064089812 -0.0042803353202574392 0.025145047665328209 0.016553719809856288 0.025242246929451456 -0.014130647432993155 -0.0028911137393390473 -0.025410377629574224 0.0147981824689209 -0.026801710517166837 0.022577433671164077 -0.02331875602842725 0.025760381074933187 -0.0086620466023700389 -0.014135619024010684 -0.030482371087783303 -0.0035740022218840061
leaf_weight=6.616669528186323 8.4571755528449994 19.087373100221157 6.7389417067170125 2.9204959832131854 7.5528226494789115 5.1139446981251231 10.825055547058581 14.541475277394055 7.5663891956210163 6.7054435648024109 7.2951192781329146 9.6238231770694238 14.23874442651868 8.8733913823962229 6.9953120648860931 7.6010221615433693 5.1253431178629389 6.1671304851770401 18.11100464686751 8.5910881757736224 29.845506813377142 3.9922980144619933 15.25712740793824 5.2469164170324794 5.572283733636147 4.035737402737138 6.4040587171912202 8.1993795931339246 5.100643873214719 4.1511717997491369
leaf_count=44 45 88 79 41 34 45 92 81 38 40 39 79 217 40 84 43 46 28 178 68 415 44 290 60 78 35 86 100 47 37
internal_value=0.000133693 0.00718459 0.00367029 -0.00843164 -0.0115809 0.00650597 0.00444027 0.00732422 0.016425 0.00859038 0.00652831 -0.000490001 -0.0135866 0.0220823 -0.0179566 0.0145152 -2.69529e-05 -0.00229873 -0.00762261 0.00594706 -0.0145357 -0.019517 -0.0101126 5.77482e-07 -0.0162194 -0.00515335 0.00573334 -0.00425738 -0.0124133 -0.0199352
internal_weight=276.553 151.775 123.814 124.778 103.265 110.08 101.623 87.2568 38.4371 23.8957 21.5128 16.3293 95.7125 27.9608 13.7343 14.2177 48.8196 43.6943 32.8692 14.7582 92.7921 42.0372 50.7549 19.4857 31.2692 16.0121 10.4398 12.1917 14.3658 9.25182
internal_count=2641 1115 987 1526 1400 824 779 650 238 157 126 119 1366 128 163 87 412 366 274 96 1325 559 766 277 489 199 121 144 129 84
cat_boundaries=0 1 2
cat_threshold=1 4
is_linear=0
shrinkage=0.03


Tree=58
num_leaves=31
num_cat=2
split_feature=3 3 1 7 1 9 0 9 9 3 10 3 15 7 11 7 5 10 3 10 5 9 9 0 10 3 5 7 5 10
split_gain=11.7264 12.5414 9.91943 8.81484 6.7567 5.92521 3.54149 3.25392 5.86595 4.78013 3.25045 4.77125 3.00735 5.45638 5.40784 3.83597 3.39598 3.18039 2.94691 2.85489 2.80728 2.75351 5.76648 6.68539 3.57586 2.68412 1.71381 2.74475 1.67585 1.36148
threshold=0.27925312519073492 1.8158945441246035 0.011901889927685263 53.092546463012702 0.025862181559205059 0.15162380784749988 41.500000000000007 -0.093571562319993959 -0.054284581914544099 0.040391232818365104 0.15286602824926379 2.55652928352356 0 49.552991867065437 1 31.885633468627933 332.44862365722662 0.038034128025174148 0.85850954055786144 0.038034128025174148 264.18087768554693 -0.072363134473562227 -0.13388190418481824 17.500000000000004 -0.2303948029875755 0.34914918243885046 295.72904968261724 32.081161499023445 283.89607238769537 0.14454689621925357
decision_type=10 10 2 2 2 8 8 8 10 10 8 10 9 2 9 2 2 8 10 8 2 8 8 10 8 10 2 2 2 10
left_child=7 2 6 4 5 -4 12 -1 -9 -10 11 -3 13 14 15 -2 21 -15 20 -5 -6 22 -14 28 -23 -26 27 -11 -24 -20
right_child=1 10 3 19 18 -7 -8 8 9 26 -12 -13 16 17 -16 -17 -18 -19 29 -21 -22 24 23 -25 25 -27 -28 -29 -30 -31
leaf_value=0.023853461570797745 0.018890648833742068 0.0037652794705346207 -0.028541867981745624 0.031841122141043732 -0.016804637092089538 0.0081011830823385835 0.014922738227446478 -0.016758744607587452 0.032236045116440987 0.011471574566845884 0.0018091548712663192 0.030367535711917672 -0.019342954640793549 -0.020320842697079063 0.040362139901726379 -0.019589961578792382 0.013341589509183772 0.0029255528563684316 0.0055344950550764906 0.0080834505900752498 0.010292943677516075 0.0080261148585594154 0.0064157160226320622 0.039674786669689224 0.0049289549722062479 -0.023000962550886583 0.0147091094521202 -0.014194077163652506 -0.019747966042443717 0.023400788549693401
leaf_weight=16.462850771844387 3.59146773442626 10.926468148827555 12.083758961409329 9.0233700126409513 6.9760093204677123 5.1709978729486492 3.8790265172719947 6.3256405219435683 7.6708743870258358 6.4850765466690081 16.140276372432709 13.606507629156111 14.094760198146103 10.846816450357434 3.7136333957314509 3.7380974479019642 2.8783540017902842 9.1780830398201978 9.687989294528963 10.032129265367987 5.1652858033776283 3.4333730973303318 3.5487736277282256 3.1349299997091293 2.9388059116899958 55.283025722950697 9.4598501175641996 6.5280799120664597 3.5573316402733326 6.4437891058623782
leaf_count=83 45 52 163 49 56 44 37 37 34 41 73 61 189 103 29 55 33 81 72 51 36 54 46 42 34 921 50 46 43 41
internal_value=0.000504423 -0.00244882 -0.00571747 0.00377624 -0.0034533 -0.0177183 -0.01066 0.0130935 0.00772929 0.0132412 0.0124655 0.019131 -0.011604 -0.000636867 0.0152924 -0.000730331 -0.0137836 -0.0100339 0.00556034 0.0203602 -0.00537048 -0.016419 -0.00744951 0.00918404 -0.0197839 -0.0215317 0.0056604 -0.00149777 -0.00750229 0.0136205
internal_weight=282.005 229.073 188.4 64.5833 45.5278 17.2548 123.816 52.9324 36.4695 30.1439 40.6733 24.533 119.937 31.0681 11.0432 7.32957 88.8694 20.0249 28.2731 19.0555 12.1413 85.991 24.3358 10.241 61.6552 58.2218 22.473 13.0132 7.10611 16.1318
internal_count=2701 2410 2224 512 412 207 1712 291 208 171 186 113 1675 313 129 100 1362 184 205 100 92 1329 320 131 1009 955 137 87 89 113
cat_boundaries=0 1 2
cat_threshold=1106 4
is_linear=0
shrinkage=0.03


Tree=59
num_leaves=31
num_cat=3
split_feature=1 7 3 1 10 15 1 1 2 2 9 7 9 3 9 7 1 2 9 2 6 3 10 9 15 2 5 11 10 1
split_gain=9.09921 8.33946 7.20326 6.44525 8.21122 6.15429 5.83239 5.05642 12.1725 8.75279 8.84925 9.28131 6.82942 4.79085 3.54434 4.20698 3.48248 3.18456 2.77392 4.60471 2.75522 8.79543 2.63147 4.58318 2.62642 5.46814 4.91435 2.43534 2.19842 3.67097
threshold=0.00090630701743066322 53.265357971191413 0.040391232818365104 0.070295058190822615 0.20157121866941455 0 -0.00063625432085245837 -0.0083915349096059782 11.500000000000002 11.500000000000002 0.15411201864480975 52.684926986694343 -0.12372096255421637 1.6858955621719363 0.071715757250785842 52.976987838745124 0.0099341254681348818 24.500000000000004 0.081348042935132994 8.5000000000000018 302.42631530761724 0.63794362545013439 0.13450501114130023 -0.076736249029636369 1 8.5000000000000018 324.49961853027349 2 -0.05742355249822139 -0.020789129659533497
decision_type=2 2 10 2 8 9 2 2 10 10 8 2 10 10 10 2 2 10 8 10 2 10 10 10 9 10 2 9 8 2
left_child=6 2 -2 13 -5 16 7 9 -9 10 11 12 -1 14 15 17 -3 22 19 -14 -10 -22 -4 -24 26 -26 -16 -7 29 -11
right_child=1 5 3 4 -6 27 -8 8 20 28 -12 -13 18 -15 24 -17 -18 -19 -20 -21 21 -23 23 -25 25 -27 -28 -29 -30 -31
leaf_value=-0.015180781353726127 0.028189467276466745 0.012998351739477228 -0.027866003040408122 0.022956354546680144 -0.013454316507280928 -0.013290494968728262 -0.029323238710615637 -0.018017425934099655 0.032418759063219525 -0.020915721930397195 -0.023516477555596799 -0.027403069646697999 0.052169781024831198 0.0088646648876211081 -0.018914568791529019 0.011067593873372085 0.035374427819317718 0.0013464331793015829 0.0098820416345691692 0.010203227687246548 0.029422736074975406 -0.019896185143069938 0.0096464643772432683 -0.023216081805709408 -0.0046476480428001279 0.032273527141821377 0.015583850157098109 0.0073844500952899754 -0.028305754189915044 0.010888353994119379
leaf_weight=3.8462192676961449 6.8284161314368239 12.253523014485838 18.875061687082052 16.980758517980576 7.2970600053668049 10.14080448076129 8.4093911089003068 11.551273904740812 7.8424793928861645 8.7095367126166803 8.6190988011658174 4.0017581805586806 5.450115676969288 16.942936949431896 12.983345199376346 4.7998364865779868 17.061799570918083 6.9957643970847121 7.3423726633191171 4.6445985063910484 6.6592047922313196 4.7514151334762573 5.8103155009448519 8.1419828459620458 7.6704274043440837 5.4776972755789757 4.2125062309205523 8.6169043183326721 16.17438101768494 4.1608059816062442
leaf_count=44 34 68 245 82 51 71 98 137 71 138 144 48 48 78 147 42 78 58 85 62 46 56 67 117 59 43 41 54 278 51
internal_value=0.000281868 0.00450407 0.000330226 -0.00153366 0.0119133 0.0149603 -0.00676407 -0.00445246 0.00539058 -0.00927818 0.00113722 0.010116 0.0180837 -0.00517563 -0.00842373 -0.0137086 0.0201214 -0.0168928 0.0258465 0.0355209 0.0196309 0.00893779 -0.0207047 -0.00980087 -0.000462513 0.00698858 -0.00649947 -0.00258929 -0.0210694 -0.0105902
internal_weight=273.252 171.089 123.016 116.188 24.2778 48.073 102.163 93.7533 30.8044 62.9489 33.9042 25.2851 21.2833 91.9099 74.9669 44.623 29.3153 39.8231 17.4371 10.0947 19.2531 11.4106 32.8274 13.9523 30.344 13.1481 17.1959 18.7577 29.0447 12.8703
internal_count=2641 1335 1064 1030 133 271 1306 1208 310 898 431 287 239 897 819 529 146 487 195 110 173 102 429 184 290 102 188 125 467 189
cat_boundaries=0 1 2 3
cat_threshold=17 33 1
is_linear=0
shrinkage=0.03


Tree=60
num_leaves=31
num_cat=0
split_feature=1 3 3 8 2 10 10 10 7 2 8 2 2 2 0 6 3 3 3 5 10 7 1 1 1 0 7 2 10 0
split_gain=12.4295 8.29896 8.04917 7.92654 6.24785 6.40282 7.30998 6.03651 12.3999 7.64812 7.058 4.82954 4.70577 4.38538 4.19621 3.77698 3.43006 4.33211 3.8667 5.27449 2.81647 2.59792 3.68751 2.34127 4.79452 3.47409 3.44783 3.28827 2.26652 3.68666
threshold=-0.0083915349096059782 0.040391232818365104 1.6858955621719363 1.0000000180025095e-35 42.500000000000007 -0.036238502711057656 0.047496516257524497 -0.01583845820277929 32.112770080566413 11.500000000000002 2.5000000000000004 22.500000000000004 7.5000000000000009 8.5000000000000018 2.5000000000000004 284.24739074707037 0.56287711858749401 0.32958720624446874 0.78926253318786632 318.55134582519537 -0.23864492028951642 42.875749588012702 0.010496200062334539 -0.001634406275115907 0.012661013286560776 8.5000000000000018 41.137786865234382 16.500000000000004 0.22544571757316592 13.500000000000002
decision_type=2 10 10 10 10 8 10 8 2 8 8 8 10 10 8 2 10 10 10 2 10 2 2 2 2 10 2 10 10 8
left_child=7 -2 3 4 5 23 21 8 9 -1 -9 12 -4 -12 -8 -16 17 -17 -18 28 -10 -7 -23 -3 25 -25 27 -26 29 -20
right_child=1 2 11 -5 -6 6 14 10 20 -11 13 -13 -14 -15 15 16 18 -19 19 -21 -22 22 -24 24 26 -27 -28 -29 -30 -31
leaf_value=0.040119931145620881 0.026512728265648784 0.027222537863632559 0.0027617838235709517 -0.017472800160250847 0.030908030501208304 -0.026247243054650732 0.020246117038408031 -0.026328164972943786 0.0048278386289028509 -0.0075444763550770056 0.025084922982106118 -0.0031683094409385932 0.030284717451652184 -0.017442383048056939 -0.017696540124303984 -0.0029999050058697385 -0.017852009738445068 0.023248047594828111 0.029946015488598349 -0.020724005591704276 -0.024391738432563977 -0.018719661695610519 0.012397904663228168 0.013568301955976138 -0.009254537330222053 -0.015649488388481736 0.033522171652825727 0.020595289601632896 -0.0019663501722744156 -0.00265693236979263
leaf_weight=6.766720589250327 12.311664804816244 5.6994170211255542 8.4503990560770053 21.119566362351179 5.3483017534017554 12.703685119748117 8.1930657364428026 27.688118435442448 3.4746405370533457 4.5188318379223356 3.8833557404577723 9.4241625666618329 16.873118117451668 3.0167167782783508 9.733290843665598 10.329386230558159 11.12768718600273 10.994753293693064 7.1439930386841342 5.7503831498324862 11.904641695320604 7.5659061595797521 4.8298452608287334 4.7372994683682945 5.6317899003624934 9.3970609717071039 6.2605663686990729 5.8246490955352783 8.6971467956900579 4.8156659342348584
leaf_count=63 57 59 40 282 31 133 62 445 44 69 36 44 78 60 94 61 129 101 54 85 186 68 34 37 44 90 32 37 78 43
internal_value=0.000135442 0.00356765 0.00203527 -0.000742584 0.00180096 0.000472369 -0.00343827 -0.0116632 -0.000838617 0.0219741 -0.01975 0.014948 0.0215542 0.0066376 0.0012086 -0.00132361 0.00163433 0.0109687 -0.00381572 0.00253457 -0.0178985 -0.0171558 -0.0065747 0.0108969 0.00723587 -0.00560732 0.0172341 0.00635667 0.00966718 0.0176261
internal_weight=274.216 212.963 200.651 165.903 144.784 139.436 101.885 61.253 26.6648 11.2856 34.5882 34.7477 25.3235 6.90007 76.7854 68.5923 58.859 21.3241 37.5349 26.4072 15.3793 25.0994 12.3958 37.5508 31.8514 14.1344 17.717 11.4564 20.6568 11.9597
internal_count=2676 1773 1716 1554 1272 1241 942 903 362 132 541 162 118 96 707 645 551 162 389 260 230 235 102 299 240 127 113 81 175 97
is_linear=0
shrinkage=0.03


Tree=61
num_leaves=31
num_cat=0
split_feature=3 1 7 7 6 1 3 7 0 2 1 4 7 7 0 6 1 2 6 9 1 0 7 4 6 9 7 3 7 0
split_gain=15.6445 9.23831 7.49451 7.62152 7.59106 8.44419 6.36053 6.13133 5.15765 4.8108 4.76941 3.53226 5.43853 7.54773 4.63112 3.96859 3.28455 3.25473 3.06207 3.0564 3.19097 2.83565 2.38517 2.23576 2.10629 2.62184 3.52957 2.59299 1.85952 1.78679
threshold=2.4145036935806279 0.0042029945179820069 18.338701248168949 51.104207992553718 283.61703491210943 0.090036813169717803 0.21781230717897418 42.875749588012702 22.500000000000004 43.500000000000007 0.0064637907780706891 0.24575785547494891 32.495632171630866 52.684926986694343 7.5000000000000009 303.45353698730474 0.011901889927685263 19.500000000000004 291.97767639160162 0.14661013334989551 0.047635944560170181 7.5000000000000009 41.636472702026374 0.99999961256980907 313.66049194335943 0.037885801866650588 36.599782943725593 0.39377997815608984 55.222024917602546 24.500000000000004
decision_type=8 2 2 2 2 2 10 2 10 8 2 10 2 2 8 2 2 8 2 10 2 10 2 10 2 8 2 10 2 10
left_child=1 6 -3 4 -4 10 7 -1 16 11 -6 12 -8 14 -14 -16 17 28 -2 20 21 23 -21 -12 -13 27 -27 -26 -5 -23
right_child=18 2 3 8 5 -7 9 -9 -10 -11 19 24 13 -15 15 -17 -18 -19 -20 22 -22 29 -24 -25 25 26 -28 -29 -30 -31
leaf_value=0.018620397822882745 0.0090171755357127299 0.025072474185400456 -0.026244861868707534 -0.012786401820084215 0.014067749063817071 0.02058152066565213 -0.021400756241658332 -0.014845131350778092 -0.0088610483964569973 0.012170911955920549 -0.015976653177104672 -0.022173553289761574 0.040183464350433767 -0.016650691440587142 0.020876651959031836 -0.016676133898831959 0.023543448109758704 0.021571589276847897 0.031440505699422444 -0.010184517729111064 0.0074145477649958207 -0.03011558634560187 0.015621545806459363 0.011938814485416687 0.0032860625320041627 -0.016783882444124848 0.021651018186810641 -0.025845919713475263 0.0082233671526523739 -0.0035592139695786386
leaf_weight=12.427229978144171 10.705195873975756 11.205270707607268 12.262516584247349 7.0239744074642676 7.4558339901268473 11.80555287003517 11.505894865840672 6.8750641718506804 10.044845230877398 6.156595066189765 5.1453682743012958 39.113887894898653 4.1837188377976426 8.8757583387196046 4.3751919157803059 3.8171815760433674 18.03609612211585 6.4607739821076384 13.223577409982679 5.5893564857542497 4.1757164821028701 14.477675348520281 5.3488556854426861 3.5258584916591644 3.6474589966237536 2.8880349434912231 3.8944150656461716 8.0848878212273103 6.2566716149449348 3.0150993615388861
leaf_count=72 48 54 133 53 75 54 204 38 72 39 63 653 37 100 52 48 96 32 61 50 27 198 40 36 31 49 46 119 36 32
internal_value=-0.000486252 -0.0027558 0.00267008 0.000399997 -0.0056865 -0.00116351 -0.00890035 0.0065566 0.0095924 -0.0120263 -0.00673907 -0.0137896 -0.00568432 0.00340401 0.0179562 0.00346853 0.0146011 0.00568993 0.0221729 -0.0107412 -0.0155133 -0.0193108 0.00268629 -0.00456499 -0.0182213 -0.00916344 0.00523135 -0.0172423 -0.00300571 -0.0259782
internal_weight=271.604 247.675 131.829 120.624 72.8018 60.5393 115.845 19.3023 47.8224 96.543 48.7338 90.3864 32.7577 21.2519 12.3761 8.19237 37.7775 19.7414 23.9288 41.2779 30.3397 26.164 10.9382 8.67123 57.6287 18.5148 6.78245 11.7323 13.2806 17.4928
internal_count=2648 2539 1051 997 708 575 1488 110 289 1378 521 1339 441 237 137 100 217 121 109 446 356 329 90 99 898 245 95 150 89 230
is_linear=0
shrinkage=0.03


Tree=62
num_leaves=31
num_cat=1
split_feature=3 3 1 1 8 6 1 15 0 6 10 10 9 1 10 2 1 9 9 3 0 0 2 1 1 3 10 1 9 1
split_gain=12.1123 8.35608 6.78545 5.45103 4.84152 8.48051 8.93337 4.97777 8.53292 7.08721 6.51063 8.82392 4.95422 6.06682 7.64725 5.07282 4.62864 5.55776 4.84134 3.90922 3.84292 3.76442 3.57897 4.40354 2.94426 5.32351 4.43563 3.42023 2.41292 2.29765
threshold=2.4145036935806279 0.025129280984401706 -0.081561144441366182 -0.21100931614637372 -5.4999999999999991 314.63412475585943 0.047635944560170181 0 12.500000000000002 284.24739074707037 -0.013741764239966868 0.14719259738922122 -0.1047474332153797 0.008400904946029188 0.17292591929435733 17.500000000000004 0.0071704010479152211 -0.0014256411814130841 -0.11215346306562422 3.7968934774398808 7.5000000000000009 8.5000000000000018 13.500000000000002 0.0042029945179820069 0.0023837219923734669 0.62776216864585888 0.21283665299415591 -0.0078207761980593187 -0.23697563260793683 0.0010961646912619474
decision_type=8 10 2 2 10 2 2 9 10 2 10 10 8 2 10 8 2 10 10 10 10 10 10 2 2 10 10 2 10 2
left_child=1 -1 3 -3 5 6 22 8 9 -6 21 20 13 15 -15 -9 17 18 28 -2 -12 -11 -4 -24 27 -26 -27 -13 -10 -19
right_child=19 2 4 -5 7 -7 -8 12 16 10 11 24 -14 14 -16 -17 -18 29 -20 -21 -22 -23 23 -25 25 26 -28 -29 -30 -31
leaf_value=0.023428746422167242 0.028646998646493348 0.014084112597078046 -0.026817898423832087 -0.02853361978164675 -0.014144504268591214 0.029797631394132183 0.027682196476810778 -0.030268035011972037 0.010928954154177023 0.035686412584477682 -0.019331920063650084 0.01636899748229317 -0.017941446461025207 0.030972739293750016 -0.011508821218359741 0.0054021416637510785 -0.022074526386083773 -0.022203741067810513 0.028666886438362037 0.0032122615738599063 0.012050290939157762 0.0048687939570157277 -0.018485933259331132 0.011945579660781523 0.046290501943442343 0.027717687729819935 -0.005542561730111366 -0.016935504910573156 -0.017883892952697763 0.0027251850358816299
leaf_weight=9.9054459407925588 14.901778414845468 2.6534601375460651 6.7757574655115667 14.00955370813608 11.579794768244026 10.088235720992087 6.3809798359870902 7.3516172245144853 4.0847603119909754 10.940070781856777 13.32317201420665 4.9503453522920609 39.420344404876232 7.4967256337404233 6.1821092665195465 5.83329787477851 16.532848548144102 10.305282175540922 6.0751322917640236 8.6881247907876951 3.8973125070333472 5.5930779725313178 6.7226061299443236 8.6137663535773736 4.6799211986362961 5.7695808857679349 7.1457857564091682 4.203189931809904 4.4791828580200663 4.430656559765338
leaf_count=47 67 32 69 272 135 62 31 95 37 80 141 67 438 57 40 66 150 181 74 40 41 52 71 60 30 34 70 51 51 44
internal_value=-0.000301848 -0.00227362 -0.00342955 -0.0213339 -0.00200151 0.00753582 -0.00108925 -0.00402823 0.000110361 0.006528 0.0106502 0.0043767 -0.00984113 -0.00126915 0.0122972 -0.0152185 -0.00986712 -0.002496 0.0102566 0.019791 -0.011958 0.0261333 -0.0102304 -0.00170892 0.0149447 0.021802 0.0102397 0.000914217 -0.0044352 -0.0150115
internal_weight=273.014 249.424 239.519 16.663 222.856 38.5813 28.4931 184.274 117.99 72.0823 60.5025 43.9693 66.2841 26.8637 13.6788 13.1849 45.9079 29.375 14.6391 23.5899 17.2205 16.5331 22.1121 15.3364 26.7488 17.5953 12.9154 9.15354 8.56394 14.7359
internal_count=2685 2578 2531 304 2227 293 231 1934 1238 701 566 434 696 258 97 161 537 387 162 107 182 132 200 131 252 134 104 118 88 225
cat_boundaries=0 1
cat_threshold=628
is_linear=0
shrinkage=0.03


Tree=63
num_leaves=31
num_cat=1
split_feature=3 3 1 7 1 2 10 9 3 5 9 9 10 7 10 5 7 10 5 5 10 11 3 5 10 10 10 9 8 3
split_gain=16.2354 8.78564 7.17049 7.69131 8.77763 6.21621 6.09064 5.86267 5.74581 4.96859 3.68193 2.81745 2.80353 2.75752 3.63918 2.73812 2.68782 2.48528 2.27364 4.46489 2.81147 2.76516 3.20781 3.83116 3.09523 2.60139 2.24885 2.10448 2.02927 1.9651
threshold=1.6858955621719363 0.29060757160186773 0.0099341254681348818 53.092546463012702 0.096224866807460799 6.5000000000000009 0.32345196604728704 -0.036014175042510026 0.025129280984401706 241.74168395996097 0.17174464464187625 0.051165299490094192 0.19333585351705554 33.270486831665046 -0.027567031793296334 321.98892211914068 30.977487564086918 0.13258896768093112 223.37550354003909 226.97651672363284 -0.2303948029875755 0 0.45786340534687048 317.00840759277349 0.024030849337577823 0.21021888405084613 0.15778549015522006 0.068603541702032103 6.5000000000000009 0.49877439439296728
decision_type=8 10 2 2 2 8 8 10 10 2 10 10 10 2 10 2 2 8 2 2 10 9 10 2 10 8 8 10 8 10
left_child=1 6 18 4 5 12 8 9 -1 -2 -7 -9 -4 16 -15 -16 -10 -5 28 -20 -21 22 -22 24 27 -26 -13 -24 -3 -23
right_child=7 2 3 17 -6 10 -8 11 13 -11 -12 26 -14 14 15 -17 -18 -19 19 20 21 29 23 -25 25 -27 -28 -29 -30 -31
leaf_value=0.031957843476622783 -0.016398129443153817 -0.022324484034757362 -0.0077510139129090619 0.02513223951704139 0.013555346207105846 -0.026962977266473065 -0.01849721176807153 0.039021694574374981 0.0088443226316499788 0.013650541540796471 0.0021945201395433146 0.023969862119804113 0.022841534335926197 0.025685427126748109 0.013838281983043861 -0.0093010324477632283 -0.016431925600286317 0.0038377766475658384 0.022907714884143865 0.010950534931278778 -0.025079693586076108 -0.0026678356228393039 -0.018065287069620985 -0.013149809460235135 0.02760321475369094 -0.0023411093599563226 0.002920677601990523 0.010284613548443511 0.0057114147887382637 -0.022253612104253872
leaf_weight=8.145425006747244 6.9784311354160335 23.470843870192766 5.1043279469013196 10.402911290526388 13.641753815114496 20.283000789582733 6.6082511395215979 7.7100465819239643 5.9673077389597875 12.100207861512898 4.5961565263569346 12.290994193404909 3.9644259251654148 8.6293077766895276 8.1526028960943275 8.2960087731480581 7.500411331653595 9.4381445199251193 2.7864590622484675 4.2724420875310889 6.1100533790886393 5.9280122555792358 4.8186937645077732 15.838828552514313 6.177418161183593 3.8744585961103448 7.4310548752546355 3.1190194450318813 2.1689460501074818 25.749428970739245
leaf_count=35 34 465 59 61 76 253 44 37 37 64 39 63 30 43 42 45 55 47 40 51 73 75 59 234 79 51 36 43 34 372
internal_value=-0.000556068 -0.00390472 -0.00719931 0.000432879 -0.00611278 -0.014178 0.00664845 0.0153877 0.0105206 0.00239028 -0.0216998 0.0240253 0.00656291 0.00529691 0.0110257 0.00230355 -0.00539525 0.0156729 -0.0120902 -0.00935139 -0.0108184 -0.01225 -0.00673672 -0.00279866 0.00652749 0.0168938 0.0165624 -0.00702124 -0.0198275 -0.0187822
internal_weight=271.555 225.045 171.745 67.4307 47.5897 33.9479 53.2993 46.5107 46.6911 19.0786 24.8792 27.4321 9.06875 38.5456 25.0779 16.4486 13.4677 19.8411 104.315 78.6748 75.8884 71.6159 39.9385 33.8284 17.9896 10.0519 19.722 7.93771 25.6398 31.6774
internal_count=2676 2442 2141 565 457 381 301 234 257 98 292 136 89 222 130 87 92 108 1576 1077 1037 986 539 466 232 130 99 102 499 447
cat_boundaries=0 1
cat_threshold=4
is_linear=0
shrinkage=0.03


Tree=64
num_leaves=31
num_cat=2
split_feature=5 3 1 7 2 0 2 6 15 7 1 7 2 1 5 7 6 2 15 3 1 3 7 9 6 0 5 9 9 1
split_gain=11.1643 11.3344 9.40864 7.09739 5.16418 6.94252 5.66152 5.98867 5.96977 8.65225 5.88385 5.63303 5.80731 9.20455 4.65635 4.18767 3.81624 3.80795 9.80997 5.06626 3.51095 3.39976 3.7329 3.12053 2.84364 2.55137 2.32731 2.23448 2.73209 2.13954
threshold=193.26018524169925 2.4145036935806279 -0.081561144441366182 18.338701248168949 43.500000000000007 26.500000000000004 18.500000000000004 293.51486206054693 0 54.751274108886726 0.010312102269381286 48.378511428833015 7.5000000000000009 -0.0095265400595962984 283.54275512695318 32.112770080566413 314.00045776367193 6.5000000000000009 1 0.98885804414749157 -0.21100931614637372 0.2033343315124512 41.506412506103523 0.20405811071395877 281.74427795410162 16.500000000000004 238.50086212158206 -0.054284581914544099 0.039533829316496856 0.0014393058954738083
decision_type=2 8 2 2 10 10 10 2 9 2 2 2 8 2 2 2 2 8 9 8 2 10 2 10 2 10 2 10 8 2
left_child=-1 2 20 24 5 6 8 26 9 -5 11 12 13 -10 -9 -12 -16 19 -19 -17 -2 -14 -23 25 -4 -13 -8 -20 -29 -24
right_child=1 -3 3 4 -6 -7 7 14 10 -11 15 23 21 -15 16 17 -18 18 27 -21 -22 22 29 -25 -26 -27 -28 28 -30 -31
leaf_value=-0.025697331036189701 0.0078561793090902773 0.022389815100132951 -0.0018796691423640772 -0.0044579206515054683 0.028167911438260928 -0.018483372098542273 0.01096770887727736 -0.011537349215171532 0.040680536645473837 0.040998521409432796 -0.018577590167857247 -0.027072556190335485 0.01293131971860224 -0.0055279815703318178 -0.0043557458358297624 0.032454201785153722 0.024195146594160586 0.01494388061497777 -0.031791332774932263 -0.0017863115477763194 -0.028062865637250332 -0.02048775622547911 0.016020768242131729 -0.00023253862340913542 0.025838984074017118 0.0012307847879873002 0.041658592125457083 0.0057534886671457381 -0.018826766050152318 -0.012355563937935271
leaf_weight=12.835437159985302 2.5218213461339465 21.338231563568115 4.1762358658015755 6.6498218663036823 4.7087246626615515 17.114488814026117 4.8266299888491613 10.484437488019468 5.2641200348734847 7.1930505186319351 5.861568044871091 21.897861979901798 4.2578548118472126 9.6656071916222555 6.5055803097784546 8.4974243640899623 9.7171757034957391 12.666943315416576 4.8878421112895003 6.4175240248441705 12.725656555965541 19.404544666409496 4.3350952230393878 6.4497069120407096 13.273406643420456 3.1797465607523909 5.5192685797810555 6.2596855238080042 8.9384170584380573 3.3816175535321236
leaf_count=125 29 98 35 56 27 181 50 103 57 35 49 272 25 98 61 55 77 96 36 51 255 299 53 66 120 39 41 47 92 51
internal_value=0.000562195 0.00196212 3.48096e-05 0.00164375 3.27161e-05 -0.000769021 0.000986151 0.0112895 -0.0017022 0.0121484 -0.00386805 -0.00937819 -0.00259674 0.0122958 0.00339664 0.00345985 0.0131577 0.00649577 0.000626728 0.0185349 -0.0220042 -0.0098433 -0.0137515 -0.018953 0.0194627 -0.0235742 0.0295691 -0.0106969 -0.00897264 0.00359481
internal_weight=270.956 258.12 236.782 221.534 204.085 199.376 182.262 37.0531 145.208 13.8429 131.366 77.8362 46.3088 14.9297 26.7072 53.5294 16.2228 47.6678 32.7529 14.9149 15.2475 31.3791 27.1213 31.5273 17.4496 25.0776 10.3459 20.0859 15.1981 7.71671
internal_count=2679 2554 2456 2172 2017 1990 1809 332 1477 91 1386 960 583 155 241 426 138 377 271 106 284 428 403 377 155 311 91 175 139 104
cat_boundaries=0 1 2
cat_threshold=16 1281
is_linear=0
shrinkage=0.03


Tree=65
num_leaves=31
num_cat=2
split_feature=0 3 15 1 8 7 5 1 9 7 15 0 1 3 7 7 7 1 9 2 9 2 3 9 7 5 7 3 2 1
split_gain=7.42671 8.7198 7.62908 9.01846 8.4456 6.52343 6.33982 4.76437 12.6765 5.22842 5.40834 5.02481 4.53862 4.40174 4.38741 7.01945 3.95005 5.18831 8.37463 9.80472 3.63763 3.55749 3.12106 3.06838 2.48948 2.44721 2.39496 2.05889 1.89891 1.2818
threshold=28.500000000000004 2.4145036935806279 0 -0.081561144441366182 -19.499999999999996 18.338701248168949 238.50086212158206 0.017115097492933277 -0.021622797474265095 50.009799957275398 1 24.500000000000004 0.011706571560353042 0.94535824656486522 54.751274108886726 36.665016174316413 49.32011795043946 -0.011767264921218155 0.069874908775091185 10.500000000000002 -0.10768225789070128 4.5000000000000009 0.48754604160785681 0.25344048440456396 32.462585449218757 276.17088317871099 37.069194793701179 0.9822007715702058 24.500000000000004 -0.17497552186250684
decision_type=10 8 9 2 8 2 2 2 8 2 9 8 2 10 2 2 2 2 8 8 8 8 10 10 2 2 2 10 8 2
left_child=1 2 14 29 -5 22 -3 9 25 10 -7 16 -11 20 15 -1 17 18 19 -12 -2 -10 -6 -19 -23 -9 -26 -24 -17 -4
right_child=13 6 3 4 5 7 -8 8 21 12 11 -13 -14 -15 -16 28 -18 23 -20 -21 -22 24 27 -25 26 -27 -28 -29 -30 -31
leaf_value=0.033481153110521321 0.016219097673890348 0.00063565191032097311 -0.0028556591545019364 0.030851204104558647 0.029398806751065487 0.012726557589607373 0.033352873561710045 0.030316309761700442 0.0068472393609647535 -0.019884765727722499 0.051653068328286221 0.02634651102374579 0.0027677582974053954 -0.031355840599722788 0.031834649603662668 0.0045862084435252908 0.020069588542908801 -0.018073630779922523 -0.019543273628337226 -0.0092861715034457584 -0.016900356940138705 -0.029683149912880971 -0.0062073334761356177 0.010551833551439578 0.0091254686279168117 0.0079826799995481017 -0.017160577705123151 0.017638222804695309 -0.015007354169081602 -0.029755853012114555
leaf_weight=5.7350438497960594 4.2068066112697124 9.2035273313522357 2.1056991107761851 6.2890973538160324 6.643178608268502 8.1292894259095174 11.79748724400997 11.322820756584408 7.6783491782844093 35.831443127244711 4.0842783302068613 3.0522946100682011 9.8681239783763868 9.0372475795447809 8.7937456592917425 11.731455042958261 3.2165955044329158 37.424662031233318 6.1882740613073102 3.9752765521407136 6.0368612781167048 6.8930461518466499 6.7652973197400552 3.0506632030010215 4.4302162416279298 8.3456686511635763 6.6809646002948284 4.7012131698429585 5.8790508434176436 10.782638091593979
leaf_count=37 37 40 37 31 42 79 56 62 62 411 39 46 65 78 44 94 34 492 121 58 74 56 80 32 34 61 65 47 34 222
internal_value=0.000246645 0.00165347 -7.50463e-05 -0.00244526 -0.000809743 -0.00209247 0.0196954 -0.00404661 0.00412206 -0.00728074 -0.00201019 -0.00533958 -0.0150388 -0.0172183 0.0114149 0.00742024 -0.00833344 -0.0103332 0.00498005 0.0238883 -0.00306624 -0.00963641 0.0144983 -0.0157137 -0.0166567 0.0216845 -0.00679178 0.00419985 -0.00240978 -0.025883
internal_weight=269.88 250.599 229.598 197.459 184.571 178.282 21.001 160.172 45.3511 114.821 69.1213 60.992 45.6996 19.2809 32.1393 23.3455 57.9397 54.7232 14.2478 8.05955 10.2437 25.6826 18.1097 40.4753 18.0042 19.6685 11.1112 11.4665 17.6105 12.8883
internal_count=2670 2481 2385 2176 1917 1886 96 1717 340 1377 901 822 476 189 209 165 776 742 218 97 111 217 169 524 155 123 99 127 128 259
cat_boundaries=0 1 2
cat_threshold=1168 66
is_linear=0
shrinkage=0.03


Tree=66
num_leaves=31
num_cat=1
split_feature=3 3 1 15 7 1 10 9 7 2 3 0 7 7 9 3 8 3 9 6 0 3 4 7 10 0 7 4 9 7
split_gain=9.75232 10.4455 8.52504 9.70442 8.45554 8.6369 5.32506 5.13031 5.87465 4.14133 3.97073 4.28524 5.06859 3.58114 3.53825 2.84554 2.72933 2.45159 1.88738 1.7788 2.34774 2.39077 3.81294 2.67414 5.16976 1.95176 2.71388 1.9488 1.84809 3.02049
threshold=1.8158945441246035 0.34004919230937963 0.0078605599701404589 0 53.265357971191413 0.025862181559205059 0.30035018920898443 0.14661013334989551 32.335248947143562 22.500000000000004 0.025129280984401706 9.5000000000000018 32.495632171630866 41.510488510131843 -0.099180757999420152 0.61493292450904857 -16.999999999999996 0.12239376455545427 0.030477914027869705 290.94471740722662 14.500000000000002 1.1423893570899966 0.62798157334327709 31.969373703002933 -0.0047542795073240987 18.500000000000004 32.099603652954109 1.454303877324037e-08 0.0080776116810739058 41.510488510131843
decision_type=8 10 2 9 2 2 8 10 2 10 10 10 2 2 10 10 8 10 10 2 8 10 10 2 10 10 2 10 8 2
left_child=1 6 16 4 5 -4 10 8 -5 14 -1 17 -13 -14 -2 -10 -3 -12 -17 25 21 22 -21 24 -24 -18 -27 -22 -25 -30
right_child=9 2 3 7 -6 -7 -8 -9 15 -11 11 12 13 -15 -16 18 19 -19 -20 20 27 -23 23 28 -26 26 -28 -29 29 -31
leaf_value=0.034193427013142846 0.0031939469966996339 0.010804873609528315 -0.014740484508129294 0.0090123886602000141 0.032511730466469782 0.03177051264795093 -0.011614317861105099 0.012668503912778977 -0.00039637346803291494 -0.0033746324646870794 0.005468046644928292 -0.02209637146281215 0.024143410026702401 -0.0022517514336578208 0.02556741921941251 -0.027135985857771123 -0.023575240069444902 0.027954758295375342 -0.0074969738003993359 0.022363803773191724 0.0013206014946727988 -0.017796930879529611 0.03412473149179035 -0.020309971044309816 -0.015656958584882322 -0.021806815019450879 0.015645992063692729 -0.020662016791556787 -0.019725428007545731 0.010174495903413886
leaf_weight=6.2294892966747275 9.1664927452802676 4.0015391707420349 9.8973871059715766 9.0093237049877626 14.871493756771086 4.3613593094050875 8.2831731587648374 8.7471576146781427 6.9071787893772152 8.9047624170780164 7.5976634472608593 5.4901001565158394 6.8410685807466534 10.911302272230385 22.417208343744278 17.936310879886154 19.390374599024657 11.519653201103209 7.0038848817348471 4.4470855481922653 4.2726037129759815 8.5009884517639858 2.961059145629406 8.3728372715413517 2.7389500476419952 2.2786540556699029 2.726851861923933 19.44051987119019 4.056592267006641 6.6502009220421314
leaf_count=27 47 27 128 62 69 27 59 70 63 42 38 50 44 64 102 178 335 71 80 69 57 122 33 117 49 63 43 349 78 89
internal_value=0.00103954 -0.00141437 -0.00516439 0.00203684 0.0131001 0.000635725 0.00959802 -0.00599475 -0.0116298 0.014408 0.0133754 0.00959593 0.000787097 0.00866498 0.0193713 -0.0175659 -0.0114285 0.0197341 -0.0221224 -0.0125774 -0.0095817 -0.00472297 -0.000457261 -0.00526148 0.0114372 -0.0194478 -0.00219577 -0.016808 -0.0105713 -0.00187126
internal_weight=265.933 225.445 168.572 78.7341 29.1302 14.2587 56.8725 49.6039 40.8567 40.4885 48.5893 42.3598 23.2425 17.7524 31.5837 31.8474 89.8383 19.1173 24.9402 85.8367 61.4408 37.7277 29.2267 24.7796 5.70001 24.3959 5.00551 23.7131 19.0796 10.7068
internal_count=2652 2461 2108 677 224 155 353 453 383 191 294 267 158 108 149 321 1431 109 258 1404 963 557 435 366 82 441 106 406 284 167
cat_boundaries=0 1
cat_threshold=1041
is_linear=0
shrinkage=0.03


Tree=67
num_leaves=31
num_cat=2
split_feature=9 0 4 9 6 0 6 0 0 15 10 2 7 5 9 10 9 6 7 7 10 11 9 5 7 10 10 9 7 0
split_gain=8.619 6.41723 7.1924 6.6909 5.85857 4.24824 5.10062 4.01209 3.83097 4.38697 5.02114 3.63273 4.36011 4.6949 4.8761 3.24137 3.8046 3.15881 2.96373 2.78222 3.35671 2.65028 4.91136 4.22364 2.51819 2.19212 2.01075 1.80279 1.79776 1.79139
threshold=-0.60549089312553395 26.500000000000004 5.2735593669694946e-16 -0.29463022947311396 280.32257080078131 2.5000000000000004 281.74427795410162 3.5000000000000004 8.5000000000000018 0 -0.011273127514868973 24.500000000000004 32.798503875732429 313.01953125000006 0.11404158174991609 0.076101142913103118 -0.082737840712070451 312.01147460937506 50.009799957275398 18.338701248168949 -0.19074507057666776 1 0.069874908775091185 318.55134582519537 54.730865478515632 -0.10271880403161048 0.16786827892065051 0.19928850978612903 53.992267608642585 11.500000000000002
decision_type=10 8 10 8 2 10 2 10 10 9 10 10 2 2 10 10 10 2 2 2 10 9 8 2 2 10 10 10 2 10
left_child=-1 2 4 24 -2 26 -7 -8 9 10 -9 12 19 14 18 16 -3 -6 -14 -10 -21 -11 23 -23 -4 -15 -5 -24 -20 -27
right_child=1 15 3 5 17 6 7 8 11 21 -12 -13 13 25 -16 -17 -18 -19 28 20 -22 22 27 -25 -26 29 -28 -29 -30 -31
leaf_value=-0.031007199282347679 -0.0066122086470573257 0.012011056400006661 0.028106614784165086 0.0027614639743430394 0.022590535718136174 -0.01934047775841741 -0.019871632217261841 0.0152897623221326 0.0055699653791795979 0.030189533292804209 -0.021377431590544858 0.014095182703146931 0.019722523182003633 0.0094009993577416871 0.034016606141434418 -0.023558138563810709 -0.016924783394717306 0.003854502023382742 -0.017599007043827667 -0.00026318555459384793 -0.025516264687689725 0.032709102062357651 -0.018870729928992636 -0.00042927862756130122 0.0036683139918435798 0.0023078658429233419 0.024797324894675527 0.0059602344035338765 0.0040620062226601949 -0.016901333140071254
leaf_weight=6.2708046436309806 10.347437458112834 7.406390942633152 9.2673700563609582 7.7609172053635103 32.267032857984304 13.75302731618285 8.2289852872490865 4.1279742494225511 4.6958737038075951 7.5390684828162193 9.3485417552292311 8.8566699754446727 4.86506304889918 4.4784577824175278 4.8007938079535952 10.896113997325299 6.9849061034619826 11.32507912814617 5.2932032011449319 6.5209373980760637 16.525361722335216 8.2923521511256677 4.4727528169751203 5.4756344780325898 6.557932309806346 5.5695132128894462 6.7131907604634762 4.3637097142636776 6.9751691520214081 16.131345104426146
leaf_count=66 63 64 63 77 211 190 99 37 77 61 114 83 49 38 49 120 74 79 56 75 268 70 52 64 50 66 51 47 58 213
internal_value=0.00121766 0.00211124 0.00367272 0.000777064 0.013178 -0.00105665 -0.00258164 -0.000765542 0.000603761 0.00772813 -0.00583497 -0.00311208 -0.0052784 0.000239449 0.0102309 -0.011961 -0.00222029 0.0179186 0.0020578 -0.0145234 -0.018679 0.0118524 0.00973794 0.0203931 0.0187994 -0.00820028 0.0139239 -0.00724914 -0.00590569 -0.0120868
internal_weight=266.112 259.841 234.553 180.614 53.9395 164.789 150.314 136.561 128.332 43.62 13.4765 84.7124 75.8557 48.1135 21.9342 25.2874 14.3913 43.5921 17.1334 27.7422 23.0463 30.1435 22.6044 13.768 15.8253 26.1793 14.4741 8.83646 12.2684 21.7009
internal_count=2684 2618 2360 2007 353 1894 1766 1576 1477 445 151 1032 949 529 212 258 138 290 163 420 343 294 233 134 113 317 128 99 114 279
cat_boundaries=0 1 2
cat_threshold=259 8
is_linear=0
shrinkage=0.03


Tree=68
num_leaves=31
num_cat=1
split_feature=1 2 9 7 3 9 9 3 6 9 2 3 7 7 0 2 10 7 10 7 11 9 10 9 2 10 9 6 5 6
split_gain=8.40423 6.61315 8.80438 7.6301 6.39037 5.97197 6.23809 5.33683 6.23931 6.14292 5.49958 4.25264 4.01438 3.7787 3.77209 3.58028 5.23339 4.05366 3.33396 4.62156 4.42587 3.88414 3.31963 3.31701 3.24051 3.09882 2.8028 2.57858 5.08727 2.44272
threshold=-0.0083915349096059782 11.500000000000002 0.15411201864480975 52.684926986694343 0.099279943853616728 -0.021622797474265095 0.052782483398914344 1.2787902355194094 311.47203063964849 -0.21984501928091046 11.500000000000002 1.6858955621719363 18.299908638000492 54.730865478515632 14.500000000000002 39.500000000000007 -0.11091353744268416 38.856031417846687 0.037508174777030952 53.092546463012702 0 0.13189990073442462 0.22544571757316592 -0.038296034559607499 13.500000000000002 -0.049888208508491509 -0.086042959243059144 303.73489379882818 238.16300201416018 318.18928527832037
decision_type=2 10 8 2 10 10 8 10 2 8 8 10 2 2 8 8 8 2 10 2 9 10 8 10 10 8 10 2 2 2
left_child=1 2 3 5 24 -1 -7 9 10 13 11 -9 -8 14 -6 16 17 -11 25 21 -21 23 -23 26 -2 -18 -20 28 -12 -10
right_child=4 -3 -4 -5 7 6 12 8 29 15 27 -13 -14 -15 -16 -17 18 -19 19 20 -22 22 -24 -25 -26 -27 -28 -29 -30 -31
leaf_value=-0.0068918322164608862 0.0058565122772335628 -0.021010226060487289 -0.026325436933724359 -0.027106888725823754 0.035497558099159617 0.046380142615217203 0.026780687296284002 -0.015580856725805618 -0.018020900560615401 -0.0072266195343048322 0.0093830990824580029 0.013046820189758255 -0.0099526398559683388 -0.0061563290749174666 0.0051125342473236019 0.013622600404873474 -0.0041573162623310452 0.020599626316794607 -0.014352110967372716 -0.0094986818677104071 0.022803853258014241 0.016588962502886426 -0.010067228933379371 -0.024688480084046449 0.030877050471065516 -0.025623348730570244 0.012666111770415611 0.0064236917615195146 0.042953521789050049 0.007106622320174668
leaf_weight=7.5158916302025345 9.760774068534376 26.255781352519989 8.3334492892026883 3.8720025569200507 6.5548484437167653 5.8971102572977543 3.9683589972555655 6.9708455204963711 8.2265975065529329 7.9886057488620308 7.7459544688463273 10.288577873259781 4.9828998874872923 6.5494815073907366 7.9399962909519681 7.5036292746663085 9.7262363098561746 9.2569557316601259 8.033994719386099 5.9545178785920125 7.8420992121100426 6.717170160263775 8.2682847529649717 16.891367524862293 9.0589703246951085 17.243246812373403 4.6565268822014323 6.7739620320498934 9.5552451536059362 4.8943721912801257
leaf_count=90 47 461 148 50 40 53 38 66 63 74 41 49 68 43 69 42 96 72 106 51 64 57 99 263 42 187 61 45 53 39
internal_value=-0.000262578 -0.00995888 -0.00121066 0.00744024 0.00265726 0.0143257 0.0248227 0.000922891 0.00872936 -0.00236058 0.014373 0.00126441 0.00738705 0.0121305 0.0202574 -0.00521507 -0.00671126 0.00802015 -0.00974683 -0.00554936 0.00916258 -0.0102048 0.00217159 -0.0163404 0.0188505 -0.0183073 -0.00423729 0.0233453 0.0292576 -0.00880836
internal_weight=265.228 60.8255 34.5697 26.2363 204.402 22.3643 14.8484 185.583 54.4556 131.127 41.3346 17.2594 8.95126 21.0443 14.4948 110.083 102.579 17.2456 85.3334 58.364 13.7966 44.5673 14.9855 29.5819 18.8197 26.9695 12.6905 24.0752 17.3012 13.121
internal_count=2677 908 447 299 1769 249 159 1680 356 1324 254 115 106 152 109 1172 1130 146 984 701 115 586 156 430 89 283 167 139 94 102
cat_boundaries=0 1
cat_threshold=1
is_linear=0
shrinkage=0.03


Tree=69
num_leaves=31
num_cat=2
split_feature=1 15 1 8 15 2 9 3 5 9 5 3 3 8 3 2 3 3 3 9 3 1 8 2 3 1 2 3 9 2
split_gain=9.01776 5.79693 5.67724 5.50178 5.07681 5.41955 5.02793 5.26988 6.64409 5.07043 4.68567 3.64052 3.62128 3.51394 5.13947 4.0707 3.43387 4.17122 3.05552 2.74735 2.42126 2.69423 2.15023 2.03471 1.85658 1.76217 1.70164 1.39792 1.27801 4.46699
threshold=0.004649306647479535 0 0.0053422136697918185 1.0000000180025095e-35 1 13.500000000000002 0.23306074738502505 0.34004919230937963 314.00831604003912 0.32317762076854711 276.17088317871099 0.29060757160186773 1.8158945441246035 -1.0000000180025095e-35 1.3297905921936037 16.500000000000004 1.4013682603836062 0.51725995540618908 2.55652928352356 -0.055255869403481477 1.5997571349143984 0.011901889927685263 -2.4999999999999996 12.500000000000002 0.60247236490249645 -0.081561144441366182 10.500000000000002 0.13604119420051577 -0.078657247126102434 22.500000000000004
decision_type=2 9 2 10 9 10 8 10 2 10 2 10 10 8 8 8 8 10 10 8 10 2 10 10 10 2 10 10 8 10
left_child=1 11 -2 4 5 -4 7 -6 13 -8 22 27 -5 14 15 -9 17 -12 25 23 21 -10 -3 -15 -24 -13 -23 -1 29 -27
right_child=2 10 3 12 6 -7 9 8 20 -11 16 18 -14 19 -16 -17 -18 -19 -20 -21 -22 26 24 -25 -26 28 -28 -29 -30 -31
leaf_value=-0.0069422189514536086 0.033474873564053376 0.0080729766420278154 -0.031625622196207272 -0.019735217375028747 0.027374221114156928 0.0041060479646368711 -0.024945617754477307 -0.023779922913732581 -0.023099031754524973 0.0088098346461324591 0.017070066855933815 -0.026445125565592868 0.01007002721420731 0.0012805434692815488 0.022260870093255041 0.010545700414433324 0.031465313208460993 -0.012512084467959763 0.0070516857398294506 0.02677452224748185 0.013836653611311802 0.01234720687442235 0.00097026792356344873 0.020935658135753977 -0.024481476819903397 -0.014058453697066639 -0.012003126450203398 0.0098973202842297936 -0.015603188594702545 0.01956412862239177
leaf_weight=7.0662195459008244 5.4093576520681372 4.7370199188590041 6.1231912374496442 11.739815142005684 15.754504695534704 7.8071689605712891 6.3053186982870093 6.4172067381441602 7.5791245251894024 8.0471124425530416 10.12532670423389 10.264716235920785 4.4322351366281501 11.101661186665298 6.2169285863637915 4.5805826187133798 6.0618858747184268 6.081893663853406 5.5317175686359397 18.779307041317225 3.4327837750315657 4.3914586044847947 4.0300490800291282 7.4592204168438903 5.8193509560078382 11.776964453980325 3.9612863548099995 8.9639669954776746 34.898850329220295 3.9668226540088645
leaf_count=43 43 39 50 149 77 52 61 62 107 50 67 241 19 61 36 39 40 79 25 116 20 47 45 42 91 176 55 61 601 42
internal_value=0.000678286 -0.00535263 0.00583696 0.00448286 0.00674601 -0.00758564 0.00862059 0.0120666 0.00848226 -0.00667856 0.00434125 -0.00911324 -0.0114558 0.0137756 0.00236763 -0.00979593 0.0139028 0.00588711 -0.0132627 0.018836 -0.00637458 -0.0112894 -0.00742649 0.00984598 -0.0149379 -0.0151918 0.000750422 0.00250256 -0.012443 -0.00492438
internal_weight=258.863 119.325 139.538 134.129 117.957 13.9304 104.026 89.6741 73.9196 14.3524 36.8555 82.4693 16.1721 54.5549 17.2147 10.9978 22.2691 16.2072 66.4391 37.3402 19.3647 15.9319 14.5864 18.5609 9.8494 60.9074 8.35274 16.0302 50.6426 15.7438
internal_count=2636 1550 1086 1043 875 102 773 662 585 111 361 1189 168 356 137 101 186 146 1085 219 229 209 175 103 136 1060 102 104 819 218
cat_boundaries=0 1 2
cat_threshold=801 134
is_linear=0
shrinkage=0.03


Tree=70
num_leaves=31
num_cat=2
split_feature=1 0 7 4 7 6 1 12 2 2 7 10 1 7 4 9 5 1 2 6 15 7 7 9 6 9 9 1 10 4
split_gain=8.69092 6.70087 7.82031 7.40946 8.66407 7.31132 6.27103 5.11088 6.51345 5.5142 4.92862 5.92142 5.81907 4.55524 5.70912 4.56062 4.41783 3.97191 4.40126 3.69625 3.63619 6.33231 3.27976 2.97189 5.03964 2.11424 3.19894 1.96297 1.60053 1.2326
threshold=0.0010961646912619474 27.500000000000004 52.946125030517585 1.1135863342559562e-08 18.579593658447269 280.32257080078131 0.090036813169717803 0 43.500000000000007 20.500000000000004 18.113891601562504 -0.23246189206838605 -0.044887863099575036 32.798503875732429 0.99987927079200756 0.13620546460151675 278.09506225585943 -0.001634406275115907 14.500000000000002 320.21234130859381 1 54.371799468994148 38.651802062988288 0.039533829316496856 306.95713806152349 -0.045882649719715111 -0.29463022947311396 0.0081543130800128 -0.021279271692037579 0.99999997019767772
decision_type=2 10 2 10 2 2 2 1 8 10 2 8 2 2 10 10 2 2 8 2 9 2 2 10 2 10 8 2 8 10
left_child=7 2 3 5 -5 -2 13 9 10 17 12 -12 29 -6 -15 16 -16 18 23 -18 21 27 -7 24 -1 26 -22 -4 -3 -9
right_child=1 28 20 4 6 22 -8 8 -10 -11 11 -13 -14 14 15 -17 19 -19 -20 -21 25 -23 -24 -25 -26 -27 -28 -29 -30 -31
leaf_value=0.022373932264867519 -0.011292239697758295 -0.002066815210627898 0.024201424275097923 0.018660081218847515 -0.027884800221973666 0.03079111637383853 0.01085959857199943 -0.021774646098952213 0.021799686243559536 0.028657945514953591 0.009527175155246188 -0.022200880145064016 0.029250742187650128 -0.022205731725486528 0.016562861359597149 0.025233070017395921 -0.025746451824165691 -0.021881576723966713 -0.018294959903547792 0.0075926816501638832 0.031742499225263232 -0.022564581670203934 0.0070466349692391485 0.026448584967634463 -0.013726994831149095 0.036164159355400897 0.007796063031586537 -0.0007178286615496523 -0.023004177764718331 0.0033354266972070376
leaf_weight=5.0650751143693977 7.4505881555378464 5.4732937999069691 5.0980843417346495 11.506670501083134 13.213205266743897 13.273501593619587 11.027302592992781 4.0108511447906494 3.7713512331247321 5.4845617972314349 5.4035010375082493 46.076110139489174 3.7816455103456956 13.115392282605169 4.8547217175364556 4.8105639852583399 7.9473420325666648 5.9146866463124779 5.1969566997140637 3.9337715581059456 8.1721604242920858 6.7515232339501372 9.446575064212082 5.9889175593852988 7.1781907714903355 10.505979791283606 13.126246664673095 5.2283196523785591 8.1144359894096834 2.3474151641130447
leaf_count=55 48 43 44 61 154 78 66 79 21 52 69 724 38 204 45 46 113 75 63 44 42 52 73 55 78 52 70 40 63 40
internal_value=-8.94141e-05 0.00417628 0.00603585 0.00120678 -0.00413254 0.0133999 -0.0088223 -0.00700209 -0.0109724 0.00282448 -0.0150465 -0.0187525 0.00376325 -0.0134852 -0.00736797 0.00224814 -0.00540887 -0.00185846 0.00388518 -0.0149755 0.0157487 -0.00113251 0.0216319 0.01083 0.00176977 0.0190957 0.0179957 0.0126352 -0.0152902 -0.0133108
internal_weight=263.269 163.05 149.462 100.58 70.409 30.1707 58.9023 100.219 65.3909 34.8284 61.6195 51.4796 10.1399 47.875 34.6618 21.5464 16.7358 29.3438 23.4291 11.8811 48.8823 17.0779 22.7201 18.2322 12.2433 31.8044 21.2984 10.3264 13.5877 6.35827
internal_count=2687 1338 1232 932 733 199 672 1349 971 378 950 793 157 606 452 248 202 326 251 157 300 136 151 188 133 164 112 84 106 119
cat_boundaries=0 1 2
cat_threshold=1 34
is_linear=0
shrinkage=0.03


Tree=71
num_leaves=31
num_cat=1
split_feature=1 10 9 7 7 5 0 3 9 9 15 7 7 3 1 10 1 9 1 1 10 6 3 5 1 9 3 0 7 6
split_gain=7.96505 6.24675 5.76882 8.08249 6.96903 5.20459 5.12774 6.88777 4.69759 8.48329 8.06826 11.685 15.8558 6.24184 4.65131 3.61584 3.58393 3.56795 3.5278 3.46425 3.44977 3.38659 3.33224 3.41223 5.11568 8.28537 2.39481 1.82177 1.78828 1.78247
threshold=0.00090630701743066322 0.2960518896579743 0.0080776116810739058 17.80491924285889 54.730865478515632 322.85104370117193 26.500000000000004 1.8158945441246035 0.13189990073442462 0.23306074738502505 0 53.092546463012702 36.596654891967781 0.6614539921283723 0.011901889927685263 0.13734652847051623 -0.16677708923816678 0.0235748989507556 0.047635944560170181 0.0087502133101224917 0.1507057920098305 293.99600219726568 0.44751156866550451 319.64579772949224 -0.0064350664615631095 -0.018012063577771183 0.94535824656486522 20.500000000000004 53.795074462890632 291.50086975097662
decision_type=2 8 10 2 2 2 10 8 10 8 9 2 2 10 2 8 2 10 2 2 10 2 10 2 2 10 10 10 2 2
left_child=1 2 4 21 22 16 7 8 10 29 11 12 18 -11 20 -9 -5 -12 19 -2 -13 -4 -1 24 25 -24 -8 -14 -18 -10
right_child=6 -3 3 5 -6 -7 26 15 9 13 17 14 27 -15 -16 -17 28 -19 -20 -21 -22 -23 23 -25 -26 -27 -28 -29 -30 -31
leaf_value=0.021554965784937624 0.017797413520015189 -0.028241846274857051 -0.0033437174515175885 0.011664810433994645 -0.02767678377618861 0.0064786805064153937 0.00068187365052916032 0.032252486534323659 0.011919907212979513 0.016321438361626941 -0.025229496201585398 -0.0015229814754507836 -0.023378699456014718 -0.023347691170081612 0.034872946757987987 0.0070944914575061767 -0.026408013539021565 0.00115317943426478 0.022140456190031056 -0.015107730483564688 0.024771921955990213 0.034397675299248316 -0.01672232266381414 -0.015450578607888158 0.026763107258142061 0.03330637896303261 -0.021746556551810452 -0.00076310185477976831 -0.0020102478356101715 0.035221832021531015
leaf_weight=11.667172476649283 4.1427272222936171 9.1534074340015632 3.7704931236803523 2.1967185884714118 4.3508068770170203 7.0704460293054572 8.2555622830986994 11.999616950750349 5.9496949985623386 5.9703590795397776 15.066559534519913 10.137332931160932 20.246115110814575 6.3649058602750301 11.530149981379507 9.6784946918487567 26.156732527539141 6.3530341126024714 15.149373162537811 5.5454078577458858 6.9103223569691172 3.5029096603393555 9.7612094525247812 6.0799190960824481 7.4560959897935417 3.1266246289014825 7.7776062190532675 3.8564316257834426 3.1944962441921225 10.340081606060265
leaf_count=83 51 138 60 36 59 76 71 58 49 36 128 71 291 65 59 42 467 57 80 68 39 38 153 76 77 41 56 40 34 79
internal_value=0.000830031 -0.00593443 -0.0033326 -0.0106004 0.00458913 -0.0160535 0.00483175 0.00657589 0.00383422 0.0143146 0.000689094 0.00526152 -0.00300795 -0.00436341 0.0208249 0.0218285 -0.0211472 -0.0122417 0.0135538 -0.000688522 0.00991774 0.0167934 0.00888832 0.00271344 0.00861144 -0.00306092 -0.010836 -0.0199347 -0.0239064 0.0278927
internal_weight=262.761 97.487 88.3336 45.8918 42.4418 38.6184 165.274 149.241 127.562 28.625 98.9375 77.5179 48.9401 12.3353 28.5778 21.6781 31.5479 21.4196 24.8375 9.68814 17.0477 7.2734 38.091 26.4238 20.3439 12.8878 16.0332 24.1025 29.3512 16.2898
internal_count=2678 1338 1200 711 489 613 1340 1213 1113 229 884 699 530 101 169 100 537 185 199 119 110 98 430 347 271 194 127 331 501 128
cat_boundaries=0 1
cat_threshold=1329
is_linear=0
shrinkage=0.03


end of trees

feature_importances:
closing_rate_s_per_s=308
gap_at_checkpoint=299
track_temperature=280
wind_cross_component_mps=206
wind_head_component_mps=200
speed_at_braking_kmh=165
defender_tyre_life_laps=156
speed_at_activation_kmh=138
attacker_tyre_life_laps=133
tyre_life_delta_laps=119
p_eligible=55
attacker_tyre_compound=43
tyre_compound_pair=38
corner_type=10
defender_tyre_compound=10

parameters:
[boosting: gbdt]
[objective: binary]
[metric: binary_logloss]
[tree_learner: serial]
[device_type: cpu]
[data_sample_strategy: bagging]
[data: ]
[valid: ]
[num_iterations: 2000]
[learning_rate: 0.03]
[num_leaves: 31]
[num_threads: 2]
[seed: 42]
[deterministic: 1]
[force_col_wise: 0]
[force_row_wise: 1]
[histogram_pool_size: -1]
[max_depth: -1]
[min_data_in_leaf: 40]
[min_sum_hessian_in_leaf: 0.001]
[bagging_fraction: 0.8]
[pos_bagging_fraction: 1]
[neg_bagging_fraction: 1]
[bagging_freq: 1]
[bagging_seed: 400]
[bagging_by_query: 0]
[feature_fraction: 0.8]
[feature_fraction_bynode: 1]
[feature_fraction_seed: 30056]
[extra_trees: 0]
[extra_seed: 12879]
[early_stopping_round: 0]
[early_stopping_min_delta: 0]
[first_metric_only: 0]
[max_delta_step: 0]
[lambda_l1: 0]
[lambda_l2: 1]
[linear_lambda: 0]
[min_gain_to_split: 0]
[drop_rate: 0.1]
[max_drop: 50]
[skip_drop: 0.5]
[xgboost_dart_mode: 0]
[uniform_drop: 0]
[drop_seed: 17869]
[top_rate: 0.2]
[other_rate: 0.1]
[min_data_per_group: 100]
[max_cat_threshold: 32]
[cat_l2: 10]
[cat_smooth: 10]
[max_cat_to_onehot: 4]
[top_k: 20]
[monotone_constraints: ]
[monotone_constraints_method: basic]
[monotone_penalty: 0]
[feature_contri: ]
[forcedsplits_filename: ]
[refit_decay_rate: 0.9]
[cegb_tradeoff: 1]
[cegb_penalty_split: 0]
[cegb_penalty_feature_lazy: ]
[cegb_penalty_feature_coupled: ]
[path_smooth: 0]
[interaction_constraints: ]
[verbosity: -1]
[saved_feature_importance_type: 0]
[use_quantized_grad: 0]
[num_grad_quant_bins: 4]
[quant_train_renew_leaf: 0]
[stochastic_rounding: 1]
[linear_tree: 0]
[max_bin: 255]
[max_bin_by_feature: ]
[min_data_in_bin: 3]
[bin_construct_sample_cnt: 200000]
[data_random_seed: 175]
[is_enable_sparse: 1]
[enable_bundle: 1]
[use_missing: 1]
[zero_as_missing: 0]
[feature_pre_filter: 1]
[pre_partition: 0]
[two_round: 0]
[header: 0]
[label_column: ]
[weight_column: ]
[group_column: ]
[ignore_column: ]
[categorical_feature: 11,12,13,14,15,16]
[forcedbins_filename: ]
[precise_float_parser: 0]
[parser_config_file: ]
[objective_seed: 16083]
[num_class: 1]
[is_unbalance: 0]
[scale_pos_weight: 1]
[sigmoid: 1]
[boost_from_average: 1]
[reg_sqrt: 0]
[alpha: 0.9]
[fair_c: 1]
[poisson_max_delta_step: 0.7]
[tweedie_variance_power: 1.5]
[lambdarank_truncation_level: 30]
[lambdarank_norm: 1]
[label_gain: ]
[lambdarank_position_bias_regularization: 0]
[eval_at: ]
[multi_error_top_k: 1]
[auc_mu_weights: ]
[num_machines: 1]
[local_listen_port: 12400]
[time_out: 120]
[machine_list_filename: ]
[machines: ]
[gpu_platform_id: -1]
[gpu_device_id: -1]
[gpu_device_id_list: ]
[gpu_use_dp: 0]
[num_gpu: 1]

end of parameters

pandas_categorical:[["HARD", "INTERMEDIATE", "MEDIUM", "SOFT"], ["FAST_RIGHT", "HAIRPIN_RIGHT", "SLOW_LEFT", "STRAIGHT"], ["HARD", "MEDIUM", "SOFT", "__missing__"], ["__missing__"], ["HARD|HARD", "HARD|MEDIUM", "HARD|SOFT", "INTERMEDIATE|SOFT", "MEDIUM|HARD", "MEDIUM|MEDIUM", "MEDIUM|SOFT", "SOFT|HARD", "SOFT|MEDIUM", "SOFT|SOFT", "__missing__"], ["False"]]
