tree
version=v4
num_class=1
num_tree_per_iteration=1
label_index=0
max_feature_idx=15
objective=binary sigmoid:1
feature_names=attacker_tyre_life_laps closing_rate_s_per_s defender_tyre_life_laps gap_at_checkpoint p_eligible speed_at_activation_kmh track_temperature tyre_life_delta_laps wind_cross_component_mps wind_head_component_mps attacker_tyre_compound corner_type defender_tyre_compound sector tyre_compound_pair wet_track_flag
feature_infos=[2:50] [-1.1336562633514404:3.5283358097076416] [2:49] [0.0018545982893556356:30.502676010131836] [0:1] [83:340.08401489257812] [16.899999618530273:56.491111755371094] [-29:43] [-0.76255232095718384:0.71598261594772339] [-0.77373647689819336:0.7215760350227356] -1:2:0:3 -1:2:0:3:1 -1:1:0:2:3 none -1:5:0:9:4:1:8:6:2:7:10 none
tree_sizes=3294 3418 3425 3438 3406 3426 3410 3412 3438 3419 3414 3448 3449 3406 3417 3457 3396 3422 3449 3441 3415 3431 3440 3450 3439 3432 3412 3439 3405 3439 3442 3441 3433 3426 3453 3442 3404 3423 3427 3418 3428 3429 3437 3434 3429 3426 3447 3418 3443 3457 3423 3428 3444 3415 3441 3436 3413 3434 3430 3434 3433 3421 3444 3439 3424 3438 3441 3463 3449 3453 3418 3452 3465 3434 3442 3423 3425 3442 3445 3418 3443 3431 3472 3447 3417 3428

Tree=0
num_leaves=31
num_cat=0
split_feature=3 3 1 1 6 1 6 1 5 5 5 3 5 3 0 1 2 3 2 3 1 2 1 1 1 0 1 5 0 3
split_gain=198.869 172.315 118.182 53.5412 35.1114 31.4095 20.7275 27.1594 15.0203 14.2129 14.1955 14.1112 16.5938 10.3822 6.11644 5.22105 4.90925 4.832 4.32812 3.5136 2.79911 2.76466 2.56331 1.8138 1.23474 5.01175 1.38265 0.677128 0.710262 1.49168
threshold=3.1364108324050908 0.47167532145977026 0.0064637907780706891 0.017115097492933277 53.092546463012702 0.096224866807460799 51.139064788818366 0.0063274018466472634 314.00831604003912 225.24052429199222 276.17088317871099 0.70275124907493602 322.44357299804693 0.36427745223045355 14.500000000000002 0.047635944560170181 10.500000000000002 1.1364904642105105 7.5000000000000009 2.3213739395141606 -0.0064350664615631095 13.500000000000002 0.0004488851700443775 0.0010961646912619474 -0.020789129659533497 24.500000000000004 -0.16677708923816678 225.91162109375003 8.5000000000000018 1.394295394420624
decision_type=8 10 2 2 2 2 2 2 2 2 2 10 2 8 10 2 8 8 10 10 2 10 2 2 2 8 2 2 10 10
left_child=1 2 10 6 5 15 11 20 17 -2 14 12 18 -12 -1 16 -5 -9 -3 24 -8 23 -23 -22 26 27 -13 -26 29 -29
right_child=9 3 -4 4 -6 -7 7 8 -10 -11 13 19 -14 -15 -16 -17 -18 -19 -20 -21 21 22 -24 -25 25 -27 -28 28 -30 -31
leaf_value=-1.6928584522271328 -1.6522946111988523 -1.6996456500236774 -1.5840682512037958 -1.698998373350761 -1.6191948787350672 -1.6514632260901734 -1.7325412369435949 -1.6360079528737554 -1.7059679938481731 -1.576299363050198 -1.6502304127580367 -1.7164547768564968 -1.6716021572472379 -1.7003107111004541 -1.7329003102364633 -1.6937593272506548 -1.7294933599528912 -1.67964081721596 -1.7273812835217133 -1.7043084764990863 -1.7334687764487642 -1.6891129076878229 -1.7141993751480156 -1.7090370097081984 -1.719841069394431 -1.7031215552720451 -1.7349505360550264 -1.7281553089690886 -1.7328533410155946 -1.7100968308077276
leaf_weight=6.3872840404510516 5.3444621562957755 6.9086949825286927 14.599506378173826 6.7783422470092836 5.3444621562957755 9.7764551639556867 10.428218841552733 5.2141094207763681 9.3853969573974592 9.7764551639556867 8.6032805442810023 6.1265785694122306 8.0818696022033674 6.2569313049316415 5.6051676273345947 9.9068078994750959 13.295979022979735 6.2569313049316415 16.033386468887329 5.3444621562957755 6.3872840404510516 5.2141094207763654 7.95151686668396 5.3444621562957764 13.94774270057678 7.6908113956451407 54.878501653671265 17.336913824081424 44.319930076599121 6.6479895114898673
leaf_count=49 41 53 112 52 41 75 80 40 72 75 66 47 62 48 43 76 102 48 123 41 49 40 61 41 107 59 421 133 340 51
internal_value=-1.70125 -1.70626 -1.64981 -1.71453 -1.68479 -1.69544 -1.72009 -1.70407 -1.67763 -1.59836 -1.68853 -1.72486 -1.70625 -1.66983 -1.71245 -1.71098 -1.7195 -1.65604 -1.71925 -1.72851 -1.71995 -1.71373 -1.704 -1.7237 -1.72935 -1.72633 -1.73334 -1.72847 -1.72997 -1.72364
internal_weight=345.174 330.053 41.4522 288.601 45.102 39.7576 243.499 56.182 20.8564 15.1209 26.8527 187.317 31.024 14.8602 11.9925 29.9811 20.0743 11.471 22.9421 156.293 35.3256 24.8974 13.1656 11.7317 150.948 89.9434 61.0051 82.2526 68.3048 23.9849
internal_count=2648 2532 318 2214 346 305 1868 431 160 116 206 1437 238 114 92 230 154 88 176 1199 271 191 101 90 1158 690 468 631 524 184
is_linear=0
shrinkage=1


Tree=1
num_leaves=31
num_cat=2
split_feature=3 3 6 14 2 5 9 3 10 0 6 0 3 0 8 5 6 3 5 9 8 9 6 0 9 2 9 3 9 0
split_gain=156.961 139.588 35.2412 28.5118 19.593 16.0982 12.0343 10.1873 9.50653 9.34796 8.03192 7.65299 7.647 6.75869 6.08549 5.16966 4.47344 4.27473 3.76296 3.22805 3.11347 5.23646 3.41956 2.99653 2.44232 2.12156 1.73727 0.768609 0.707374 1.69325
threshold=3.1364108324050908 0.43505117297172552 51.139064788818366 0 39.500000000000007 301.52626037597662 0.032480256631970413 0.70936122536659252 1 23.500000000000004 54.15562820434571 8.5000000000000018 2.3648270368576054 14.500000000000002 -0.078657247126102434 321.29571533203131 17.141300201416019 0.65187841653823864 240.11351013183597 0.011566820554435255 -0.074763540178537355 -0.2507390677928924 38.472324371337898 2.5000000000000004 0.094659406691789641 13.500000000000002 0.20157121866941455 1.1670558452606203 -0.025473586283624169 13.500000000000002
decision_type=8 10 2 9 8 2 10 10 9 10 2 10 10 10 10 2 2 10 2 8 8 8 2 10 8 10 10 10 8 10
left_child=1 5 4 9 7 8 -2 11 -1 10 -4 19 16 -10 -13 -16 -9 -5 -12 -3 22 -22 24 -23 25 -18 -21 -19 29 -25
right_child=6 2 3 17 -6 -7 -8 12 13 -11 18 14 -14 -15 15 -17 20 27 -20 26 21 23 -24 28 -26 -27 -28 -29 -30 -31
leaf_value=0.0041838272162976172 0.042466770239866496 0.027951844735661507 0.061338164796811541 0.0069170764202839494 0.034787032636862183 0.073387742776815854 0.10909217550067309 0.003698124427282234 0.057353861716735011 0.0019786850468901879 0.039183546517287574 0.011857864043411069 0.0090443396079861911 0.014270876038540319 -0.029808154611255022 0.0035115976019905919 -0.024862742858308931 -0.012458033691599021 0.0088964145955311436 -0.01061688412499525 -0.00029868591520324428 -0.0082691136228302438 -0.02789719200540967 -0.015456688698557266 0.0039127049542694147 -0.0028484397059643633 0.011547721034860965 -0.02572918831322837 -0.03042099231626386 -0.030903697433155321
leaf_weight=8.1688759326934832 5.5733810365200034 5.2331894338130933 8.9642781019210833 5.4943790584802654 5.482029750943183 14.159935340285299 10.202162995934485 5.280256286263465 10.648706644773485 7.9572303891181937 6.7020617127418509 5.4569769650697735 6.5337267220020285 5.7225876450538626 16.191562488675121 5.2830953299999228 8.0912725776433927 9.6607533693313616 8.5914096683263761 5.2455596029758436 6.846169576048851 8.0373018682003003 11.804783523082731 18.874089568853378 9.0556332170963287 7.4670664072036752 5.4940002113580704 14.914951577782629 85.275853335857391 13.806809827685354
leaf_count=61 40 40 68 42 42 104 73 41 78 61 51 42 50 43 126 40 63 74 66 40 53 62 92 147 70 58 42 114 664 108
internal_value=-3.94144e-05 -0.00457061 -0.0117162 0.00819575 -0.0171333 0.0482354 0.0894885 -0.018553 0.031417 0.0235112 0.039525 -0.00525933 -0.0216567 0.0439826 -0.0148154 -0.0218195 -0.022851 -0.0121102 0.0237594 0.0107768 -0.0236961 -0.0258999 -0.0151802 -0.0272777 -0.00823016 -0.0151073 0.000739595 -0.0212034 -0.0284925 -0.0227064
internal_weight=346.22 330.445 291.744 62.2851 229.459 38.7001 15.7755 223.977 24.5402 32.215 24.2577 42.9044 181.073 16.3713 26.9316 21.4747 174.539 30.0701 15.2935 15.9727 169.259 132.84 36.4188 125.994 24.614 15.5583 10.7396 24.5757 117.957 32.6809
internal_count=2655 2542 2256 476 1780 286 113 1738 182 246 185 330 1408 121 208 166 1358 230 117 122 1317 1034 283 981 191 121 82 188 919 255
cat_boundaries=0 1 2
cat_threshold=529 1
is_linear=0
shrinkage=0.03


Tree=2
num_leaves=31
num_cat=0
split_feature=3 3 1 1 6 1 1 6 6 5 5 3 1 4 2 8 5 6 2 5 8 1 6 8 1 1 8 2 8 8
split_gain=143.131 145.939 89.7587 54.8733 62.7687 42.0178 28.8545 23.3145 17.4862 16.3611 11.9621 11.3655 10.1667 6.82527 6.76483 4.97037 4.50366 4.16324 9.59016 3.62012 3.54364 3.50082 3.41858 3.18544 3.09465 3.06222 2.36466 0.707339 0.502629 0.926944
threshold=0.42441481351852423 2.7785327434539799 0.0042029945179820069 0.0048211875837296256 52.946125030517585 0.096224866807460799 0.012417792808264496 32.783182144165046 18.496431350708011 311.92922973632818 316.26362609863287 0.71644878387451183 -0.0010247391182929275 0.73478794097900402 24.500000000000004 -0.27699369192123408 322.44357299804693 31.934405326843265 10.500000000000002 234.24453735351565 0.14661013334989551 0.0071704010479152211 49.21080398559571 0.23867208510637286 0.0019513407605700197 0.043773271143436439 0.039807986468076713 14.500000000000002 -0.066117975860834108 -0.099180757999420152
decision_type=10 10 2 2 2 2 2 2 2 2 2 10 2 10 10 8 2 2 8 2 10 2 2 10 2 2 8 8 8 8
left_child=2 3 10 11 5 8 13 -7 -5 -8 19 16 -3 -6 20 -13 17 18 -2 -1 21 -10 -19 -22 28 -23 27 -26 29 -17
right_child=1 12 -4 4 6 7 9 -9 14 -11 -12 15 -14 -15 -16 24 -18 22 -20 -21 23 25 -24 -25 26 -27 -28 -29 -30 -31
leaf_value=-0.018077335893396995 0.028421026756930187 0.034362425500254715 0.10574666502948639 0.033204470512257556 -0.0020776147463694933 0.081885097939972243 0.10889625974097293 -0.0017865201023761438 -0.0055788725998250485 0.031055335229329118 0.046243067657109921 -0.0019552574849780974 0.091387915922298474 0.036316653552602773 0.0079689386287876921 -0.026773575601898757 0.0098506801374744109 -0.030373987439725619 -0.024593061386346204 0.009866877273085637 0.0075816781328150312 -0.031583846222285286 -0.0058961880717771217 -0.021322655008939012 -0.029643892701374342 -0.0060889008410764623 0.0012679456509198416 -0.011205622350746007 -0.031303936438981293 -0.010962581628851662
leaf_weight=6.1857665628194836 5.1924201548099527 5.879582121968272 16.351160451769829 5.197515442967414 9.0357616394758242 5.6786813437938672 6.0821728557348234 5.3613732606172562 7.2564470395445815 5.3748818039894104 5.6303018331527701 7.2339294701814651 11.715073168277739 6.5757805556058875 6.730359084904193 17.215174458920956 9.0217850878834707 12.247535765171053 5.0993764996528634 8.9754738360643369 6.1198410689830762 41.054625108838081 9.3408273756504041 5.8350164890289307 5.3073615282773945 5.3196510672569266 5.7133326679468182 5.454731561243535 84.569208763539791 6.6181683838367489
leaf_count=47 40 41 113 40 69 42 44 40 57 40 40 56 80 49 52 135 68 96 40 66 48 323 72 46 42 41 45 43 670 52
internal_value=0.000507626 -0.00629868 0.0553175 -0.0115094 0.00447455 -0.00783488 0.0435887 0.0444782 -0.0157573 0.077803 0.0126257 -0.0221556 0.0752046 0.0153072 -0.0196812 -0.0264195 -0.00808168 -0.0133016 0.0023019 -0.00194742 -0.0225957 -0.0258607 -0.0205129 -0.00708308 -0.0278098 -0.0288495 -0.0143511 -0.0220457 -0.0297055 -0.0230013
internal_weight=343.373 306.231 37.1427 288.636 115.622 88.5535 27.0686 11.0401 77.5135 11.4571 20.7915 173.014 17.5947 15.6115 72.3159 132.112 40.9019 31.8802 10.2918 15.1612 65.5856 53.6307 21.5884 11.9549 124.878 46.3743 16.4754 10.7621 108.403 23.8333
internal_count=2637 2371 266 2250 891 689 202 82 607 84 153 1359 121 118 567 1043 316 248 80 113 515 421 168 94 987 364 130 85 857 187
is_linear=0
shrinkage=0.03


Tree=3
num_leaves=31
num_cat=2
split_feature=3 3 1 1 11 7 1 14 1 8 7 1 0 1 1 9 3 8 2 9 2 1 1 3 9 1 0 0 1 3
split_gain=118.037 123.727 65.7643 60.3259 39.9252 35.6494 25.179 16.5038 30.8464 11.0823 9.56878 8.63275 8.62654 7.74713 6.60794 6.16795 4.35834 4.36811 5.92989 3.74013 3.46443 7.11145 4.9484 3.19792 2.66725 1.2134 0.715366 1.50319 0.670486 0.250775
threshold=0.39261625707149511 2.7785327434539799 0.0048211875837296256 0.0060013493057340392 0 1.0000000180025095e-35 0.096224866807460799 1 0.012417792808264496 0.071715757250785842 -16.999999999999996 0.010698956903070213 9.5000000000000018 0.070295058190822615 0.017640627920627597 0.03498716093599797 0.67925539612770092 -0.066117975860834108 22.500000000000004 0.18794573843479159 10.500000000000002 -0.019834581762552258 -0.0042248512618243686 0.77642932534217846 -0.2303948029875755 0.0019513407605700197 11.500000000000002 7.5000000000000009 0.017942148260772232 1.2044491767883303
decision_type=10 10 2 2 1 10 2 9 2 8 10 2 10 2 2 10 10 8 10 8 10 2 2 10 8 2 10 8 2 10
left_child=2 3 12 10 5 6 7 8 -5 11 -2 -9 -1 23 -11 -3 20 18 19 -18 21 -12 -22 -6 -19 -26 27 29 -13 -25
right_child=1 15 -4 4 13 -7 -8 9 -10 14 16 28 -14 -15 -16 -17 17 24 -20 -21 22 -23 -24 26 25 -27 -28 -29 -30 -31
leaf_value=0.03201904928841879 0.014343385724360639 0.034650587989601397 0.094212141326386722 0.018601237541977619 -0.0038793771111564779 -0.029191005954122461 0.087293683893909499 0.018034756705347346 0.10292206560142853 0.0025600960548657842 0.019172357005045083 -0.030685083481297466 -0.0060159710328330793 0.011625355094172134 0.041363739307906704 0.078069591611310316 -0.026602228985222676 -0.0074490267222705161 0.010785574815874995 -0.001844353317840019 -0.032591484236730979 -0.019388343473419712 -0.0039460020449289335 -0.014465343501807419 -0.031960524916670952 -0.019628931129895225 -0.031276202082310044 -0.0041357627597956442 -0.013955720096305798 -0.030124557968798611
leaf_weight=9.6597674489021319 5.7341598644852629 7.0902267694473293 15.957002252340315 7.9333350509405172 7.733777478337287 9.4625698179006559 5.6032858192920676 5.815380826592448 7.8760777115821838 7.8400907441973597 6.7843451723456374 6.2188493236899358 10.274877786636351 6.723358526825904 7.2588306814432144 12.609495043754576 24.0292853936553 5.6709629595279694 5.6227243170142165 7.2355598583817509 12.459540739655493 8.6452699899673444 9.6134057343006152 5.0353561714291573 78.205216251313686 14.738348618149756 16.015979155898094 4.9753120020031938 7.6321329027414322 5.9195416867733002
leaf_count=69 44 48 103 59 60 73 39 44 55 61 52 47 76 50 55 82 191 45 44 57 99 66 73 40 634 117 129 40 59 47
internal_value=-2.40511e-05 -0.00603372 0.0507172 -0.0110432 0.00618482 0.0195185 0.0315038 0.02375 0.0402737 0.00317233 -0.0218171 -0.0106001 0.0130638 -0.0138799 0.0226256 0.0648713 -0.0230911 -0.0256381 -0.0160896 -0.0211073 -0.0134617 -0.00229838 -0.0208273 -0.0217931 -0.0290124 -0.0302348 -0.0258804 -0.0189285 -0.0230273 -0.024739
internal_weight=346.374 310.482 35.8916 290.783 112.044 65.6406 56.178 50.5747 15.8094 34.7653 178.739 19.6664 19.9346 46.4033 15.0989 19.6997 173.005 135.502 36.8876 31.2648 37.5026 15.4296 22.0729 39.68 98.6145 92.9436 31.9462 15.9302 13.851 10.9549
internal_count=2658 2410 248 2280 858 492 419 380 114 266 1422 150 145 366 116 130 1378 1088 292 248 290 118 172 316 796 751 256 127 106 87
cat_boundaries=0 1 2
cat_threshold=12 17
is_linear=0
shrinkage=0.03


Tree=4
num_leaves=31
num_cat=0
split_feature=3 3 1 1 6 1 9 7 5 3 5 9 7 6 3 1 3 6 9 9 9 6 6 0 4 1 2 6 3 6
split_gain=113.989 116.822 58.8435 51.1415 52.5723 27.0336 22.397 15.824 13.8553 11.1692 10.6767 7.17121 5.56052 5.14952 4.89488 4.54226 6.42077 10.8594 5.23865 3.94846 5.90876 3.59479 4.39956 2.52331 1.81237 3.70168 3.4569 1.67095 1.45002 1.08991
threshold=3.5634698867797856 0.5348949432373048 0.0063274018466472634 0.0099341254681348818 53.113670349121101 0.1074352227151394 0.28286133706569677 -1.0000000180025095e-35 230.87074279785159 2.2621635198593144 233.57377624511722 0.19056802988052371 -16.999999999999996 37.269767761230476 0.38748431205749517 0.027807219885289673 1.0425868630409243 40.994987487792976 0.14454689621925357 -0.014709395356476305 -0.03908619470894336 32.635873794555671 40.998418807983406 11.500000000000002 0.99999845027923595 -0.0034629410365596409 11.500000000000002 37.028730392456062 0.9777624011039735 32.112770080566413
decision_type=8 10 2 2 2 2 8 8 2 10 2 8 10 2 10 2 10 2 10 8 10 2 2 10 10 2 8 2 8 2
left_child=1 2 7 9 5 15 -7 -1 -2 12 -9 13 -3 -4 -12 16 17 -5 23 20 21 29 -23 -17 -21 -26 -27 -18 -6 -14
right_child=8 3 11 4 28 6 -8 10 -10 -11 14 -13 19 -15 -16 18 27 -19 -20 24 -22 22 -24 -25 25 26 -28 -29 -30 -31
leaf_value=0.041990697593465146 0.033564435490743984 0.0051014966104782197 0.049113853737748937 -0.021804274261184302 0.077466694217120977 0.072155490259128208 -0.0074949255870420802 -0.028557195455300693 0.098396794399432774 0.010431703135804833 0.024136598265506671 0.036844375305354823 -0.018412107647372177 0.10084669393225706 -0.0053835040667328336 -0.022392200726511231 -0.009797340665453699 0.029671811683553245 0.022635038368517872 -0.029482188582951135 0.0084659152092344432 0.010934687961698374 -0.018075616087520053 0.0042800060180395545 -0.029268626385962063 -0.020544993786175331 0.0072861285020667113 -0.031793498098229074 0.039308064841495037 -0.032962128486588534
leaf_weight=8.6932494863867742 6.2957147210836402 5.7800650075078002 6.3756312802433959 8.371789447963236 5.8922458291053745 5.9636325091123563 5.5288952142000198 8.5260688662529009 9.1862620413303357 8.8569686934351903 9.5350352525711077 6.7934008240699795 13.784494340419771 8.5932325273752195 9.1434080675244314 6.2780985981225985 5.0807933434844044 5.0847169086337081 5.294448770582675 92.050211757421494 6.6732675954699507 5.6375725939869907 16.783900856971741 5.1995653286576271 15.201479598879816 7.5003043711185429 6.8726843520998964 18.243050292134285 5.8262879252433786 16.443278007209301
leaf_count=63 40 44 41 67 40 41 40 66 56 66 67 44 113 54 70 48 40 40 41 751 53 46 133 41 122 59 54 146 41 135
internal_value=-0.00133676 -0.00516709 0.0332679 -0.0133963 0.00728664 -0.00356746 0.0363042 0.00906996 0.0756688 -0.0215098 -0.00256572 0.0710314 -0.0230723 0.0832678 0.0101468 -0.0126327 -0.0184006 -0.00164635 0.000339668 -0.0239954 -0.017093 -0.02043 -0.0106259 -0.0109346 -0.0271951 -0.0193453 -0.00762879 -0.0276017 0.0630771 -0.0271291
internal_weight=345.49 330.008 57.66 272.348 76.7635 65.045 11.4925 35.8978 15.482 195.584 27.2045 21.7623 186.727 14.9689 18.6784 53.5525 36.7803 13.4565 16.7721 180.947 59.3225 52.6492 22.4215 11.4777 121.625 29.5745 14.373 23.3238 11.7185 30.2278
internal_count=2662 2566 405 2161 585 504 81 266 96 1576 203 139 1510 95 137 423 293 107 130 1466 480 427 179 89 986 235 113 186 81 248
is_linear=0
shrinkage=0.03


Tree=5
num_leaves=31
num_cat=0
split_feature=3 3 1 1 6 6 6 1 3 7 2 7 5 6 6 5 3 2 7 2 3 3 8 8 2 6 1 1 1 8
split_gain=111.712 126.334 67.5199 46.8631 34.2468 29.3649 21.2188 23.7407 22.8764 19.2017 26.3262 11.9595 9.75227 9.09414 6.68696 6.58065 5.70708 9.45884 5.14286 4.76119 4.5894 3.60521 3.47696 1.97618 4.18943 1.75848 1.67608 0.789324 0.79185 0.385661
threshold=0.48337301611900335 3.1364108324050908 0.0064637907780706891 0.01664349623024464 53.092546463012702 38.651802062988288 50.790092468261726 0.0063274018466472634 0.99735319614410411 1.0000000180025095e-35 6.5000000000000009 -1.0000000180025095e-35 234.58794403076175 32.462585449218757 52.684926986694343 233.57377624511722 0.71644878387451183 8.5000000000000018 -1.4999999999999998 17.500000000000004 0.28331179916858679 2.3213739395141606 -0.27699369192123408 -0.072363134473562227 21.500000000000004 37.269767761230476 0.0030139299342408781 -0.0037613816093653436 -0.045972457155585282 0.37841756641864782
decision_type=10 10 2 2 2 2 2 2 10 10 10 8 2 2 2 2 10 10 10 10 8 10 10 8 8 2 2 2 2 10
left_child=2 3 11 6 5 9 16 14 -9 10 -5 -1 -3 -12 -8 -13 17 -2 -19 -10 -17 23 -16 24 27 -4 -24 28 -18 -25
right_child=1 12 25 4 -6 -7 7 8 19 -11 13 15 -14 -15 22 20 21 18 -20 -21 -22 -23 26 29 -26 -27 -28 -29 -30 -31
leaf_value=0.041669749109754885 0.014177688000549691 0.034316008710340594 0.056453618378448769 0.079629194903130293 0.07419510899441821 -0.029213205487734411 0.0074915262285498215 0.056567385001789358 -0.017781777122123484 -0.022113789941041948 -0.0095860877432592632 -0.025999727200859479 0.084998127752679328 0.036313494836353655 -0.00081072449809161317 0.02807073395862458 -0.0239901742073769 0.0037317470201304452 -0.02948139871191922 0.01618060901833553 -0.0040945574167854191 -0.0012402054289842438 -0.031859796597106575 -0.0294569217405195 0.0056077657080705291 0.093416581809272911 -0.0099545968666758331 -0.029713737588849997 -0.0072875839846030036 -0.017536321275508977
leaf_weight=6.7678137943148613 8.7884741201996821 7.866039231419566 9.2502982020378131 6.8154885247349801 6.3206393569707862 14.696973271667956 7.5507346093654624 8.7505882233381289 7.8305427432060224 6.1240505948662749 8.4331336840987188 6.0017106384038987 10.736258104443548 5.7395679801702491 5.2391721159219768 5.6165673136711094 4.9477998167276409 5.2936652973294285 16.0182950720191 5.445977546274662 9.5297554433345795 5.2746943533420554 19.176173157989982 100.44278083741665 5.0119714960455886 11.802131310105322 5.1194107159972182 11.483259096741675 6.7773703634738949 7.9303662478923789
leaf_count=47 68 49 56 48 40 116 60 61 61 47 64 47 63 43 41 39 41 42 130 40 69 40 155 842 40 69 40 95 56 66
internal_value=-0.000316659 -0.00725865 0.0412032 -0.0123863 0.0143234 0.00375043 -0.0179872 -0.00242683 0.0216633 0.0220229 0.0353213 0.00983051 0.0664109 0.0101703 -0.0169284 -0.00178008 -0.023291 -0.0109149 -0.0214341 -0.00369298 0.0088328 -0.0258221 -0.0232123 -0.0267554 -0.0183631 0.0804718 -0.0278201 -0.0235575 -0.0156671 -0.0287529
internal_weight=346.782 297.813 48.9683 279.211 48.1299 41.8092 231.081 59.1126 22.0271 27.1122 20.9882 27.9158 18.6023 14.1727 37.0855 21.148 171.969 30.1004 21.312 13.2765 15.1463 141.868 29.5348 136.594 28.2204 21.0524 24.2956 23.2084 11.7252 108.373
internal_count=2675 2348 327 2236 358 318 1878 458 162 202 155 202 112 107 296 155 1420 240 172 101 108 1180 236 1140 232 125 195 192 97 908
is_linear=0
shrinkage=0.03


Tree=6
num_leaves=31
num_cat=3
split_feature=1 4 5 6 1 7 6 10 6 1 2 1 1 4 1 10 2 5 2 4 6 7 4 1 12 9 6 5 1 5
split_gain=91.4767 57.7499 32.8776 20.9229 18.8206 16.339 15.1394 18.6002 15.0161 15.2239 12.9282 9.42032 9.30528 7.48893 6.16974 5.05862 4.62539 4.60786 4.47833 6.74683 12.3687 3.96951 3.95534 3.75122 3.3505 7.21222 7.1833 5.85955 4.31066 1.82346
threshold=0.0042029945179820069 0.99999997019767772 313.59620666503912 52.496175765991218 0.012417792808264496 -8.4999999999999982 51.104207992553718 0 39.300983428955085 0.047635944560170181 9.5000000000000018 -0.01450296677649021 0.043773271143436439 1.3877787807814459e-16 0.0061128686647862205 1 8.5000000000000018 233.57377624511722 10.500000000000002 0.99999997019767772 31.969373703002933 -1.4999999999999998 0.86287435889244091 0.014871336054056885 2 0.063626531511545195 38.606920242309577 312.57421875000006 -0.0044560893438756457 329.26358032226568
decision_type=2 8 2 2 2 10 2 9 2 2 8 2 2 10 2 9 10 2 10 10 2 10 10 2 1 10 2 2 2 2
left_child=5 2 3 8 -5 -1 7 -3 9 10 -2 18 23 -11 -4 -8 -10 -13 19 -7 -21 -19 -16 -9 26 28 -23 -27 -26 -28
right_child=1 6 14 4 -6 11 15 12 16 13 -12 17 -14 -15 22 -17 -18 21 -20 20 -22 24 -24 -25 25 27 29 -29 -30 -31
leaf_value=0.020227884985139777 0.031448891052554329 0.072887657831195676 0.011730285440440604 0.014256160616595796 0.076078830707017805 -0.023621149242088336 0.044780062446482326 0.012317927513877282 -0.023441884608958546 0.056085096610076046 -0.019545146338019844 -0.021959756320773974 0.042069070785440324 0.013389885036743257 -0.0262246687406897 0.088950380929721878 0.0042572621865095764 0.014487683664777717 -0.029790762369147624 0.029668475458275577 -0.02378281767438906 0.0057654171918424726 -0.0022651397881503252 -0.017250485900824269 0.0080810264784283176 -0.0018674745919723785 -0.028777666853436669 0.034336041388945478 -0.023724273316456664 -0.0079027794659287179
leaf_weight=10.818016670644282 6.2031884640455273 5.8370112776756287 5.4896980896592131 9.8548414930701274 8.0150305554270727 28.883110165596008 9.2653045505285263 8.4193835034966522 11.940598353743555 9.3773333877325076 10.811628021299837 19.749031506478786 6.2744730263948432 6.9889354631304732 26.643124043941498 7.2994184941053399 8.8855228647589666 6.9133017957210532 46.98085693269968 6.4266791120171529 7.2006717696785927 9.3197257667779905 8.2536332160234434 5.5446124747395507 5.3073834106326094 8.1411755159497243 19.126154080033306 6.7712554410099974 9.8372930362820643 5.8004007637500754
leaf_count=79 46 36 44 72 49 244 58 62 93 62 87 159 41 50 218 43 68 54 394 48 56 73 66 39 41 65 158 51 78 47
internal_value=-0.000408969 0.0166533 0.00523715 0.0172967 0.0445473 -0.0142593 0.0459533 0.0298238 0.00766911 0.0199138 -0.000240231 -0.0164268 0.0145566 0.0396737 -0.0161832 0.0682002 -0.0119704 -0.00946875 -0.0233167 -0.0156415 0.00172985 -0.00574876 -0.0207788 0.000209138 -0.00811293 0.00106258 -0.0126735 0.0156961 -0.0127681 -0.0244123
internal_weight=346.379 155.104 112.464 72.0771 17.8699 191.275 42.6402 26.0755 54.2072 33.3811 17.0148 180.457 20.2385 16.3663 40.3865 16.5647 20.8261 90.9657 89.4913 42.5105 13.6274 71.2167 34.8968 13.964 64.3034 30.0571 34.2463 14.9124 15.1447 24.9266
internal_count=2681 1134 855 527 121 1547 279 178 406 245 133 1468 142 112 328 101 161 726 742 348 104 567 284 101 513 235 278 116 119 205
cat_boundaries=0 1 2 3
cat_threshold=8 1 2
is_linear=0
shrinkage=0.03


Tree=7
num_leaves=31
num_cat=0
split_feature=3 3 1 1 6 1 1 3 7 5 8 3 8 3 5 1 3 8 8 5 8 7 0 6 1 5 1 9 1 5
split_gain=103.132 113.576 39.8471 36.6718 40.3761 31.6505 13.8682 12.4784 15.3799 11.551 11.0494 7.97049 6.81463 7.10903 6.38625 6.22051 7.03948 3.94417 3.71119 3.08299 4.20442 3.01915 2.51599 2.39768 2.2634 2.18821 2.09793 1.84505 4.20195 1.60355
threshold=2.7785327434539799 0.43505117297172552 0.0042029945179820069 0.0099341254681348818 53.113670349121101 0.096224866807460799 0.014561230782419445 0.66135850548744213 -1.4999999999999998 283.00573730468756 0.074853096157312407 2.2621635198593144 0.12880378961563113 4.9743113517761239 322.44357299804693 0.025862181559205059 1.0778391957283022 -0.066117975860834108 -0.099180757999420152 309.32798767089849 -0.21984501928091046 10.500000000000002 12.500000000000002 50.913091659545906 0.0010961646912619474 244.54225921630862 -0.018431960605084893 0.090407151728868498 0.0068218964152038106 212.55332946777347
decision_type=8 10 2 2 2 2 2 10 8 2 10 10 8 8 2 2 10 8 10 2 10 8 10 2 2 2 2 10 2 2
left_child=1 2 9 7 5 10 -6 8 -3 26 23 17 13 -2 29 16 -12 18 19 20 25 24 -20 -5 -19 -9 -1 28 -26 -10
right_child=12 3 -4 4 6 -7 -8 11 14 -11 15 -13 -14 -15 -16 -17 -18 21 22 -21 -22 -23 -24 -25 27 -27 -28 -29 -30 -31
leaf_value=-0.021139698157186047 0.039915772228733 0.035049008585707447 0.070468592023697457 -0.028062966618744387 0.016750082473150657 0.038394472087449595 0.074784185588028323 -0.011318183242946585 -0.0043413522512469596 0.031831087682537347 0.014704628628044232 0.011084343871206803 0.026640647869393911 0.087914728114799501 0.011706917366911563 0.025253258818613625 -0.02983893161012692 -0.030990014807692923 -0.013837981006638448 -0.032302060810410517 -0.023868394738409019 -0.0028683491172460263 0.013391033293236508 -0.0046605344211715733 0.0048533671129573127 0.013517078550024989 0.0036513195993087919 -0.02634048584017298 -0.026393226424832127 -0.024627267403054882
leaf_weight=5.6222642958164215 7.9643798470497158 6.7219750732183456 19.574645817279816 30.09231835603714 8.0772194564342481 11.044421747326849 7.2704890966415396 5.499832980334757 4.9954392388463082 11.365815013647078 5.100528724491598 5.5835854262113562 6.5181245952844646 8.9970363527536374 6.7224735766649237 6.465848132967948 5.8944939970970154 75.334909491240978 4.931821793317793 12.040469720959662 13.021881364285948 4.7572763562202445 5.2957191541790962 5.0222062468528739 7.4118300080299395 5.2812882736325264 5.259970538318159 17.358233869075775 6.5586069673299789 16.536987878382206
leaf_count=43 49 51 109 248 54 74 42 44 40 77 40 44 39 51 51 48 49 656 41 99 108 39 43 39 61 43 40 147 54 133
internal_value=-0.00064771 -0.00518808 0.0403139 -0.012178 0.00506324 -0.0056585 0.0471348 -0.0190433 -0.00269235 0.0118927 -0.0154565 -0.0225125 0.0587019 0.0688535 -0.0125623 0.00392824 -0.00967221 -0.023766 -0.0157709 -0.0202092 -0.0130364 -0.0269022 0.000197884 -0.0249376 -0.0279375 0.000962418 -0.00985804 -0.0198658 -0.0105989 -0.0203226
internal_weight=342.322 318.843 41.8227 277.02 78.9675 63.6198 15.3477 198.052 34.9769 22.248 52.5754 163.075 23.4795 16.9614 28.2549 17.4609 10.995 157.492 46.071 35.8435 23.803 111.421 10.2275 35.1145 106.664 10.7811 10.8822 31.3287 13.9704 21.5324
internal_count=2656 2517 269 2248 594 498 96 1654 275 160 424 1379 139 100 224 137 89 1335 378 294 195 957 84 287 918 87 83 262 115 173
is_linear=0
shrinkage=0.03


Tree=8
num_leaves=31
num_cat=1
split_feature=3 3 7 6 3 5 9 9 9 2 6 10 8 9 8 6 9 3 6 8 8 3 6 3 5 3 3 3 9 9
split_gain=106.199 93.8826 37.5617 28.2899 15.1096 9.85465 9.42387 7.68085 8.64463 6.77622 12.3879 6.03503 5.11369 5.64676 5.09986 4.97236 4.84577 4.33335 3.84484 3.13189 3.60658 3.98221 3.28577 2.87534 2.44955 3.90538 1.38133 1.96264 1.34863 2.42597
threshold=2.7785327434539799 0.40300585329532629 -19.499999999999996 51.139064788818366 0.64096614718437206 312.57421875000006 0.032480256631970413 0.21658082306385043 -0.023557555861771103 7.5000000000000009 36.596654891967781 0 0.20732259005308154 0.15740822255611422 -0.087761078029870973 50.276121139526374 -0.01583845820277929 0.18011685460805896 54.730865478515632 -0.066117975860834108 0.26478084921836859 2.1271444559097294 41.137786865234382 0.84851196408271801 282.62524414062506 1.2702620625495913 1.3173124790191653 0.84425419569015514 0.069385360926389708 0.037508174777030952
decision_type=8 10 10 2 10 2 10 10 10 10 2 9 10 10 10 2 8 10 2 8 10 10 2 10 2 10 8 10 8 10
left_child=1 5 15 9 18 11 -2 8 14 10 12 -1 13 16 -6 -3 -4 -13 -5 24 21 -21 -22 -12 26 -26 27 -11 29 -10
right_child=6 2 3 4 7 -7 -8 -9 28 19 23 17 -14 -15 -16 -17 -18 -19 -20 20 22 -23 -24 -25 25 -27 -28 -29 -30 -31
leaf_value=0.0054417483968981226 0.029457466831169475 0.057590190461349104 0.019575720295675475 0.043463475251817582 0.029208521207938876 0.060051889293005381 0.073166218210660314 0.021094634626036335 -0.023499436078039324 -0.022210955206047073 -0.0073421996449812271 0.055074475597791703 -0.013219074134135417 0.032898122870977424 -0.0046303867337131686 0.016923125182886373 -0.012889309857048675 0.021996268086186578 0.010407984627215464 -0.026827120124882874 -0.021663896995569313 0.00037299992492896225 0.0071850579419034223 -0.030010722537422818 -0.013931028965839067 0.016766808413710744 -0.030289759762864368 0.00099853678819728626 -0.02734338686309546 0.00014993451462404423
leaf_weight=8.9654431492090243 8.8893097788095492 5.7526160776615125 6.1893608197569847 8.0599161460995656 5.5234621539711943 12.464693516492842 15.601610630750654 8.4847730174660665 7.0393773466348737 6.3284782171249407 7.8172267079353359 6.4205076247453716 10.145067721605299 6.5085806995630255 9.81591092050075 6.5147390812635422 8.7531445249915176 11.728924147784708 6.1089296191930762 102.02646286785603 6.2188559025526029 5.0546668022871009 6.2614851295948029 18.862869337201118 9.1985770836472494 4.9006780236959449 6.43158996105194 5.785116508603096 10.754165478050703 7.5643696188926697
leaf_count=59 54 40 49 56 41 74 87 61 56 51 63 37 83 49 76 49 73 77 42 876 53 41 53 160 76 41 53 47 85 59
internal_value=0.00010415 -0.00449803 -0.0105221 -0.0128695 0.00465054 0.038233 0.0590795 -0.00335775 -0.00883934 -0.0181397 -0.00921314 0.0264237 0.00351932 0.0116718 0.00859634 0.0388968 0.000942488 0.0359629 0.0308372 -0.021475 -0.0237709 -0.0255516 -0.00773084 -0.0238741 -0.0126095 -0.00285717 -0.0194983 -0.0118958 -0.0193124 -0.0120251
internal_weight=350.171 325.68 286.1 273.833 63.3509 39.5796 24.4909 49.1821 40.6973 210.482 58.2762 27.1149 31.5962 21.4511 15.3394 12.2674 14.9425 18.1494 14.1688 152.206 119.561 107.081 12.4803 26.6801 32.6444 14.0993 18.5452 12.1136 25.3579 14.6037
internal_count=2721 2580 2333 2244 476 247 141 378 317 1768 477 173 254 171 117 89 122 114 98 1291 1023 917 106 223 268 117 151 98 200 115
cat_boundaries=0 1
cat_threshold=1
is_linear=0
shrinkage=0.03


Tree=9
num_leaves=31
num_cat=2
split_feature=3 3 7 6 12 6 7 10 5 5 3 3 0 9 9 7 5 6 3 8 5 0 7 8 6 6 6 6 9 8
split_gain=79.4818 79.0964 29.5939 26.5536 16.7642 11.3861 13.1354 12.0052 10.8481 6.28938 5.69682 4.51012 4.77395 4.24513 8.15358 6.3309 5.04545 4.55917 4.27018 4.12558 3.70377 3.08665 2.72513 6.98339 2.70995 1.95645 0.685673 1.44415 1.80502 1.30347
threshold=2.7785327434539799 0.50590842962265026 -19.499999999999996 53.420833587646491 0 53.265357971191413 -1.0000000180025095e-35 1 312.57421875000006 237.91407012939456 0.39261625707149511 2.2621635198593144 8.5000000000000018 0.17581176012754443 -0.01583845820277929 -1.0000000180025095e-35 272.95738220214849 36.901618957519538 0.93502482771873485 -0.10309573262929915 272.95738220214849 40.500000000000007 -4.4999999999999991 0.0092767304740846174 52.908308029174812 32.081161499023445 30.61436748504639 32.142530441284187 -0.011273127514868973 0.29270884394645696
decision_type=8 10 10 2 1 2 8 9 2 2 10 10 10 10 8 8 2 2 10 8 2 10 10 8 2 2 2 2 8 10
left_child=1 5 -3 11 8 6 -1 -7 -5 -2 20 12 13 14 16 -15 25 -17 -19 -6 -8 22 23 -14 -16 -4 -24 28 -28 -29
right_child=9 2 3 4 19 7 10 -9 -10 -11 -12 -13 21 15 24 17 -18 18 -20 -21 -22 -23 26 -25 -26 -27 27 29 -30 -31
leaf_value=0.040792286233462004 0.03026646832159165 0.035834244504070162 0.00075566699980317178 0.042325646934619765 -0.029500422130076153 0.076171321149580945 -0.00052286750264102266 0.024814777875580271 -0.0044249951220550233 0.065245865168286621 -0.014141499527499005 0.0042354954798890483 0.016545190291022756 -0.026096645658573493 -0.029533322131192013 0.021417078260775692 0.018981253206339924 0.012009843778630871 -0.02398664651276057 -0.0016789753092863635 0.027130212985301601 0.0001206338438707129 -0.030981003341173163 -0.025109846605776108 -0.0047594554209734177 -0.024338728694448836 0.0026503762030143899 -0.025883359247644441 -0.02099509666203293 -0.00742791787307703
leaf_weight=12.448436483740805 11.734775185585024 10.3171524181962 5.0003887936472911 15.702459588646891 9.8628644198179227 6.6004087328910828 8.1195961013436371 12.380366027355196 5.8568109273910514 12.78639107942581 9.0864880532026273 7.4197727516293517 4.900222606956957 6.4046341925859451 28.535816431045532 8.5507591888308578 6.3287403210997573 4.8495396822690946 5.162990465760231 8.8190575540065783 8.3202295303344709 5.0991036668419829 26.11034781485796 8.7566651627421361 5.0870747566223136 5.1792530715465546 4.6819837018847466 64.482626624405384 5.878729119896887 4.6709111332893363
leaf_count=78 68 74 41 108 77 38 54 76 44 70 71 57 40 54 243 66 53 40 46 67 51 41 233 75 41 44 38 560 50 40
internal_value=-0.000577415 -0.00469353 -0.0117775 -0.0138998 0.00823584 0.0270036 0.0167813 0.045592 0.0207806 0.0503481 0.00397543 -0.0182199 -0.0190712 -0.0128027 -0.0177585 -0.00255177 -0.000385655 0.00649032 -0.00704447 -0.0113519 0.0142256 -0.0227179 -0.0236855 -0.0100545 -0.0260308 -0.013047 -0.025334 -0.0231235 -0.0111896 -0.0247605
internal_weight=339.135 314.613 257.658 247.341 40.2412 56.9555 37.9748 18.9808 21.5593 24.5212 25.5263 207.1 199.68 75.0992 50.1313 24.9679 16.5084 18.5633 10.0125 18.6819 16.4398 124.581 119.481 13.6569 33.6229 10.1796 105.825 79.7143 10.5607 69.1535
internal_count=2638 2500 2132 2058 296 368 254 114 152 138 176 1762 1705 628 422 206 138 152 86 144 105 1077 1036 115 284 85 921 688 88 600
cat_boundaries=0 1 2
cat_threshold=1 4
is_linear=0
shrinkage=0.03


Tree=10
num_leaves=31
num_cat=0
split_feature=3 3 1 1 6 6 0 7 6 1 0 5 8 3 3 0 5 5 6 5 8 0 1 8 8 7 6 0 5 3
split_gain=91.594 94.3447 43.8712 41.7994 20.9575 22.4719 23.8926 15.0911 8.76709 19.8959 9.50473 7.91026 6.8354 6.66325 6.0887 5.25377 4.93888 3.80048 6.83795 2.98475 2.83331 2.78348 2.61234 1.40984 2.38377 1.62136 0.53503 1.28832 0.418334 2.01248
threshold=3.1364108324050908 0.42441481351852423 0.0010961646912619474 0.017115097492933277 53.092546463012702 36.599782943725593 6.5000000000000009 -19.499999999999996 51.104207992553718 0.011901889927685263 36.500000000000007 277.16662597656256 -0.01363668357953429 2.3648270368576054 0.71297204494476329 14.500000000000002 237.91407012939456 322.44357299804693 31.934405326843265 239.65342712402347 0.071715757250785842 11.500000000000002 0.0077926099766045817 -0.072363134473562227 -0.091623045504093156 8.5000000000000018 54.15562820434571 7.5000000000000009 284.49386596679693 1.3257301449775698
decision_type=8 10 2 2 2 2 10 8 2 2 10 2 8 10 10 10 2 2 2 2 10 10 2 8 8 8 2 8 2 10
left_child=1 2 11 7 5 6 -5 -3 13 10 19 -1 -8 14 15 17 -2 18 -9 21 -14 -10 -4 24 28 -25 27 -21 29 -16
right_child=16 3 22 4 -6 -7 12 8 9 -11 -12 -13 20 -15 23 -17 -18 -19 -20 26 -22 -23 -24 25 -26 -27 -28 -29 -30 -31
leaf_value=-0.018931942408679753 0.035495175861090633 0.029291112826786505 0.035873868274338347 0.059499962935517507 0.058199994093873858 -0.023340094519087706 0.022203388987201828 0.013277492955133348 -0.018754226766868071 0.031432604511337871 0.018576552186903746 0.017728907221290908 -0.025892971372133772 0.012276771879473363 -0.0053030285087594178 -0.024294027830777769 0.071735495588693507 0.019253622432378832 -0.02338838868390769 -0.029331767852271085 0.0027516996021205091 0.0085387841755830956 0.068832705504304106 -0.027676790757134348 0.0008942977210908633 -0.0073937997701824139 -0.030898986791951005 -0.0095830069522688573 -0.027976412674484773 -0.026932489977992288
leaf_weight=8.3999731093645114 9.5412826240062731 5.5061028003692627 6.7884205132722881 8.6847844272851962 7.1079154908657065 14.872136391699312 7.3168421387672424 7.0898365005850854 6.5833603367209417 9.1143138557672483 5.7675535678863517 11.147758319973944 5.8397859707474726 4.7043980881571761 8.3347839042544383 13.887085653841494 12.093111529946325 5.1387543827295294 9.7931337803602201 5.3341695144772538 5.3762879967689514 5.2391051203012466 17.946681424975395 94.802017003297806 5.0075619071722057 4.5864769145846358 13.785436198115347 8.5436521098017693 8.9135380685329419 7.390310399234294
leaf_count=65 53 39 41 57 41 123 53 54 53 59 45 72 46 34 71 120 61 40 81 45 40 40 92 867 42 37 110 68 79 64
internal_value=-0.000319448 -0.00439447 0.0357963 -0.0108851 0.0140001 0.0053584 0.0213111 -0.0162568 -0.0175016 -0.00685262 -0.0150764 0.00182048 0.00128528 -0.0208541 -0.0218673 -0.0105258 0.058027 -0.00116533 -0.00810946 -0.0203294 -0.0130612 -0.00693671 0.0615328 -0.0249183 -0.0178635 -0.0268238 -0.0256113 -0.0186351 -0.021562 -0.0164707
internal_weight=344.637 323.002 44.2828 278.719 49.1978 42.0898 27.2177 229.522 224.015 54.3676 45.2533 19.5477 18.5329 169.648 164.943 35.9088 21.6344 22.0217 16.883 39.4857 11.2161 11.8225 24.7351 129.035 29.6462 99.3885 27.6633 13.8778 24.6386 15.7251
internal_count=2692 2578 270 2308 360 319 196 1948 1909 420 361 137 139 1489 1455 295 114 175 135 316 86 93 133 1160 256 904 223 113 214 135
is_linear=0
shrinkage=0.03


Tree=11
num_leaves=31
num_cat=1
split_feature=1 6 6 7 1 1 5 7 4 14 0 6 4 6 4 9 9 1 1 5 6 0 4 1 1 1 1 0 4 1
split_gain=85.1912 46.7785 40.9147 28.0685 28.0041 23.3626 20.2212 18.9898 11.1028 8.4142 9.43542 6.47351 9.27352 5.6447 4.36773 3.95403 6.26708 4.53981 3.21801 3.20968 4.12106 2.99424 5.90514 5.31482 2.59426 2.42742 1.90247 5.87533 2.06627 1.61262
threshold=0.0042029945179820069 53.265357971191413 18.338701248168949 -7.4999999999999991 0.014561230782419445 0.047635944560170181 208.25371551513675 -14.499999999999998 0.99999913573265087 0 19.500000000000004 48.830354690551765 0.99176645278930675 50.202070236206062 4.9808932089945308e-05 -0.01583845820277929 -0.032242884859442704 -0.010663954075425862 0.090036813169717803 322.44357299804693 18.071282386779789 17.500000000000004 1.9428902930940242e-16 -0.0013311993097886441 0.0058932465035468349 -0.0064350664615631095 0.016444201581180099 9.5000000000000018 0.99999845027923595 0.0097460197284817713
decision_type=2 2 2 8 2 2 2 8 8 9 10 2 8 2 10 8 10 2 2 2 2 10 10 2 2 2 2 10 10 2
left_child=7 2 -2 -4 8 11 -7 -1 14 10 -9 24 13 -13 -3 16 19 -17 -8 20 -11 22 -19 -23 -5 -24 28 -28 -26 -15
right_child=1 4 3 5 -6 6 18 9 -10 15 -12 12 -14 29 -16 17 -18 21 -20 -21 -22 23 25 -25 26 -27 27 -29 -30 -31
leaf_value=0.036219755566141813 0.060998207829613821 0.018426852109955174 0.057705629938211364 0.0015299708636812221 0.076550020568530747 -0.022479377446255288 0.018554025479820713 0.02878293978671256 0.044432525982847929 0.0012538738069980122 -0.015493899904065423 0.012838980884158213 0.033671129387008766 -0.0051857266912899201 -0.013748051012780324 -0.028146727713492511 0.018909290526302098 0.0047389655555961164 0.048302690589885441 0.0075819683239683328 -0.020986351124681821 0.017107335516177644 -0.004443805601149103 -0.018933680784304047 -0.029953375826716297 -0.028146813344124093 0.0096041236986029715 -0.023537103134280393 -0.0094144702366593704 -0.025822039605546118
leaf_weight=5.5757482200860977 10.159750655293463 7.303681246936323 6.2524169161915779 5.6330614984035483 14.115362942218779 6.0893015414476421 7.2588389739394215 8.6407967731356603 10.529672488570212 9.0122669711709005 7.0017348155379304 7.0565970465540948 5.0426665097475043 6.1725852563977233 6.0438982918858528 53.661485865712166 4.6089117527008048 7.242285728454589 10.47649537026882 4.7120107412338248 40.64780006557703 5.9027492851018906 5.0145897120237342 6.910752557218073 19.514636561274532 26.528579771518711 6.9335446730256107 12.020811468362806 7.1565884053707114 8.7734222933649999
leaf_count=36 60 52 39 45 72 45 51 60 60 76 60 55 36 51 45 469 36 58 62 38 352 45 41 60 175 226 51 98 56 69
internal_value=-0.000508011 0.0157359 0.00630231 0.000664266 0.0442531 -0.00335355 0.0220836 -0.0142292 0.0228507 -0.0159845 0.00576193 -0.0112739 0.000618184 -0.00809153 0.003915 -0.0173752 -0.0118723 -0.0219531 0.0377672 -0.0147759 -0.0170051 -0.0150992 -0.0191655 -0.00229428 -0.0174402 -0.024631 -0.0197649 -0.0115402 -0.0249816 -0.0181591
internal_weight=341.993 156.533 118.541 108.381 37.9926 102.129 23.8246 185.46 23.8773 179.884 15.6425 78.3039 27.0453 22.0026 13.3476 164.241 58.981 105.26 17.7353 54.3721 49.6601 51.599 38.7855 12.8135 51.2586 31.5432 45.6256 18.9544 26.6712 14.946
internal_count=2679 1122 893 833 229 794 158 1557 157 1521 120 636 211 175 97 1401 502 899 113 466 428 430 325 105 425 267 380 149 231 120
cat_boundaries=0 1
cat_threshold=1044
is_linear=0
shrinkage=0.03


Tree=12
num_leaves=31
num_cat=1
split_feature=1 6 6 1 9 1 5 10 2 0 2 2 5 8 8 1 1 6 1 1 5 2 1 1 6 1 6 1 9 9
split_gain=71.0989 45.4723 37.8744 23.4605 19.8771 13.3657 12.8902 8.63582 8.26591 8.70873 22.8722 7.54652 5.27178 5.05464 6.95868 5.79596 6.23273 8.30251 4.01777 6.62709 8.11181 4.91628 3.80787 9.11461 3.62483 3.19103 2.46293 3.4331 2.13284 3.06114
threshold=0.0048211875837296256 52.946125030517585 18.338701248168949 0.090036813169717803 -0.22655964642763135 0.011901889927685263 223.37550354003909 0 42.500000000000007 11.500000000000002 17.500000000000004 24.500000000000004 317.00840759277349 0.15162380784749988 0.2306562811136246 0.0071704010479152211 0.027048617601394657 32.798503875732429 0.0010961646912619474 -0.0056721041910350314 316.84051513671881 6.5000000000000009 -0.0078207761980593187 -0.0026437448104843493 38.787141799926765 -0.0056721041910350314 18.113891601562504 -0.061202881857752793 0.096550125628709807 -0.029195302166044709
decision_type=2 2 2 2 10 2 2 9 8 8 8 10 2 10 8 2 2 2 2 2 2 10 2 2 2 2 2 2 10 10
left_child=6 2 -2 11 -5 7 26 -3 9 10 18 13 -7 15 -15 -4 -17 -18 19 20 28 -20 -11 25 -25 -24 27 -1 29 -8
right_child=1 5 3 4 -6 12 8 -9 -10 22 -12 -13 -14 14 -16 16 17 -19 21 -21 -22 -23 23 24 -26 -27 -28 -29 -30 -31
leaf_value=-0.022634351201292823 0.057598945092434718 -0.00028323081729401435 0.0062510268962508954 -0.010903828672124199 0.055016643138643531 0.067784246430889372 -0.01508818783497236 0.037729534864375747 0.026560835446032875 -0.024929483006403196 0.051670181772732818 0.015466210306389835 0.02919534747348013 0.024343666521761054 -0.014400866815571546 -0.026145569094863489 -0.019037724383735466 0.023914431057432003 -0.010776039004914363 -0.026795878721767613 0.028736022742606226 0.027089772918530743 -0.004872802657874104 1.5821631984540126e-05 -0.025124225524799249 0.025604621313678074 -0.027187242860773772 0.0084444181213635706 -0.019180471764854462 0.014815696252620469
leaf_weight=6.960984542965889 9.8614659383892995 9.0893591493368149 9.1133530139923078 6.1425044760108021 9.9404169768094999 14.532707810401918 5.2646786719560623 12.123657397925854 5.2565447390079489 26.706007160246372 5.746638059616088 10.028389424085615 7.0032778978347769 6.945658363401888 7.8336271792650223 34.034838281571865 9.7105019837617856 5.524793066084384 5.2727543264627439 14.526281341910364 5.0975745096802703 5.2726123407483101 5.0690763145685196 6.8160018920898464 20.251869544386864 5.9682283475995046 47.968522593379021 4.6503058150410634 10.652263127267359 5.0627157390117663
leaf_count=63 56 64 72 42 58 76 45 78 36 235 36 73 42 50 64 298 71 41 43 125 39 41 41 57 168 48 428 40 90 41
internal_value=-0.000373526 0.0148124 0.00441058 -0.00139465 0.0306753 0.0406597 -0.012751 0.0221623 -0.00724874 -0.00891354 -0.000312413 -0.00788529 0.0570879 -0.0112515 0.0041963 -0.0151667 -0.0191739 -0.00294832 -0.00703155 -0.0112735 -0.00195645 0.00886314 -0.0163447 -0.00984442 -0.0190187 0.0123653 -0.0241631 -0.0105047 -0.0103821 -0.000414861
internal_weight=338.428 151.885 109.136 99.2741 16.0829 42.749 186.543 21.213 126.963 121.707 56.8955 83.1912 21.536 73.1628 14.7793 58.3835 49.2701 15.2353 51.1489 40.6035 26.0772 10.5454 64.8112 38.1052 27.0679 11.0373 59.5798 11.6113 20.9797 10.3274
internal_count=2661 1085 825 769 100 260 1576 142 1045 1009 460 669 118 596 114 482 410 112 424 340 215 84 549 314 225 89 531 103 176 86
cat_boundaries=0 1
cat_threshold=1
is_linear=0
shrinkage=0.03


Tree=13
num_leaves=31
num_cat=0
split_feature=3 3 1 1 6 7 6 1 7 9 2 4 2 2 5 1 3 0 3 5 9 6 1 6 0 2 5 7 5 6
split_gain=92.0425 91.2362 43.7284 27.1246 31.0422 19.7056 13.0873 16.6673 9.922 8.01103 11.8416 12.8962 5.64097 4.57678 4.06089 4.04979 5.69869 3.98491 3.90093 4.29901 3.88435 3.81463 3.54414 3.39337 3.17573 2.56964 2.30592 2.11508 1.31621 0.934686
threshold=3.1364108324050908 0.54543325304985057 0.0048211875837296256 0.016444201581180099 53.420833587646491 -1.0000000180025095e-35 36.599782943725593 0.1074352227151394 -16.999999999999996 -0.013741764239966868 7.5000000000000009 0.61700427532196056 25.500000000000004 15.500000000000002 233.57377624511722 0.00090630701743066322 0.68621250987052929 7.5000000000000009 0.39261625707149511 244.54225921630862 0.12639477849006656 53.483423233032234 0.00090630701743066322 17.80491924285889 9.5000000000000018 20.500000000000004 321.43739318847662 8.5000000000000018 325.35758972167974 36.596654891967781
decision_type=8 10 2 2 2 8 2 2 8 8 8 10 8 8 2 2 10 10 10 2 10 2 2 2 10 10 2 8 2 2
left_child=1 2 5 8 6 -1 7 24 -3 10 11 -10 21 14 -7 27 -17 -16 19 -4 -8 23 -2 -12 -5 29 -25 28 -11 -18
right_child=22 3 18 4 -6 13 20 -9 9 15 12 -13 -14 -15 17 16 25 -19 -20 -21 -22 -23 -24 26 -26 -27 -28 -29 -30 -31
leaf_value=0.03975447132685575 0.0325479339278806 0.019511769379758903 0.035560731884931598 0.0075351204253920239 0.06774947203745571 -0.020305149112405885 -0.030028578539817309 0.044488227355947978 -0.010749366038515415 -0.030361337026079644 -0.00030518378630678037 0.048172061129759976 0.013281542971596321 -0.025512420167384805 -0.0084782961077770162 0.008875705457774016 -0.0097128306528931566 0.021108250404986612 0.032207588348201442 0.072547100543580212 0.00090878104782104378 0.00065775048596630704 0.066382376791847192 -0.0298318131515008 -0.01820322525473755 -0.0042424450991759783 -0.0075500656925730856 -0.0056439856756075506 -0.012526424675230453 -0.024295164192442521
leaf_weight=9.2324477583169919 7.3924301415681866 5.5372699499130249 8.0556793063879066 7.3485687896609333 5.66687287390232 5.5041907057166162 12.045496515929701 8.1073624640703184 6.741241589188574 62.617678813636303 5.263552986085414 5.1117509827017784 4.6963844001293173 8.6416727080941182 6.7564358562231046 6.4700448960065833 6.4344528019428244 7.9889120832085609 11.320146754384039 12.089997813105581 4.9930143207311621 7.3516335412859908 15.1459803879261 27.379185035824776 8.174034431576727 8.7292211055755597 5.8641555309295645 4.2495652213692656 6.0296281278133383 39.918454125523567
leaf_count=61 40 38 40 52 28 46 101 47 59 587 47 38 39 69 48 48 57 57 68 58 42 56 75 256 67 69 53 35 54 351
internal_value=-0.000112106 -0.004332 0.0257996 -0.0128318 0.00774192 0.00390335 -0.00204496 0.0122242 -0.0175567 -0.0186928 -0.0095885 0.0164321 -0.0158896 -0.00849989 -0.000380701 -0.0228167 -0.016647 0.007874 0.0513916 0.0601384 -0.0214148 -0.0190968 0.0571392 -0.0227894 -0.00629983 -0.0197497 -0.0262366 -0.0277306 -0.0289972 -0.0225188
internal_weight=340.857 318.319 69.5895 248.73 46.3353 38.1237 40.6685 23.63 202.394 196.857 62.4079 11.853 50.5549 28.8912 20.2495 134.449 61.5522 14.7453 31.4658 20.1457 17.0385 45.8585 22.5384 38.5069 15.5226 55.0821 33.2433 72.8969 68.6473 46.3529
internal_count=2686 2571 447 2124 337 281 309 166 1787 1749 548 97 451 220 151 1201 525 105 166 98 143 412 115 356 119 477 309 676 641 408
is_linear=0
shrinkage=0.03


Tree=14
num_leaves=31
num_cat=0
split_feature=3 3 7 7 8 3 9 7 9 9 9 8 5 8 6 5 9 7 2 8 3 6 5 8 4 6 9 0 9 4
split_gain=60.8711 74.7984 13.8897 11.3902 11.2523 10.3337 6.96216 5.62476 5.47014 10.4676 8.17312 7.1861 5.43691 4.78035 6.7516 4.66464 3.95982 3.41828 3.19075 5.14744 4.11016 4.30344 3.93164 2.63378 2.23989 1.73524 3.60684 1.57722 1.36692 1.28149
threshold=2.7785327434539799 0.61347514390945446 -24.499999999999996 1.0000000180025095e-35 -0.0093491435982286913 0.36427745223045355 0.17050728946924212 1.5000000000000002 0.22691270709037784 0.30143183469772344 -0.013741764239966868 -0.13388190418481824 283.54275512695318 0.15162380784749988 48.209159851074226 237.91407012939456 0.17050728946924212 -1.4999999999999998 5.5000000000000009 0.23867208510637286 2.2621635198593144 53.795074462890632 286.86894226074224 0.37841756641864782 0.399316355586052 38.472324371337898 0.078041188418865218 10.500000000000002 -0.011273127514868973 0.99994924664497387
decision_type=8 10 10 8 8 10 8 10 10 8 10 10 2 10 2 2 10 10 10 8 10 2 2 10 10 2 10 10 8 8
left_child=1 3 -3 5 7 6 -1 8 10 -10 11 -4 -5 14 17 -2 -16 -7 19 22 21 23 -6 -20 -13 26 -12 -19 -9 -27
right_child=15 2 4 12 18 13 -8 28 9 -11 25 24 -14 -15 16 -17 -18 27 20 -21 -22 -23 -24 -25 -26 29 -28 -29 -30 -31
leaf_value=0.046844257636777659 0.025483889495124954 0.023297792199686813 -0.012822040301330849 -0.019503500773225439 0.014739229305509492 0.01151197534315165 0.013782878561165092 -0.0071628043084391918 0.038158011178031977 -0.0078951619198137125 -0.02141837075559189 0.0083824610115547527 0.016429257302878794 0.035928256322771308 0.009437958182431868 0.054786846168011868 0.038455774619696438 -0.0021097894709319314 -0.027846853630020724 -0.025467881520248606 0.0041582079706429719 0.00080158241646164068 -0.012440810548491854 -0.0089012896175180364 0.033499301937171821 -0.02592579040624262 0.0091373248879356092 -0.02477935842564782 -0.028703494067221225 -0.0073545522222907026
leaf_weight=20.659411296248436 11.964178353548052 8.0482779964804632 9.9708542749285716 8.4114686176180822 7.4778944253921535 6.5712602734565744 9.2781648486852664 4.5672720596194267 6.6347329989075661 9.9731002226471919 6.1790748462080938 8.7169191241264325 5.4017368108034125 6.4940645396709433 11.816119097173216 13.914968237280844 6.5235667154192916 5.3328084945678711 79.735585726797581 12.27188264578581 4.43318036943674 5.6108750849962226 10.013244353234766 8.484334893524645 5.1016150563955298 16.12032596021891 5.922884613275528 5.2229465022683144 10.159235924482344 5.4079726934432975
leaf_count=115 65 55 83 67 62 45 54 39 46 81 55 72 41 46 79 69 42 39 753 108 35 42 88 75 39 139 51 43 91 41
internal_value=-0.000626144 -0.00436153 -0.013443 0.0193403 -0.0149078 0.0240803 0.0373747 -0.00659363 -0.00308712 0.011625 -0.00746856 0.00585665 -0.00529128 0.013946 0.00904609 0.0426919 0.0212145 -0.00443544 -0.0205757 -0.0113793 -0.0232185 -0.0245422 -0.000651991 -0.026145 0.0192901 -0.0167915 -0.00690793 -0.0145003 -0.0229031 -0.0217942
internal_weight=336.42 310.541 224.829 85.7115 216.781 71.8983 29.9376 88.754 74.0275 16.6078 57.4196 23.7894 13.8132 41.9608 35.4667 25.8791 18.3397 17.127 128.027 29.763 98.264 93.8308 17.4911 88.2199 13.8185 33.6303 12.102 10.5558 14.7265 21.5283
internal_count=2660 2526 1955 571 1900 463 169 737 607 127 480 194 108 294 248 134 121 127 1163 258 905 870 150 828 111 286 106 82 130 180
is_linear=0
shrinkage=0.03


Tree=15
num_leaves=31
num_cat=1
split_feature=1 3 3 3 7 3 7 5 7 7 5 3 1 9 9 2 5 8 0 2 3 5 9 9 1 0 9 9 10 1
split_gain=75.8017 66.3034 38.4076 30.5836 22.6746 20.2839 16.3984 17.2529 15.7963 15.5542 15.0908 9.67067 8.4816 5.88451 5.79127 5.73835 4.83433 4.01516 3.32406 2.27557 2.91201 4.90811 1.58114 2.43841 2.29776 1.94658 1.48357 1.453 1.29175 1.09077
threshold=0.0042029945179820069 0.39261625707149511 2.5867866277694707 2.4078700542449956 -19.499999999999996 0.67925539612770092 1.0000000180025095e-35 313.59620666503912 -1.4999999999999998 -1.0000000180025095e-35 228.89368438720706 0.78670871257781994 0.012417792808264496 0.33989198505878454 0.018254144117236141 12.500000000000002 322.44357299804693 -0.27699369192123408 8.5000000000000018 15.500000000000002 0.50590842962265026 233.57377624511722 -0.01583845820277929 -0.083460871130228029 -0.15835432708263394 13.500000000000002 -0.021279271692037579 -0.26621013879775995 0 -0.016951119527220723
decision_type=2 10 10 10 10 10 10 2 8 10 2 10 2 8 10 8 2 8 10 8 10 2 8 10 2 10 8 8 9 2
left_child=2 -2 5 4 -3 8 7 9 -1 14 13 -9 -12 -11 -6 -5 19 -7 -14 20 21 -10 23 27 -24 -25 -8 -19 -13 -22
right_child=1 3 -4 15 6 17 26 11 16 10 12 28 18 -15 -16 -17 -18 22 -20 -21 29 -23 24 25 -26 -27 -28 -29 -30 -31
leaf_value=0.029424194019946365 0.064789532252274989 0.050795411687979797 0.03467865902209484 0.020262974064334482 0.0087751775004214078 0.00015870524485494953 -0.0088180049645246398 0.011478026138980893 -0.020317450686024009 0.012820845294095232 0.01064588286009131 -0.028390154193505299 0.063958120875174024 -0.024913403489211446 -0.023516581729544642 0.058199806919280304 0.0083710146967148329 -0.0060069163296066728 0.032228405008256189 -0.026232590303250487 -0.0077490031255672406 0.013358306071880412 -0.0055727402501584899 0.0077037684042117202 -0.029400463487899191 -0.017306332140957986 -0.030422961202150406 -0.026326429899931482 -0.011416701180527964 -0.029146355709599704
leaf_weight=10.842036716639994 20.662480726838112 7.1896655708551398 13.457233451306818 7.6233855038881329 8.4840104132890719 5.9984680712223053 4.8214971497654915 9.649852126836775 5.4942959845066097 8.295138865709303 9.3294502496719378 15.044736713171005 7.1811504065990475 5.2116840332746497 9.8987409844994527 10.119706988334654 9.875596456229685 4.4697366878390312 12.06381946057081 10.079712919890879 4.7279012501239777 8.7325059622526151 4.4133822172880164 4.8055215403437597 64.860521428287029 4.5466670468449593 14.092079237103464 22.458918131887916 8.1372014656662941 5.3001530691981298
leaf_count=74 97 46 73 44 64 51 38 68 46 63 69 140 41 42 84 51 71 42 73 88 41 60 43 44 630 42 124 213 71 46
internal_value=0.000861851 0.0159877 -0.0124093 0.00821915 0.00260393 -0.0163969 -0.000905282 0.00432674 -0.00144717 0.0137574 0.0236451 -0.0129343 0.0356471 -0.00245282 -0.00892945 0.0438508 -0.00950139 -0.0236964 0.0466426 -0.0147334 -0.00910517 -0.000127259 -0.0250408 -0.0188224 -0.0279833 -0.00495239 -0.0256348 -0.0232896 -0.0231507 -0.0206756
internal_weight=337.867 157.805 180.063 137.142 119.399 166.605 112.209 93.2958 55.0522 60.464 42.0812 32.8318 28.5744 13.5068 18.3828 17.7431 44.2102 111.553 19.245 34.3346 24.2549 14.2268 105.555 36.2808 69.2739 9.35219 18.9136 26.9287 23.1819 10.0281
internal_count=2679 1115 1564 1018 923 1491 877 715 426 436 288 279 183 105 148 95 352 1065 114 281 193 106 1014 341 673 86 162 255 211 87
cat_boundaries=0 1
cat_threshold=4
is_linear=0
shrinkage=0.03


Tree=16
num_leaves=31
num_cat=5
split_feature=1 4 5 14 7 6 1 7 9 1 14 7 4 10 1 4 9 1 7 9 2 10 4 9 6 9 4 10 9 1
split_gain=64.4116 39.3305 20.5606 17.637 16.8364 15.5738 16.7597 14.7987 15.5323 14.8945 7.89925 7.26192 5.46378 4.62749 4.258 6.71449 3.90856 4.48978 3.87729 3.84609 3.26114 2.93386 2.32687 2.11447 3.12357 2.28164 2.11249 1.93071 1.90844 2.24312
threshold=0.0042029945179820069 0.99999997019767772 316.54029846191412 0 -5.4999999999999991 52.113500595092781 0.057946631684899337 1.0000000180025095e-35 0.34653645753860479 0.01664349623024464 1 -1.4999999999999998 0.99999997019767772 2 -0.045972457155585282 1.6046777795430958e-10 -0.071424968540668474 -0.0064350664615631095 -1.4999999999999998 0.36327980458736425 11.500000000000002 3 1.0000000180025095e-35 -0.01583845820277929 32.152168273925788 -0.084662996232509599 2.34619101320277e-05 4 -0.025473586283624169 -0.12889608740806577
decision_type=2 8 2 9 8 2 2 10 8 2 9 8 10 9 2 10 8 2 10 10 10 9 10 8 2 8 10 9 8 2
left_child=3 2 7 4 -1 6 13 8 9 10 22 -11 -6 -3 20 16 -16 -18 -4 -10 28 -7 -2 24 -17 -26 -12 -13 -5 -30
right_child=1 5 18 14 12 21 -8 -9 19 11 26 27 -14 -15 15 23 17 -19 -20 -21 -22 -23 -24 -25 25 -27 -28 -29 29 -31
leaf_value=0.04854807528543658 0.039311283248608053 -0.0094643260262785821 0.0041922991420347703 -0.0056955482672119513 -0.01806451651367489 0.037038426009893079 0.054375485729519162 -0.016829006076781467 -0.030106394402622381 0.013125219732688488 -0.0027605380650865797 0.064484761806998706 0.012269760142340434 0.017147036352927667 0.022045136668014137 0.0093535929746571579 -0.021408311964989924 0.0071010821779693822 -0.022007651998352664 0.0039571003856705284 -0.032786444340630556 0.067404655248973377 0.01210063434237549 -0.021416401727155494 -0.022685917724212197 -0.00028074211993153622 -0.025632626549308122 0.035152568715630841 -0.0058227614493349157 -0.031268918246584169
leaf_weight=6.9644387140870094 7.961464889347555 9.9372928738594055 5.9252662137150791 10.552169419825075 9.753550216555599 11.356599181890488 7.8481484279036513 13.152146860957144 5.547873377799986 7.5461459085345268 8.8960576653480512 7.402024507522583 9.6629257723689079 11.890315860509876 4.791879691183567 5.1955805271863964 8.1386433169245773 10.111856326460837 25.668987043201923 5.1009115353226662 24.304071433842182 10.148512706160545 5.945188544690609 51.782570540904999 11.934824094176291 6.0196916759014156 5.4875970259308806 10.232335098087793 5.2769692540168753 9.1758331656456011
leaf_count=43 53 69 50 95 85 60 41 104 45 55 66 42 72 75 39 44 74 80 236 39 241 49 46 469 107 50 43 60 46 85
internal_value=-0.0004589 0.0132276 0.00293527 -0.0130756 0.00864698 0.0346443 0.0195151 0.0112477 0.0171767 0.0237106 0.00828654 0.040061 -0.00310662 0.005148 -0.0164709 -0.0137098 0.000455282 -0.00606409 -0.0171162 -0.0148506 -0.0248497 0.0537269 0.0175185 -0.0180143 -0.0098326 -0.0155852 -0.00762745 0.0502646 -0.0161712 -0.0229561
internal_weight=333.712 160.047 108.866 173.665 26.3809 51.1809 29.6758 77.2717 64.1196 53.4708 28.2903 25.1805 19.4165 21.8276 147.284 97.975 23.0424 18.2505 31.5943 10.6488 49.309 21.5051 13.9067 74.9327 23.1501 17.9545 14.3837 17.6344 25.005 14.4528
internal_count=2663 1133 839 1530 200 294 185 553 449 365 208 157 157 144 1330 863 193 154 286 84 467 109 99 670 201 157 109 102 226 131
cat_boundaries=0 1 2 3 4 5
cat_threshold=146 81 4 1 4
is_linear=0
shrinkage=0.03


Tree=17
num_leaves=31
num_cat=0
split_feature=3 3 2 8 6 7 9 9 9 9 9 6 8 2 4 8 3 6 3 6 2 8 2 4 3 8 3 7 6 8
split_gain=57.9937 60.4968 18.4554 15.3141 9.2493 9.14821 7.83211 7.57101 6.93272 12.1581 5.31972 5.12109 4.60942 4.43157 7.08961 4.38147 4.19731 3.46183 2.90005 3.85261 2.34701 4.0918 2.28077 2.43795 2.18965 4.48759 2.18577 2.12906 1.80345 1.52029
threshold=0.40300585329532629 2.4078700542449956 43.500000000000007 -0.012236929498612879 17.80491924285889 -5.4999999999999991 0.03498716093599797 0.22904596477746966 0.25266480445861822 0.30143183469772344 -0.014709395356476305 49.21080398559571 0.11531557887792589 21.500000000000004 0.98885878920555126 0.37841756641864782 0.61347514390945446 49.762075424194343 0.24325837939977649 32.798503875732429 4.5000000000000009 0.20732259005308154 11.500000000000002 0.03496930934488774 1.3677006363868716 -0.099180757999420152 1.0269308090209963 -3.4999999999999996 52.946125030517585 -0.21984501928091046
decision_type=10 10 8 8 2 8 10 10 10 8 10 2 10 8 10 10 10 2 10 2 10 8 10 8 10 10 10 10 2 8
left_child=7 2 3 5 -5 -2 -3 18 10 -10 13 15 26 14 28 20 -12 -11 -1 -20 21 -6 23 -14 29 -26 -13 -8 -7 -18
right_child=1 6 -4 4 11 8 27 -9 9 17 16 12 22 -15 -16 -17 24 -19 19 -21 -22 -23 -24 -25 25 -27 -28 -29 -30 -31
leaf_value=0.04793089016788836 0.023661426427250071 0.012325468907978485 0.03206401629869108 0.0050979284225087483 0.0045368756251072473 -0.025456991315844099 0.057245326823813711 0.0065800152762346808 0.039624594779618355 -0.019966261478887332 0.0043397238917260951 -0.0063063696650517177 -0.018682948369986862 0.022882179900231742 0.01314705047463623 0.0043712117722351611 -0.0092941254587522414 0.0077583697166248595 0.0086120215593952013 0.037464711217897823 -0.027099893139575022 -0.026549021948352586 0.016854014868454031 0.0093628573596305029 -0.021314529937848246 0.012697104088100946 -0.027127933220452666 0.031173084250443784 -0.002431121947495926 -0.028748495745022133
leaf_weight=15.974080085754393 9.6120088621973974 12.981785170733927 8.1058928743004781 13.992045588791369 6.6432002261280996 9.5265565365552956 7.7729586735367766 9.3504610732197744 6.7303585037589073 7.2930209040641802 7.2652013748884192 8.4077392667531985 5.0250217989087078 5.186839520931243 9.9822311103343946 4.4886720702052108 5.8722134456038475 7.1373658999800682 7.4417045339942005 11.255127981305121 80.108150839805603 7.2115814313292503 5.3375325053930274 4.3428248241543779 8.3140286430716497 4.7512073740363112 11.296553701162336 13.190208554267885 4.6386769935488692 20.241043403744701
leaf_count=84 72 74 53 120 57 87 39 52 43 63 54 67 46 40 76 40 45 53 48 62 775 67 42 35 75 41 99 71 38 185
internal_value=-0.000329253 -0.00514623 -0.0100664 -0.0115348 -0.017785 -0.00283514 0.0319616 0.0313967 -0.00567719 0.00919935 -0.00989713 -0.020215 -0.00984581 0.00014075 -0.00545975 -0.0237036 -0.0161065 -0.00663936 0.0377175 0.027001 -0.0250767 -0.0123417 0.00281889 -0.00603221 -0.0199116 -0.00892274 -0.0189772 0.0430067 -0.0185742 -0.0248778
internal_weight=339.476 295.455 261.51 253.404 146.853 106.551 33.945 44.0214 96.9387 21.1607 75.778 132.861 34.4097 29.3343 24.1475 98.4516 46.4437 14.4304 34.6709 18.6968 93.9629 13.8548 14.7054 9.36785 39.1785 13.0652 19.7043 20.9632 14.1652 26.1133
internal_count=2703 2457 2273 2220 1348 872 184 246 800 159 641 1228 289 241 201 939 400 116 194 110 899 124 123 81 346 116 166 110 125 230
is_linear=0
shrinkage=0.03


Tree=18
num_leaves=31
num_cat=1
split_feature=1 3 3 3 7 2 3 7 11 1 1 9 2 3 9 3 0 8 8 8 8 8 1 1 2 0 2 9 3 1
split_gain=69.7503 39.9816 33.6596 31.7119 16.9107 10.4924 10.3801 7.42205 6.99369 13.4433 7.97639 7.89324 6.6252 5.46828 4.86323 5.43058 4.56571 3.54712 3.49781 6.32329 2.44556 2.33028 2.85072 2.8696 3.57855 2.18772 2.15692 1.84787 1.94633 3.55499
threshold=0.0048211875837296256 0.63632735610008251 2.1777466535568242 4.9743113517761239 -19.499999999999996 12.500000000000002 0.58949631452560436 -1.0000000180025095e-35 0 0.01664349623024464 0.11289014667272569 -0.014709395356476305 43.500000000000007 2.4078700542449956 0.22904596477746966 0.39261625707149511 9.5000000000000018 0.1173142157495022 -0.066117975860834108 -0.086042959243059144 0.032352261245250709 -0.19588594138622281 -0.003209608374163508 -0.010663954075425862 9.5000000000000018 21.500000000000004 5.5000000000000009 -0.23864492028951642 0.74505129456520092 -0.0058498443104326716
decision_type=2 10 10 10 10 8 10 10 1 2 2 8 8 10 8 10 10 10 8 8 8 8 2 2 10 10 10 8 10 2
left_child=3 14 4 6 -3 -4 7 -1 9 11 16 -6 13 18 15 -2 17 20 19 -8 26 -9 23 24 -23 -18 -10 -20 29 -29
right_child=1 2 5 -5 8 -7 12 21 10 -11 -12 -13 -14 -15 -16 -17 25 -19 27 -21 -22 22 -24 -25 -26 -27 -28 28 -30 -31
leaf_value=0.018187158016780149 0.057302387785874154 0.043013306191709816 0.014152815337783207 0.047331287300651226 0.018899138576560452 0.055970289043658687 -0.018696286640819449 0.0064958725850251453 0.0060585920305073811 0.042176670973711972 0.014056502647854959 -0.016578535082864488 0.014545397193823308 0.0037472118249566692 0.018326075575271161 0.029143131860906311 -0.031044157122998409 0.013740175903630868 -0.0047260766354696318 0.015719682261922427 -0.028865584559114331 0.0038463543838838043 -0.026171247193077514 0.01132071513512244 -0.02636117930644459 -0.006277014302369279 -0.018521967460004257 -0.024980444963095261 -0.028641046522394825 0.0045529035558382318
leaf_weight=10.960525140166281 17.364010632038116 5.7171778082847586 10.856516547501089 6.7664155364036551 7.7171808183193207 11.858296640217302 26.117979504168034 6.2160634845495224 6.4592109024524689 6.3567611649632445 7.2129803374409667 15.123524419963365 4.394121252000331 7.6096802875399581 9.711160331964491 15.449842967092989 20.217417888343338 4.5615983307361594 4.246555969119072 5.039075635373595 5.4038907885551497 5.9700764417648333 8.7633902281522769 5.4115441069006911 6.9077580273151398 4.4744230583310118 4.7646908089518547 9.3811785876750928 65.15488164126873 5.2547827437520018
leaf_count=71 77 36 66 33 54 61 241 47 57 37 46 124 30 46 52 97 196 35 41 44 51 46 66 39 63 40 41 92 676 47
internal_value=0.000542037 0.0153293 0.00569736 -0.0121897 -0.00281944 0.0374233 -0.0148 -0.00221499 -0.00648184 0.00516765 -0.0116642 -0.00430177 -0.0191246 -0.0204371 0.0397012 0.045298 -0.0184094 -0.00766203 -0.0220532 -0.0128144 -0.0139798 -0.00927113 -0.0129964 -0.00565416 -0.0130891 -0.0269751 -0.00503776 -0.0252876 -0.0263098 -0.014764
internal_weight=331.443 153.249 110.724 178.194 88.0089 22.7148 171.428 44.2294 82.2917 29.1975 53.0942 22.8407 127.198 122.804 42.525 32.8139 45.8812 21.1894 115.194 31.1571 16.6278 33.2688 27.0528 18.2894 12.8778 24.6918 11.2239 84.0374 79.7908 14.636
internal_count=2652 1070 844 1582 717 127 1549 332 681 215 466 178 1217 1187 226 174 420 184 1141 285 149 261 214 148 109 236 98 856 815 139
cat_boundaries=0 1
cat_threshold=8
is_linear=0
shrinkage=0.03


Tree=19
num_leaves=31
num_cat=1
split_feature=1 6 6 1 1 9 10 2 4 6 4 5 6 0 1 4 5 0 1 6 1 4 2 2 4 1 2 0 9 9
split_gain=59.7463 30.7168 27.7157 27.2108 15.7269 13.6897 12.7994 11.9784 8.56395 7.42206 7.29267 10.5523 7.8495 8.15224 6.43927 5.21909 5.016 5.40072 4.52449 4.11336 4.54143 5.54996 4.14465 5.81886 4.13587 3.85576 3.42348 2.8629 2.9761 2.75802
threshold=0.00090630701743066322 53.265357971191413 18.338701248168949 0.014561230782419445 0.047635944560170181 -0.22655964642763135 0 37.500000000000007 0.99999997019767772 54.321058273315437 0.99999997019767772 323.87078857421881 32.263656616210945 9.5000000000000018 0.0020222661551088099 1.0000000180025095e-35 268.11334228515631 8.5000000000000018 0.096224866807460799 48.830354690551765 0.0064637907780706891 0.18859861046075824 17.500000000000004 13.500000000000002 0.48172006011009222 -0.0073417301755398503 24.500000000000004 8.5000000000000018 0.19530879706144336 0.24242798238992694
decision_type=2 2 2 2 2 10 9 10 10 2 10 2 2 10 2 10 2 10 2 2 2 10 8 8 10 2 10 10 10 8
left_child=10 2 -2 6 7 -6 9 14 -8 -3 15 12 13 -12 -4 16 -1 -18 -7 20 21 -16 23 24 29 -14 27 28 -22 -21
right_child=1 3 4 -5 5 18 8 -9 -10 -11 11 -13 25 -15 19 -17 17 -19 -20 22 26 -23 -24 -25 -26 -27 -28 -29 -30 -31
leaf_value=-0.019855366911511654 0.043712155047886787 0.021987812806764102 0.019341471249200527 0.064915821030190765 -0.013848069097437462 0.014830893379761878 0.012062912004127742 0.027534003286115185 0.057688315568264932 -0.01669921016069285 0.024832435703998974 0.022605692611950976 -0.030829315186722987 -0.016242525652850028 0.019147679673426097 -0.025135918245739984 0.022458877256775835 -0.010525993528543123 0.046385544105269433 -0.023788861608667965 -0.020536311957042877 -0.015866050605224939 -0.020553055969223119 0.029299789223645106 0.014875273618560423 -0.0065888825150047878 0.0017046726880560305 -0.030446542588799339 0.006479110747695277 0.0032040218010346423
leaf_weight=20.866894885897636 13.399655871093271 6.1697988286614445 6.0370347350835791 14.518194213509558 7.0674937069416073 8.6399731114506739 8.3162360638380033 8.0914121419191343 6.8313338980078688 10.844418644905089 7.9687666147947294 9.1530780196189863 14.958119101822374 7.4980695694684982 6.1565346494317046 55.214030958712101 6.0727319568395641 11.147061310708521 10.053220078349112 7.5821120291948345 10.826919376850126 8.4630206674337369 7.0302995741367331 5.2693276703357688 6.1554861292242995 10.439640305936338 5.4568133503198615 21.558558084070683 4.7497041746973983 5.2961417287588182
leaf_count=188 72 42 50 65 51 55 61 50 35 74 59 63 131 70 53 571 46 99 53 68 91 71 56 38 47 80 43 204 39 45
internal_value=0.000205584 0.0112802 0.00424525 0.0321181 -0.000178277 0.0203268 0.0158017 -0.00546944 0.0349376 -0.00222848 -0.0143386 -0.00496198 -0.0115292 0.00514283 -0.00855138 -0.0192595 -0.0103153 0.00170066 0.0332947 -0.0106479 -0.0153674 -0.000839315 -0.00182174 0.00419491 -0.00387076 -0.0214924 -0.0202205 -0.0234025 -0.0124047 -0.0132571
internal_weight=331.832 188.514 141.834 46.68 128.434 25.7607 32.1618 102.673 15.1476 17.0142 143.318 50.0177 40.8646 15.4668 94.582 93.3007 38.0867 17.2198 18.6932 88.5449 57.2116 14.6196 31.3334 24.3031 19.0337 25.3978 42.592 37.1352 15.5766 12.8783
internal_count=2670 1363 1086 277 1014 159 212 855 96 116 1307 403 340 129 805 904 333 145 108 755 501 124 254 198 160 211 377 334 130 113
cat_boundaries=0 1
cat_threshold=1
is_linear=0
shrinkage=0.03


Tree=20
num_leaves=31
num_cat=0
split_feature=1 3 3 3 6 1 3 5 8 7 8 3 6 5 1 3 2 3 8 2 8 9 9 9 9 2 9 3 5 2
split_gain=54.171 30.7806 27.3265 25.5995 22.9736 24.0121 19.2321 8.6519 8.5319 7.66364 7.21694 6.57134 6.53027 6.36093 6.35727 6.28558 5.49244 5.07027 4.81003 4.67718 4.08149 3.63266 3.97558 8.13688 3.60598 3.20729 2.87824 2.16501 2.1039 1.93428
threshold=0.0048211875837296256 0.39261625707149511 4.9743113517761239 3.1364108324050908 52.946125030517585 0.047635944560170181 0.58475250005722057 313.59620666503912 0.20732259005308154 -1.0000000180025095e-35 -0.064388535916805253 0.90217697620391857 24.522839546203617 234.24453735351565 0.012417792808264496 2.7785327434539799 24.500000000000004 0.30664058029651647 0.14661013334989551 7.5000000000000009 0.23867208510637286 0.18794573843479159 -0.014709395356476305 -0.084662996232509599 -0.26621013879775995 9.5000000000000018 0.24242798238992694 0.6723327934741975 284.77020263671881 5.5000000000000009
decision_type=2 10 10 10 2 2 10 2 8 10 8 8 2 2 2 10 10 10 10 10 10 10 10 10 8 10 10 10 2 8
left_child=2 25 6 4 5 12 9 14 19 -1 21 -9 -3 -11 -6 24 18 -15 29 -7 -20 22 23 -8 -12 -2 -19 28 -26 -14
right_child=1 3 -4 -5 7 8 10 11 -10 13 15 -13 16 17 -16 -17 -18 26 20 -21 -22 -23 -24 -25 27 -27 -28 -29 -30 -31
leaf_value=0.0266910903372157 0.030450064687031635 0.015315397182065113 0.045758034473662085 0.046061830760801198 0.015885631156621643 0.05042694131438516 -0.01742731745976327 0.022418748290605126 -0.0049740231353796191 -0.022296897151479186 0.0020245500321974808 -0.017188909670058108 -0.0090262691166981407 0.025124737036428618 0.050798798636372794 0.0091342969151687325 0.0094473167060082196 -0.013030075457406386 0.016903476805997405 0.016341619601228739 -0.018483128231352692 0.0090438134964039504 -0.021878871375875547 0.028159260798649461 -0.023282350099966327 0.060853188738464251 0.012526107602861549 -0.028215861019523693 0.0031658590458674288 -0.027447686490332534
leaf_weight=9.7625969052314741 10.012115597724916 5.4445505365729323 6.5041451454162589 13.594884812831877 9.751661993563177 6.659490883350375 8.0990912839770299 7.4036668390035603 7.7577546983957317 9.1725639477372187 4.0800389423966408 5.8844877183437356 7.4961461424827567 7.231722921133044 11.180370047688482 4.6490599960088721 5.7550275325775138 9.9000586569309217 4.8355607539415342 9.7431510016322118 4.9015009179711342 8.6420871913433057 15.891378469765186 4.7513732612133035 4.8423582911491376 9.8963465392589551 5.2895209193229666 71.779390506446362 4.6503240019083023 34.33312202244997
leaf_count=61 44 38 31 62 64 36 75 44 58 82 39 47 71 45 54 25 45 79 40 64 45 76 148 38 46 43 39 760 40 324
internal_value=0.000945098 0.0138394 -0.0104477 0.00851398 0.0039578 -0.00427831 -0.012871 0.0244067 0.0205976 0.00481682 -0.0186062 0.00490356 -0.0140266 -0.00255392 0.0359996 -0.0231841 -0.0170284 0.00613008 -0.0201067 0.0322828 -0.000972047 -0.00726818 -0.012312 0.000244156 -0.0250299 0.0477509 -0.00390655 -0.0263962 -0.0112589 -0.0244342
internal_weight=329.896 154.65 175.246 134.741 121.146 86.9263 168.742 34.2202 24.1604 41.3565 127.385 13.2882 62.7659 31.5939 20.932 90.0012 57.3214 22.4213 51.5663 16.4026 9.73706 37.3839 28.7418 12.8505 85.3521 19.9085 15.1896 81.2721 9.49268 41.8293
internal_count=2663 1079 1584 992 930 721 1553 209 158 306 1247 91 563 245 118 910 525 163 480 100 85 337 261 113 885 87 118 846 86 395
is_linear=0
shrinkage=0.03


Tree=21
num_leaves=31
num_cat=1
split_feature=3 3 7 7 3 7 8 2 14 2 3 8 6 8 6 8 9 9 6 6 9 3 6 7 6 9 2 8 8 6
split_gain=50.4071 44.4902 15.1102 10.1465 9.36785 7.93812 7.5941 7.84369 5.60982 5.07149 8.5268 5.5612 5.04702 4.80998 6.17933 6.90093 4.3365 5.6998 4.19326 3.45468 3.10201 3.409 2.54223 5.07621 2.21877 1.87034 2.52071 1.92973 1.8174 3.96673
threshold=3.5634698867797856 0.54543325304985057 -19.499999999999996 1.0000000180025095e-35 2.1777466535568242 1.0000000180025095e-35 -0.012236929498612879 19.500000000000004 0 5.5000000000000009 0.3518484234809876 -0.023503865115344521 36.665016174316413 0.11999552696943284 37.968566894531257 0.13196761906147006 -0.013741764239966868 0.21021888405084613 33.270486831665046 54.960680007934577 0.22544571757316592 1.0425868630409243 50.648374557495124 -1.4999999999999998 42.49720764160157 -0.027567031793296334 12.500000000000002 0.077604454010725035 -0.10768225789070128 32.360076904296882
decision_type=8 10 10 10 10 8 8 10 9 10 10 10 2 10 2 10 8 10 2 2 8 8 2 10 2 8 10 8 10 2
left_child=1 5 -3 4 6 9 7 8 19 -1 11 -11 18 25 15 -15 -9 -18 -10 -4 21 -16 23 -12 -6 26 -8 -28 29 -5
right_child=-2 2 3 28 24 -7 13 16 12 10 22 -13 -14 14 20 -17 17 -19 -20 -21 -22 -23 -24 -25 -26 -27 27 -29 -30 -31
leaf_value=0.0044563201489135245 0.044212168044414378 0.020804783324559779 -0.003861350215431103 0.0082374327592563048 0.025919576966536569 -0.0076621821433326054 0.0063627702529342146 0.03212715939546535 -0.023907395634072154 0.020799625205245975 0.022256330447835159 0.052887481388078049 -0.029301060890222719 0.013941079282213295 0.030519041303008729 -0.024187840027905975 -0.010849941960473092 0.026757175093538844 0.007839144025698578 0.022033477545699107 -0.0080622401827890565 -0.0038180132288525475 0.022712515150630663 -0.01205194441128302 0.0023609027828208509 -0.025763726821362222 -0.025619383848965345 -0.0017188537322318875 -0.02741728529068686 -0.025941269410639459
leaf_weight=13.567413076758383 20.218346044421196 12.771990373730658 9.7259658873081225 4.6818788424134237 6.6342437788844091 9.5515289455652219 4.2631318941712406 6.0066553950309753 5.1412082687020328 11.421309508383276 6.0292823240160942 11.539766632020472 16.73863273859024 4.6210721284151104 5.349525481462476 20.650264903903008 9.0779166668653506 4.6800585687160483 8.7335893586277944 7.4502557069063178 7.223872363567355 4.0701143741607675 10.951291114091871 7.715438127517702 7.2236184552311897 35.4851089194417 9.5032716989517176 4.4924785867333421 35.491782128810883 6.1415104046463966
leaf_count=79 93 80 87 42 45 75 42 45 48 61 37 61 156 42 45 213 78 32 72 51 70 39 64 57 48 353 90 40 355 56
internal_value=-0.000513623 -0.00359381 -0.00984631 -0.0116837 -0.00832642 0.0171154 -0.0103523 -0.00259305 -0.00913116 0.0210419 0.025575 0.0384605 -0.0141848 -0.0157484 -0.00785715 -0.0169504 0.0128941 0.00288912 -0.00474072 0.00513808 0.00612808 0.0167399 0.0125643 0.00348654 0.0146247 -0.0216468 -0.0127235 -0.0185738 -0.0240718 -0.0117103
internal_weight=327.153 306.934 236.158 223.386 177.071 70.776 163.213 67.5543 47.7897 61.2245 47.6571 22.9611 30.6134 95.6588 41.9148 25.2713 19.7646 13.758 13.8748 17.1762 16.6435 9.41964 24.696 13.7447 13.8579 53.744 18.2589 13.9958 46.3152 10.8234
internal_count=2656 2563 2129 2049 1596 434 1503 569 414 359 280 122 276 934 409 255 155 110 120 138 154 84 158 94 93 525 172 130 453 98
cat_boundaries=0 1
cat_threshold=273
is_linear=0
shrinkage=0.03


Tree=22
num_leaves=31
num_cat=1
split_feature=1 6 6 1 14 1 5 6 7 1 7 9 8 8 8 4 6 1 8 1 4 8 6 9 6 9 6 6 5 9
split_gain=49.4923 34.6648 29.4642 18.0818 17.411 14.2206 13.4373 13.3819 11.8597 7.46136 7.27228 4.17411 4.00676 4.6546 3.48802 6.65722 6.35281 4.60568 4.12415 4.79493 3.45546 2.90962 2.85494 2.56639 3.86248 2.41894 2.03262 3.04381 1.92829 2.30372
threshold=0.0042029945179820069 53.265357971191413 18.396368980407718 0.011706571560353042 0 0.090036813169717803 322.44357299804693 34.404867172241218 -7.4999999999999991 0.00090630701743066322 -3.4999999999999996 -0.014709395356476305 0.0055124771315604457 -0.13967320322990415 0.071715757250785842 0.9999942183494569 35.665649414062507 0.0071704010479152211 0.2306562811136246 0.019967474043369297 0.99999961256980907 -0.078657247126102434 37.968566894531257 0.12639477849006656 38.787141799926765 0.060492698103189475 17.80491924285889 41.506412506103523 207.52247619628909 0.080326158553361907
decision_type=2 2 2 2 9 2 2 2 8 2 10 8 10 8 10 10 2 2 10 2 8 8 2 8 2 10 2 2 2 8
left_child=4 2 -2 20 11 8 9 -7 -4 10 -6 12 13 -1 15 17 -17 -10 19 22 -3 -15 -16 24 -12 -13 -14 -28 -27 -30
right_child=1 3 5 -5 6 7 -8 -9 14 -11 23 25 26 21 18 16 -18 -19 -20 -21 -22 -23 -24 -25 -26 28 27 -29 29 -31
leaf_value=-0.017451346774399145 0.045250576925131326 9.416517254571535e-05 0.031473167417189606 0.051338120008346304 0.014763953778337783 0.044510969178533671 0.04042180473645729 -0.0093720155048026641 0.00040295610501024783 0.025212320809596438 0.010366033905083732 -0.03219678226644105 0.00098355509755623078 0.026334745453868453 -0.020733864071766531 -0.015676411315205193 0.02147217981986407 -0.025661714145742854 -0.018084059986077705 0.023883420357920182 0.024694159081254708 -0.00085141629097742848 0.0068267315037244232 -0.028179536209308256 -0.020505156609480966 -0.031464345449759151 -0.028172921050462721 -0.0017280480268567844 0.0039052833173201756 -0.017598976707942571
leaf_weight=7.897181361913681 12.209320753812788 10.611991643905641 5.6812838166952133 23.90301064401865 8.3607572317123431 9.2331790626049024 7.4446143731474868 6.4790269136428824 7.4547334462404242 6.6153367012739173 5.6738125756382924 16.521587789058685 4.1783455237746265 4.9032580405473709 5.033395238220697 7.4845314994454366 7.1150535568594933 31.866260439157486 8.1067047119140607 7.2566237896680823 8.9783688634634 8.711823448538782 6.8942874297499657 9.1276046112179774 7.2968945726752281 8.9303596988320333 15.117721721529962 5.355432614684104 4.541616730391981 51.913841433823109
leaf_count=70 62 78 32 110 62 49 48 45 65 47 51 167 39 39 44 53 49 297 71 49 47 76 61 90 62 85 157 45 43 501
internal_value=-0.000262393 0.0118132 0.0030735 0.0342967 -0.0113429 -0.00233361 0.00513715 0.0230607 -0.00713561 -0.00147441 -0.00788763 -0.0162092 -0.0099239 -0.000358729 -0.0101865 -0.0145439 0.00264372 -0.0208328 -0.00136769 0.00624213 0.0120202 0.0100712 -0.00550783 -0.0167259 -0.0072257 -0.0215443 -0.0179316 -0.021658 -0.0184082 -0.0158312
internal_weight=330.898 158.308 114.814 43.4934 172.59 102.605 44.519 15.7122 86.8929 37.0744 30.4591 128.071 46.1638 21.5123 81.2116 53.9206 14.5996 39.321 27.291 19.1843 19.5904 13.6151 11.9277 22.0983 12.9707 81.9074 24.6515 20.4732 65.3858 56.4555
internal_count=2694 1112 877 235 1582 815 360 94 721 312 265 1222 426 185 689 464 102 362 225 154 125 115 105 203 113 796 241 202 629 544
cat_boundaries=0 1
cat_threshold=801
is_linear=0
shrinkage=0.03


Tree=23
num_leaves=31
num_cat=2
split_feature=1 6 6 1 9 14 7 7 1 8 0 2 14 0 1 2 1 9 9 1 0 1 1 8 7 2 1 1 9 1
split_gain=51.784 20.1805 29.6867 15.2025 14.1664 13.7414 12.9271 10.2845 9.42468 5.57408 6.63171 5.98838 5.41261 7.15247 5.20903 4.24443 4.13548 3.80703 5.23608 4.51238 3.94698 6.00823 3.33246 3.22995 3.09273 9.24556 3.35522 4.93443 2.29489 2.19055
threshold=0.0042029945179820069 18.338701248168949 52.946125030517585 0.090036813169717803 -0.22655964642763135 0 -7.4999999999999991 -19.499999999999996 0.010496200062334539 0.071715757250785842 21.500000000000004 14.500000000000002 1 11.500000000000002 0.013256099540740253 7.5000000000000009 0.0066975220106542119 -0.01583845820277929 -0.034575477242469781 -0.012223896104842423 17.500000000000004 -0.001634406275115907 0.023981774225831035 0.096711404621601119 -1.0000000180025095e-35 14.500000000000002 -0.0078207761980593187 -0.00063625432085245837 0.037508174777030952 -0.16677708923816678
decision_type=2 2 2 2 10 9 8 8 2 10 10 10 9 8 2 10 2 8 10 2 10 2 2 10 10 10 2 2 8 2
left_child=7 -2 3 6 -5 15 -3 -1 -7 10 16 14 13 -9 -11 -4 -8 18 24 29 23 -22 -16 -21 25 -14 -26 -28 -17 -19
right_child=1 2 5 4 -6 8 9 12 -10 11 -12 -13 17 -15 22 28 -18 19 -20 20 21 -23 -24 -25 26 -27 27 -29 -30 -31
leaf_value=0.02588492895385678 0.047596602672979202 0.033664504300983715 -0.02049078768826856 -0.010006982091849624 0.042920221001503327 0.021095857649125187 0.0010618116138705156 0.031374454689112437 0.058643885114703441 -0.023059062342665158 0.006479777009151577 0.022093992871532114 0.027291638628504252 -0.011095547669620108 0.021598791848319435 0.019460551768938402 -0.025058382944487742 -0.0029544416580711908 0.019819294088643923 -0.021585305078163874 0.023540634815702056 -0.015157536887228706 -0.0091770501914897502 -0.00057172905959512223 -0.023005054695210792 -0.019824649568910297 0.013894674952156764 -0.021666080806932411 -0.0040540414275354207 -0.027507518295759075
leaf_weight=5.4632413685321808 12.448225885629652 5.8480492606759071 6.4018831476569202 6.7051990255713489 11.336043983697889 10.76845967769623 6.421781212091445 5.9584358856081954 19.678253963589668 9.0692873448133522 9.5045469477772695 7.7674032151699057 5.6971154138445836 6.5460447371006021 5.3111914023756963 6.2272167056798908 32.498446092009544 3.8254393115639678 4.5176085755228987 28.154376223683357 5.5624867603182793 7.0456758067011815 5.5211223885416985 8.5748849362134916 21.093599155545231 7.5149104744195938 6.4689865931868553 5.6533971801400202 7.1482842862606057 40.929438643157482
leaf_count=31 62 32 46 46 57 64 53 39 90 81 74 65 46 53 43 38 306 37 36 261 43 68 38 79 215 74 57 45 47 429
internal_value=0.000370609 0.0123086 0.00908869 -0.000421705 0.0237568 0.02766 -0.00596737 -0.0115441 0.0352481 -0.00941037 -0.0154471 0.00132506 -0.0129972 0.00572613 -0.00745009 -0.00143151 -0.02083 -0.0140683 -0.00818766 -0.0186122 -0.0119642 0.00239066 0.00646276 -0.0168246 -0.0112733 0.00098298 -0.0160346 -0.00307672 0.0074858 -0.0255193
internal_weight=325.661 162.655 150.207 99.9831 18.0412 50.2241 81.9418 163.006 30.4467 76.0938 48.4248 27.669 157.542 12.5045 19.9016 19.7774 38.9202 145.038 50.9456 94.0923 49.3374 12.6082 10.8323 36.7293 46.428 13.212 33.216 12.1224 13.3755 44.7549
internal_count=2655 1142 1080 795 103 285 692 1513 154 660 433 227 1482 92 162 131 359 1390 473 917 451 111 81 340 437 120 317 102 85 466
cat_boundaries=0 1 2
cat_threshold=34 1040
is_linear=0
shrinkage=0.03


Tree=24
num_leaves=31
num_cat=2
split_feature=1 7 14 6 1 6 9 8 7 1 6 2 10 7 8 8 9 6 2 1 6 8 6 8 8 9 9 1 6 5
split_gain=53.8944 20.268 29.3222 22.953 20.8113 18.7718 17.5228 11.3396 9.84582 9.82905 6.9546 6.86529 9.26116 6.42745 5.29574 4.17423 3.88438 3.8039 5.76083 6.94526 7.26219 4.98476 8.15641 8.33076 4.59042 3.68467 3.42494 2.53952 2.4783 2.13898
threshold=0.00090630701743066322 1.0000000180025095e-35 0 51.104207992553718 0.047635944560170181 18.396368980407718 0.22840820997953418 0.05638543143868447 -19.499999999999996 0.0078605599701404589 32.081161499023445 6.5000000000000009 1 -4.4999999999999991 0.12880378961563113 0.0055124771315604457 0.037508174777030952 54.730865478515632 12.500000000000002 -0.0064350664615631095 40.994987487792976 -0.082737840712070451 31.969373703002933 0.092408012598752989 0.042550677433609969 -0.084662996232509599 0.040080392733216293 0.0071704010479152211 37.269767761230476 282.62524414062506
decision_type=2 10 9 2 2 2 8 10 10 2 2 10 9 8 8 10 10 2 10 2 2 10 2 10 10 8 10 2 2 2
left_child=8 2 3 5 7 -2 -6 16 -1 -5 -3 -9 27 -7 17 29 -4 18 21 -20 -21 -10 23 -23 26 -16 -24 -13 -18 -15
right_child=1 10 4 9 6 13 -8 11 14 -11 -12 12 -14 15 25 -17 28 -19 19 20 -22 22 24 -25 -26 -27 -28 -29 -30 -31
leaf_value=0.021271805204358077 0.052266743081956543 0.0099554456770035108 -0.029169551251003442 0.023062416993988748 0.047636202623230615 0.026722798874033764 -0.0099556907319379908 -0.01505595097669082 -0.018262438171281412 0.059056645101407589 -0.020557761772801414 0.017058818012953409 0.04272426400929541 -0.0058281848537985936 -0.0026996871270461354 -0.020446483106896531 0.0070833711755709577 -0.030645201373242476 -0.023977647673921316 -0.022233637680426535 0.016337477686424642 0.049344083694970356 -0.013754212947838407 -0.001571564692824367 -0.023423422026066495 -0.029813685153618319 0.015492080369872386 -0.0085879818590529067 -0.013535198149021205 0.018390940930965303
leaf_weight=6.1235373914241782 7.5438980162143698 8.9750584363937396 12.539901077747343 11.959654919803141 12.867979407310484 5.7466249987483025 6.780264891684058 7.0354087799787548 10.568102099001406 24.286653511226177 20.939369596540928 4.7162557393312454 7.1534132733941087 6.4720978587865883 5.5878184661269188 9.5309699550271016 6.0328252241015461 7.8497680947184554 33.787860624492168 6.6463769227266303 9.3262073844671232 5.0322884470224398 4.9064090400934246 5.4411784112453461 7.5459460169076911 28.115327402949333 8.3902227580547315 7.883914053440094 22.967105820775032 4.9979748278856277
leaf_count=37 36 64 104 75 71 35 48 51 102 111 184 41 49 45 50 86 50 72 340 64 72 42 45 50 76 298 74 68 193 40
internal_value=0.000548785 0.0109857 0.0152508 0.0278461 0.00163886 0.0135525 0.0282426 -0.0060718 -0.0135446 0.0481182 -0.0113772 0.00894547 0.0178073 0.00114341 -0.0152918 -0.00675248 -0.015739 -0.0116057 -0.00966165 -0.0164584 -7.67468e-05 -0.00139133 0.00469104 0.0250609 -0.00622359 -0.0255256 0.00449309 0.0015601 -0.0091528 0.00535359
internal_weight=327.75 188.429 158.515 70.5379 87.9771 34.2916 19.6482 68.3288 139.321 36.2463 29.9144 26.789 19.7536 26.7477 133.198 21.001 41.5398 99.4944 91.6446 49.7604 15.9726 41.8841 31.316 10.4735 20.8426 33.7031 13.2966 12.6002 28.9999 11.4701
internal_count=2673 1351 1103 428 675 242 119 556 1322 186 248 209 158 206 1285 171 347 937 865 476 136 389 287 92 195 348 119 109 243 85
cat_boundaries=0 1 2
cat_threshold=1553 4
is_linear=0
shrinkage=0.03


Tree=25
num_leaves=31
num_cat=2
split_feature=3 3 6 12 0 2 2 0 10 6 8 6 0 6 9 3 8 9 8 0 8 3 8 8 3 3 9 8 8 6
split_gain=40.5159 51.3799 12.7136 11.8857 6.97914 6.73751 6.52645 10.1059 5.20506 10.2726 5.88521 5.37615 5.01592 4.35126 3.87009 2.66153 2.79815 2.53923 2.32776 2.79095 2.23488 2.23144 2.05475 2.02676 1.87244 1.62934 1.59889 1.58074 5.00157 1.63467
threshold=0.58475250005722057 2.7785327434539799 51.104207992553718 0 23.500000000000004 43.500000000000007 18.500000000000004 19.500000000000004 1 53.898420333862312 0.0080776116810739058 32.016512870788581 8.5000000000000018 42.002428054809577 0.03498716093599797 1.5547448992729189 0.12426119670271875 0.060492698103189475 0.032352261245250709 8.5000000000000018 0.069874908775091185 2.1777466535568242 0.20732259005308154 0.039807986468076713 1.0878691077232363 1.2044491767883303 0.03061280865222216 -0.072363134473562227 -0.14804514497518537 33.270486831665046
decision_type=10 10 2 1 10 8 8 10 9 2 10 2 10 2 10 8 10 10 10 10 8 10 10 8 10 10 8 8 8 2
left_child=6 2 5 4 -4 12 8 -8 26 10 -10 -12 13 15 -3 16 20 -9 19 25 24 27 -18 -13 -2 -5 -1 28 -14 -30
right_child=1 14 3 18 -6 -7 7 17 9 -11 11 23 21 -15 -16 -17 22 -19 -20 -21 -22 -23 -24 -25 -26 -27 -28 -29 29 -31
leaf_value=0.0083197613818554866 0.0022939069223363059 0.013847670768719501 0.024055418311697867 0.0021076872449753269 -0.008070426084188129 0.017768380282916139 0.054449011736181233 -0.00010761038847298189 0.024911792430850031 0.043231338015223483 0.020194182809791843 0.003315330237458503 -0.028490604559384757 -0.022991741127473955 0.038085593368086867 0.010484323749114911 0.015104745048669627 0.024728412565827147 0.0032117430956897105 -0.03024774290086649 -0.028944934818570793 -0.0024423302218938843 -0.0071640772179486761 -0.018637037402112738 -0.018444357073561918 -0.01927764963199026 -0.0092235831422099682 -0.02502515443708609 -0.0098523491228356252 0.01113491169822978
leaf_weight=7.0664305910468102 7.9435037672519702 10.949118241667749 21.342533133924011 6.2225733697414451 7.7948701754212371 4.3068071603775016 8.8030439764261263 6.8498718068003637 11.823083423078058 9.5742069110274297 6.4898492544889477 5.5920602083206186 10.445112161338328 15.705067560076712 18.378410488367081 7.5529461801052085 5.4467956498265249 7.0474648922681808 4.4160494431853285 10.857867978513239 6.1184164434671393 5.4667325392365447 7.9044862017035484 9.2183687761425936 6.3769980072975159 5.2500497400760651 10.191144093871118 68.784383684396744 6.4202770143747347 5.0757182464003563
leaf_count=44 70 56 137 53 61 26 44 48 81 47 38 37 104 157 85 66 42 41 35 89 65 45 79 71 57 50 67 751 59 52
internal_value=-0.000622848 -0.00680331 -0.0119473 0.000350512 0.0116221 -0.0162842 0.0173935 0.0308823 0.0118634 0.0173751 0.00885353 -0.000777294 -0.0173502 -0.0100333 0.0297916 -0.00468397 -0.00827836 0.0133015 -0.01183 -0.0198854 -0.0150003 -0.0215418 0.00234019 -0.0106629 -0.00754208 -0.00843955 -0.0019779 -0.0226534 -0.0144515 -0.000436506
internal_weight=325.414 242.759 213.431 55.8839 29.1374 157.547 82.6555 22.7004 59.9551 42.6976 33.1234 21.3003 153.24 57.0482 29.3275 41.3431 33.7902 13.8973 26.7465 22.3305 20.4389 96.1922 13.3513 14.8104 14.3205 11.4726 17.2576 90.7255 21.9411 11.496
internal_count=2657 2139 1998 425 198 1573 518 133 385 274 227 146 1547 536 141 379 313 89 227 192 192 1011 121 108 127 103 111 966 215 111
cat_boundaries=0 1 2
cat_threshold=1 1
is_linear=0
shrinkage=0.03


Tree=26
num_leaves=31
num_cat=0
split_feature=1 3 3 3 3 5 5 1 9 6 9 2 3 2 9 6 1 3 8 0 6 1 1 8 8 9 3 9 6 1
split_gain=48.0202 27.9887 25.5507 22.9865 17.9664 11.8119 9.36158 9.19951 8.10588 7.68147 8.50014 7.33585 6.7886 6.60801 6.55178 4.76251 4.54529 4.40482 3.14074 2.9507 2.66029 4.71704 3.62662 2.2067 2.89076 2.63356 1.88579 1.62386 1.34063 2.8738
threshold=0.0048211875837296256 0.64096614718437206 2.5867866277694707 2.1777466535568242 0.67925539612770092 316.26362609863287 317.00840759277349 0.01664349623024464 0.14454689621925357 32.798503875732429 0.19056802988052371 6.5000000000000009 0.39261625707149511 40.500000000000007 -0.029195302166044709 51.104207992553718 -0.0013311993097886441 0.95090085268020641 0.032352261245250709 6.5000000000000009 32.263656616210945 -0.0073417301755398503 -0.042147278785705559 -0.066117975860834108 -0.086042959243059144 -0.23864492028951642 3.5634698867797856 -0.014709395356476305 33.418319702148445 -0.039684213697910302
decision_type=2 10 10 10 10 2 2 2 10 2 8 10 10 8 8 2 2 10 10 8 2 2 2 8 8 8 10 8 2 2
left_child=2 9 4 6 5 20 7 15 14 12 -11 -5 -2 23 -9 -3 -7 18 -8 -10 22 -22 -1 24 28 -25 -13 -17 29 -6
right_child=1 3 -4 11 13 16 17 8 19 10 -12 26 -14 -15 -16 27 -18 -19 -20 -21 21 -23 -24 25 -26 -27 -28 -29 -30 -31
leaf_value=0.015174136957604957 0.031799130796777361 -0.018037089792254348 0.026047284979178891 0.0054516111602720589 -0.022010564058815331 0.0315558447944191 0.014952071100351736 0.019400495161975076 0.044961946811126495 0.053764024469205411 0.014541996740414004 0.02556544362772098 -0.0051524080742972643 0.01449331143756669 -0.015412962153460292 0.016161916995748295 0.0014235536083797358 -0.025347966988188638 -0.016765289188162506 0.014800722368692017 -0.029078105608532995 -0.000453762869435373 -0.011879216133864128 -0.00076121684859865239 0.0070721801728561755 -0.027186551337143136 0.052249416189060607 -0.0031257768363313191 -0.024031489118025742 0.010000358506477777
leaf_weight=6.7668454870581654 9.3366084992885607 16.067185364663604 15.246525287628172 7.8411545306444195 4.5032754093408585 10.360064931213858 4.9895229190588015 8.4721786230802518 6.8949721753597233 18.919247597455978 7.880551494657996 8.2542690485715884 7.4608634784817687 3.8351934179663649 9.0118307322263771 5.7515627443790436 7.6299718916416159 17.026267729699612 4.2928454205393791 6.9563231319189081 10.86317463219166 9.2562197372317296 9.474451892077921 3.6435179710388184 4.1608328521251705 63.829274624586105 8.2767625600099546 8.7741137742996198 14.450964599847792 3.847465895116331
leaf_count=55 41 158 78 42 48 70 42 59 35 88 41 51 52 27 69 37 53 178 41 48 102 71 80 38 38 740 35 61 144 37
internal_value=0.0012484 0.0131768 -0.00986365 0.00516063 -0.0135973 0.00026334 -0.00205296 0.00433685 0.0155306 0.0333021 0.0431687 0.0303282 0.0160192 -0.0211886 0.00159343 -0.0072572 0.019524 -0.016702 7.97179e-05 0.0318311 -0.0095337 -0.0165541 -0.000381242 -0.0227744 -0.0145718 -0.0257915 0.0411439 0.00506042 -0.0186526 -0.00776984
internal_weight=324.074 156.206 167.868 112.609 152.621 54.3507 88.2368 61.9282 31.3353 43.5973 26.7998 24.3722 16.7975 98.2705 17.484 30.5929 17.99 26.3086 9.28237 13.8513 36.3607 20.1194 16.2413 94.4353 26.9625 67.4728 16.531 14.5257 22.8017 8.35074
internal_count=2659 1078 1581 856 1503 431 728 467 211 222 129 128 93 1072 128 256 123 261 83 83 308 173 135 1045 267 778 86 98 229 85
is_linear=0
shrinkage=0.03


Tree=27
num_leaves=31
num_cat=1
split_feature=1 3 3 1 6 6 3 3 1 5 2 1 6 14 6 8 1 5 2 0 0 1 7 5 3 6 8 8 8 8
split_gain=44.6636 29.8669 29.263 13.3192 16.7397 12.6663 12.1354 11.2232 10.491 10.1466 8.01163 6.41444 5.74337 5.1402 5.06526 4.99407 4.80989 4.49009 3.56227 3.37477 2.83491 2.63747 2.11249 2.00005 2.23306 1.31899 1.91418 0.573587 0.374357 0.160822
threshold=0.00090630701743066322 0.61347514390945446 2.4078700542449956 0.01664349623024464 53.420833587646491 38.651802062988288 2.5867866277694707 0.70275124907493602 0.096224866807460799 323.87078857421881 17.500000000000004 0.0078605599701404589 32.263656616210945 0 35.133117675781257 -0.045882649719715111 -0.035899883136153214 242.12953186035159 40.500000000000007 17.500000000000004 9.5000000000000018 -0.0073417301755398503 -2.4999999999999996 283.00573730468756 1.1225273609161379 36.596654891967781 0.20405811071395877 -0.074763540178537355 -0.12372096255421637 -0.21984501928091046
decision_type=2 10 10 2 2 2 10 10 2 2 10 2 2 9 2 10 2 2 8 10 10 2 8 2 10 2 10 8 8 10
left_child=6 10 3 13 5 8 7 9 20 12 11 -2 16 17 -13 -4 -1 -3 27 22 -5 -14 -15 -21 -25 -24 -27 28 29 -9
right_child=1 2 15 4 -6 -7 -8 18 -10 -11 -12 14 21 19 -16 -17 -18 -19 -20 23 -22 -23 25 24 -26 26 -28 -29 -30 -31
leaf_value=0.013968323137229339 -5.7735294257346514e-06 0.025792168015262292 0.010325477134745934 0.0077550566558080517 0.051253665171343749 -0.026337514566248155 0.013757969965571755 -0.015292081641788488 0.032237229651139718 0.019591832635179 0.046931192787911413 0.0083983741946229255 -0.031768272397442232 -0.005137552772509618 0.03671615546718681 0.041684561623098429 -0.01785861262602555 -0.0099684219053718295 0.0036202302274326421 -0.016640559691301196 -0.016919628826257398 -0.0094584571367587987 -0.010864686519489661 0.015597426517318908 -0.011244078276897176 -0.030860932799654076 -0.0082122682950075358 -0.028025059547265436 -0.010898477986186773 -0.02834346148803699
leaf_weight=9.350293464958666 10.988927714526652 6.2037880644202215 7.7336802855134037 7.1955316290259379 5.6916146725416175 10.730257466435431 11.625670999288557 7.2696774676442155 10.797342732548712 10.148262895643709 13.362486734986303 9.4575064852833766 11.912509791553019 6.2667766362428665 16.689068056643009 14.14679868519306 6.2810136377811423 4.8877837359905243 3.6304766386747351 7.3427384421229389 7.7597445771098137 9.4216425567865389 6.9703108593821517 4.9862006530165655 4.2728958055377007 25.724828608334068 4.8539030849933615 52.787038303911686 6.9901313111186054 5.4836336150765392
leaf_count=74 66 46 38 50 24 104 62 73 55 69 67 50 114 58 77 68 55 40 25 63 71 74 70 46 41 258 45 635 71 59
internal_value=-0.00155891 0.0079553 0.000562787 -0.00562164 0.00763605 -0.000354482 -0.0146434 -0.017411 0.0110516 -0.00573264 0.0274046 0.0193319 -0.013018 -0.0134382 0.02716 0.0315364 0.000874702 0.00575375 -0.0244674 -0.0154234 -0.00530576 -0.0227804 -0.0222411 -0.00595093 0.00332198 -0.0248883 -0.0276397 -0.0259035 -0.0191535 -0.0225567
internal_weight=320.963 186.062 135.564 113.684 42.1745 36.4829 134.9 123.275 25.7526 47.1137 50.498 37.1355 36.9655 71.5092 26.1466 21.8805 15.6313 11.0916 76.161 60.4177 14.9553 21.3342 43.8158 16.6018 9.2591 37.549 30.5787 72.5305 19.7434 12.7533
internal_count=2648 1337 1077 971 304 280 1311 1249 176 386 260 193 317 667 127 106 129 86 863 581 121 188 431 150 87 373 303 838 203 132
cat_boundaries=0 1
cat_threshold=208
is_linear=0
shrinkage=0.03


Tree=28
num_leaves=31
num_cat=0
split_feature=1 3 3 7 5 7 5 5 3 8 8 1 3 1 6 1 7 6 3 1 8 8 3 6 6 3 6 1 1 5
split_gain=44.1192 26.3414 29.1796 18.1379 14.2484 12.3578 9.70742 8.28295 6.75982 6.72568 11.79 8.69301 6.67115 6.33177 5.56126 7.912 4.94305 4.17102 3.90553 7.9538 5.3621 4.20068 3.38696 4.01375 2.31648 2.31036 2.29053 2.25163 2.09021 1.85881
threshold=0.00090630701743066322 0.47167532145977026 3.1364108324050908 1.0000000180025095e-35 313.59620666503912 -19.499999999999996 242.64717102050784 322.85104370117193 4.9743113517761239 0.11999552696943284 -0.01363668357953429 0.0087502133101224917 0.70275124907493602 0.01664349623024464 35.665649414062507 0.047635944560170181 -3.4999999999999996 51.139064788818366 0.48337301611900335 -0.042147278785705559 -0.066117975860834108 -0.13967320322990415 0.78250712156295787 38.472324371337898 49.86413764953614 2.7785327434539799 52.684926986694343 -0.0095265400595962984 0.027048617601394657 213.80471038818362
decision_type=2 10 10 10 2 10 2 2 10 10 8 2 8 2 2 2 10 2 10 2 8 8 10 2 2 10 2 2 2 2
left_child=5 26 3 4 6 -1 9 8 18 10 11 -3 -9 -11 15 -8 -6 -5 19 -7 21 -20 -18 -24 -23 -22 28 -21 -2 -12
right_child=1 2 -4 17 16 7 14 12 -10 13 29 -13 -14 -15 -16 -17 22 -19 20 27 25 24 23 -25 -26 -27 -28 -29 -30 -31
leaf_value=0.026025840948855034 0.01189044506175781 -0.014669402810958687 0.042416203143637851 -0.029195696038656276 0.015251361820479276 0.022578154635812628 -0.010227611948578583 0.021212152452991365 0.018949912904770282 0.0040542541058923923 -0.0081008535857226179 0.02585176003333553 -0.016324073516153351 0.04202337784875796 0.041292344278080415 0.032237217655017421 0.0021320023820518889 0.0018197559220705891 -0.017301801992382029 -0.02993075153153273 -0.025909838634280185 0.01742148262271424 0.0036587225784782559 -0.024696662759628646 -0.0095102347717267686 -0.0016722262092485707 0.044809712479501711 -0.0033310388339138556 0.03434082585820597 -0.031939526351026752
leaf_weight=6.7882689759135237 8.0483415052294749 6.3936958760023144 16.76940555870533 17.385427616536621 6.0805165171623221 5.6881095916032818 6.534313768148424 9.8627063855528796 3.9999555796384803 9.0651593878865224 5.8260260820388776 13.147790655493734 6.0952802449464807 6.3551952242851248 13.307519547641276 7.7200601100921631 10.015221379697321 4.810621812939643 15.358455173671244 5.6768727675080308 60.714119128882885 6.0672092512249964 5.5255081951618221 18.57021103054285 4.0137490928173065 3.906682461500167 15.215031526982782 5.5083248987793896 9.9460686296224576 7.595371775329113
leaf_count=38 43 52 72 174 46 41 60 67 19 78 51 77 72 37 84 43 78 41 153 48 719 60 58 196 39 21 67 39 44 61
internal_value=0.00219367 0.011525 0.00622499 0.00156476 0.00635347 -0.0109391 0.0139345 -0.0131046 -0.0159967 0.00561632 -0.002136 0.0125251 0.00675773 0.0213087 0.0278288 0.0133767 -0.00796213 -0.022685 -0.0174674 -0.00394544 -0.0199297 -0.00785159 -0.0124166 -0.0183077 0.00680802 -0.0244924 0.0353726 -0.0181797 0.0254541 -0.0228708
internal_weight=321.991 188.311 155.102 138.333 116.137 133.68 75.9451 126.891 110.933 48.3832 32.9629 19.5415 15.958 15.4204 27.5619 14.2544 40.1915 22.196 106.934 16.8733 90.0602 25.4394 34.1109 24.0957 10.081 64.6208 33.2094 11.1852 17.9944 13.4214
internal_count=2678 1362 1208 1136 921 1316 543 1278 1139 356 241 129 139 115 187 103 378 215 1120 128 992 252 332 254 99 740 154 87 87 112
is_linear=0
shrinkage=0.03


Tree=29
num_leaves=31
num_cat=1
split_feature=1 3 6 1 3 9 3 6 14 1 7 2 2 6 6 5 3 9 9 1 5 1 1 1 6 3 7 5 1 1
split_gain=39.6434 24.2132 23.0568 18.6853 15.1865 13.4113 10.4307 11.843 8.64768 10.7657 6.53171 5.83228 5.76131 5.40252 5.3363 4.1622 3.45673 3.13786 11.2714 5.54791 3.99156 2.90845 2.47938 2.1375 2.11063 4.34511 2.2826 2.4531 1.87798 1.98225
threshold=0.0042029945179820069 2.7024371623992924 52.946125030517585 0.047635944560170181 0.56653288006782543 -0.26621013879775995 2.7785327434539799 18.473527908325199 0 0.010312102269381286 -1.0000000180025095e-35 18.500000000000004 24.500000000000004 32.491283416748054 54.371799468994148 233.57377624511722 0.30664058029651647 -0.014709395356476305 -0.032242884859442704 -0.0058498443104326716 298.04627990722662 -0.0026437448104843493 -0.16677708923816678 0.011706571560353042 37.968566894531257 0.79978224635124218 -3.4999999999999996 234.58794403076175 -0.010663954075425862 -0.0060865930281579486
decision_type=2 10 2 2 10 10 8 2 9 2 8 8 10 2 2 2 10 8 10 2 2 2 2 2 2 10 10 2 2 2
left_child=1 4 3 6 10 -5 7 -2 14 -10 -1 13 24 -7 23 -12 -17 18 19 -6 -21 -18 -19 -4 -9 -26 -27 -28 -24 -30
right_child=2 -3 8 5 17 11 -8 12 9 -11 15 -13 -14 -15 -16 16 21 22 -20 20 -22 -23 28 -25 25 26 27 -29 29 -31
leaf_value=0.020332748406108835 0.025432960811161559 0.026080999398852778 0.022568898839459371 -0.016478626513941708 -0.026771500079257698 0.00617748528660349 0.022856652567636141 -0.025457201828301752 0.015034231138479022 0.052954577067074418 -0.023400910796649525 0.049823137479286718 0.0091880359923171718 0.037841123075793223 -0.019764008908960306 0.016424079425008679 0.0040170718060755896 0.00044429623179001503 0.029153251257773426 -0.0183168715612546 0.015497507866381814 -0.022088218556487967 -0.031077135725849414 -0.0019535273957941258 0.0089564463206398479 0.0027425761599890112 -0.0017954848131977905 -0.026494062591950206 -0.00083618828700316708 -0.022105947037871023
leaf_weight=10.76213466376066 6.6106041073799124 13.723910041153429 6.0940635576844233 6.565340891480445 22.462913118302822 12.886132135987287 8.9068075567483884 20.639909617602825 10.955652214586733 22.168582089245319 7.7951433509588268 8.024771109223364 7.4934760779142371 7.2835837230086318 6.9164406508207312 7.4068790748715427 8.1822832748293894 3.5048202201724044 4.1988578811287871 4.9712502136826497 5.6317225247621536 5.8418338373303369 31.392278589308262 5.5585762411355972 6.229921534657481 3.9113009572029176 4.7237209901213637 16.955165274441242 4.6051175072789183 30.244793608784676
leaf_count=65 36 68 45 51 261 74 40 191 62 97 76 40 57 37 45 46 65 39 35 50 49 44 391 35 48 34 48 193 50 325
internal_value=-0.000250143 -0.0107716 0.0101953 0.00236987 -0.0143651 0.0202523 -0.0060234 -0.0101689 0.0265206 0.0318788 0.00139502 0.0290769 -0.0144473 0.0188591 -0.000310045 -0.00602052 0.00106269 -0.0202127 -0.0126271 -0.0186326 -0.000568772 -0.00760364 -0.0240299 0.0116413 -0.0179321 -0.012424 -0.0177702 -0.0214288 -0.0253121 -0.0193971
internal_weight=322.648 160.724 161.924 110.231 147 34.7598 75.4709 66.5641 51.6933 33.1242 39.9883 28.1945 59.9535 20.1697 18.5691 29.2261 21.431 107.012 37.2647 33.0659 10.603 14.0241 69.747 11.6526 52.46 31.8201 25.5902 21.6789 66.2422 34.8499
internal_count=2697 1564 1133 849 1496 202 647 607 284 159 296 151 571 111 125 231 155 1200 395 360 99 109 805 80 514 323 275 241 766 375
cat_boundaries=0 1
cat_threshold=34
is_linear=0
shrinkage=0.03


Tree=30
num_leaves=31
num_cat=1
split_feature=1 3 3 7 5 3 3 5 6 5 8 0 6 2 1 9 7 10 5 7 9 1 2 9 1 6 8 5 9 1
split_gain=43.6011 28.0987 19.02 14.4487 10.097 9.31529 11.2593 9.00131 8.49472 9.04453 5.78074 6.51088 5.36966 6.9241 5.31514 5.18504 4.95693 4.19978 4.04743 5.356 3.21634 3.08272 2.84468 2.61182 1.99423 1.32132 0.965668 1.09379 1.24485 0.778777
threshold=0.00090630701743066322 0.49863529205322271 3.1364108324050908 1.0000000180025095e-35 317.43763732910162 0.70275124907493602 2.2621635198593144 325.35758972167974 55.067308425903327 242.64717102050784 0.11999552696943284 12.500000000000002 32.263656616210945 10.500000000000002 0.018472000025212768 0.22904596477746966 -1.4999999999999998 0 321.43739318847662 -2.4999999999999996 0.078041188418865218 -0.0073417301755398503 5.5000000000000009 -0.27988724410533899 -0.0026437448104843493 38.938272476196296 -0.066117975860834108 272.95738220214849 -0.01583845820277929 0.0078605599701404589
decision_type=2 10 10 10 2 10 10 2 2 2 10 8 2 10 2 8 10 9 2 8 10 2 10 8 2 2 8 2 8 2
left_child=5 15 3 4 8 7 23 12 9 10 11 -3 13 -1 20 29 -12 -13 -6 -20 -11 -14 -5 -7 -23 -21 27 -25 -29 -2
right_child=1 2 -4 22 18 6 -8 -9 -10 14 16 17 21 -15 -16 -17 -18 -19 19 25 -22 24 -24 26 -26 -27 -28 28 -30 -31
leaf_value=0.022131920728134788 0.024983472220362991 -0.025797636584521548 0.03256025834978693 0.00016064192499240095 -0.022657535833152474 0.0019853261758186898 0.0065060950099086389 0.022692915846962227 0.036334937508109781 0.018408130981992971 -0.0087588807122867974 0.019879141885588966 -0.027232447648777337 -0.015749984721851285 0.032229558383501403 0.0098118113062682279 0.025499687598833837 -0.01039081618214671 0.024725382746777751 0.0028437085183848228 -0.0072126711446558892 0.0073769736725727841 -0.027223545847063439 -0.02599716726943601 -0.016543319799275362 -0.015419437919465043 -0.027317136450363499 0.003243326649851495 -0.016357455759042058 0.043925175979291416
leaf_weight=8.3941886797547323 7.8195485323667553 12.397881455719473 17.493909567594528 4.1989995911717442 12.029945544898512 3.3139226213097572 12.971475325524805 9.4326272159814817 8.8216981515288335 8.3306293264031428 5.6154013946652404 6.286961518228054 12.319699205458162 7.1287247315049163 13.286054603755472 7.4429520964622489 8.6351817399263364 8.5527417436242086 4.4540081471204758 4.8402069211006191 7.5825559720396987 5.3250072970986366 16.996597714722157 7.215350195765498 5.3857782632112521 10.138266198337076 47.897490881383419 3.915791280567646 7.8657016903161985 19.571275360882282
leaf_count=65 40 110 74 36 122 36 74 61 51 65 44 42 122 67 76 38 66 60 36 51 66 41 175 76 41 99 616 38 84 84
internal_value=0.000426976 0.00980736 0.00406498 7.70986e-05 0.00445973 -0.0127416 -0.0187566 -0.0021451 0.0101215 0.00638891 -0.00264274 -0.0106254 -0.00864215 0.00483475 0.0188842 0.0336772 0.012311 0.0028787 -0.0097193 -0.000992807 0.0064953 -0.017549 -0.0220357 -0.0234499 -0.0050366 -0.00970919 -0.0247207 -0.0171353 -0.0100987 0.0395881
internal_weight=315.661 184.495 149.661 132.167 110.972 131.166 83.1797 47.986 79.5091 70.6874 41.4882 27.2376 38.5534 15.5229 29.1992 34.8338 14.2506 14.8397 31.4624 19.4325 15.9132 23.0305 21.1956 70.2083 10.7108 14.9785 66.8943 18.9968 11.7815 27.3908
internal_count=2656 1335 1173 1099 888 1321 924 397 580 529 322 212 336 132 207 162 110 102 308 186 131 204 211 850 82 150 814 198 122 124
cat_boundaries=0 1
cat_threshold=4
is_linear=0
shrinkage=0.03


Tree=31
num_leaves=31
num_cat=1
split_feature=3 3 1 1 6 7 1 5 0 2 6 8 7 14 8 1 5 1 1 1 6 3 1 6 0 7 0 5 8 3
split_gain=32.5524 35.3876 19.9046 16.3102 16.2319 11.4031 10.7728 8.50911 8.14831 6.95133 6.34313 6.01487 5.82018 5.28454 4.2282 3.98239 3.36574 2.96186 2.82043 2.71342 2.68188 4.07931 2.89894 2.57714 2.14831 2.1186 1.81488 2.41492 1.68804 1.39391
threshold=2.7024371623992924 0.66135850548744213 0.0063274018466472634 0.012417792808264496 53.265357971191413 -8.4999999999999982 0.096224866807460799 274.82800292968756 41.500000000000007 14.500000000000002 35.133117675781257 0.16206853836774829 -24.499999999999996 0 -0.0075649656355381003 0.027807219885289673 219.75066375732425 0.0049758991226553926 -0.0042248512618243686 -0.031495653092861169 38.204950332641609 1.1896691322326662 -0.015400907490402458 36.156560897827156 9.5000000000000018 -3.4999999999999996 5.5000000000000009 285.33349609375006 -0.30080667138099665 0.76744762063026439
decision_type=8 10 2 2 2 10 2 2 8 10 2 10 10 9 10 2 2 2 2 2 2 10 2 2 10 10 10 2 8 10
left_child=1 2 5 8 6 -1 11 17 12 13 16 15 -3 14 -7 -5 -4 -2 -11 -14 21 22 -21 -23 -17 -22 -15 -28 -27 -24
right_child=7 3 10 4 -6 9 -8 -9 -10 18 -12 -13 19 26 -16 24 -18 -19 -20 20 25 23 29 -25 -26 28 27 -29 -30 -31
leaf_value=0.037921943497555059 0.00023029511775471783 0.01348482294619918 0.023953660834266543 -0.030028518513383024 0.0346111546771617 -0.00079668157283271208 0.017622135871845513 0.047885427709116093 0.022868072508183721 -0.031042006909829879 0.035561790363438511 0.011028483628313667 -0.026640723715346166 -0.022517873568741832 0.031385026895236603 0.0072899370369879177 -0.0028822629615991402 0.02419163386532051 -0.0051697691599832066 0.0059895443140786445 -0.0010763218147191438 -0.0048403528110921709 -0.0065084183102886023 0.02289262605911721 -0.017144999464822185 -0.0038254356662818945 -0.014687888103640832 0.010215530505254167 -0.02303469681823065 -0.027867012026588724
leaf_weight=5.1629479974508277 7.6129541173577371 4.4571259394288054 7.348278895020484 15.058776661753656 10.500393152236937 5.8399676606059083 12.39207138866186 11.89878887683153 3.7488348111510268 9.1431574523448926 26.295368239283562 6.1781102418899527 33.483851030468941 6.3855349496006992 8.6915770694613421 5.2436830848455411 8.093164458870886 10.978713139891623 6.807635322213172 3.6955673396587416 5.1500564739108077 7.3506032973527891 4.6099038347601899 3.81819037348032 5.978108823299408 4.9602951630949974 6.5566063299775106 5.593040406703949 49.99306845664978 10.401251949369906
leaf_count=28 39 29 37 159 49 45 74 54 32 91 125 51 439 52 61 39 46 49 49 48 40 78 47 39 53 45 57 43 549 117
internal_value=-5.96673e-05 -0.00326901 0.0114705 -0.0108493 0.00278357 -0.000593349 -0.0052602 0.0288796 -0.0165581 -0.00532718 0.0267787 -0.0142618 -0.017882 0.00260593 0.0117001 -0.0203934 0.0105686 0.0148925 -0.0209564 -0.0191136 -0.0160505 -0.00829864 -0.016548 0.00574265 -0.00606487 -0.0197048 -0.00710833 -0.00331866 -0.0214002 -0.022124
internal_weight=313.428 282.937 95.9173 187.02 55.3511 54.1805 44.8508 30.4905 131.669 49.0175 41.7368 32.4587 127.92 33.0667 14.5315 26.2806 15.4414 18.5917 15.9508 123.463 89.9789 29.8755 18.7067 11.1688 11.2218 60.1034 18.5352 12.1496 54.9534 15.0112
internal_count=2664 2522 634 1888 425 426 376 142 1463 398 208 302 1431 258 106 251 83 88 140 1402 963 329 212 117 92 634 152 100 594 164
cat_boundaries=0 1
cat_threshold=594
is_linear=0
shrinkage=0.03


Tree=32
num_leaves=31
num_cat=0
split_feature=1 3 6 6 5 3 1 9 1 3 8 7 8 8 3 5 1 6 3 1 9 9 1 3 3 9 8 3 1 1
split_gain=36.4034 20.4483 19.5767 18.0275 13.8613 11.8294 10.2731 15.2743 10.0088 9.22128 7.43544 6.38795 4.84206 5.41169 5.29581 4.66189 4.61201 4.45863 4.39489 4.29195 4.03958 3.57555 5.51309 3.33839 2.87975 2.61265 3.57701 2.42337 2.36799 1.74877
threshold=0.0077926099766045817 2.3648270368576054 52.946125030517585 18.338701248168949 241.74168395996097 0.57286566495895397 0.047635944560170181 -0.3248088657855987 0.0085875797085464018 2.7785327434539799 -0.066117975860834108 -1.4999999999999998 -0.099180757999420152 -0.21984501928091046 0.94026166200637828 233.57377624511722 0.011901889927685263 54.46313667297364 0.61819949746131908 -0.0078207761980593187 0.011566820554435255 0.094659406691789641 0.0019513407605700197 1.729814946651459 0.99735319614410411 -0.023557555861771103 -0.099180757999420152 0.66135850548744213 -0.003209608374163508 -0.001471312658395618
decision_type=2 10 2 2 2 10 2 10 2 10 8 8 10 10 10 2 2 2 10 2 8 8 2 10 8 8 8 10 2 2
left_child=1 5 3 -2 -3 11 8 -8 -5 18 12 -1 13 14 -7 -13 24 28 -10 -16 -9 22 23 27 -4 -18 -27 -12 -17 -14
right_child=2 4 16 6 -6 10 7 20 9 -11 21 15 29 -15 19 17 25 -19 -20 -21 -22 -23 -24 -25 -26 26 -28 -29 -30 -31
leaf_value=0.019617188302072857 0.036446016365801547 -0.0077937258136587129 0.024562315139921614 0.025284812629749458 0.040335481571944658 -0.019716917439186247 -0.027395316031887062 0.039608038713274576 0.00040805450804067591 0.022162370770511954 -0.0032639289902789983 -0.021681415658191729 -0.0013244274618888028 -0.023025670832121585 -0.0049237761612430436 0.0028986768267746624 0.05040407927443858 0.021559957668239982 -0.02364272053385167 0.034437616504607318 0.012504246036254897 -0.028998884590103607 0.0048044273836187297 0.0048269657022125059 -0.0023712311713590846 0.011789850120315817 0.040297724341655142 -0.026828555314175495 -0.017162892082272566 0.023219106727031851
leaf_weight=11.196808114647864 12.356650173664091 9.1573009565472621 7.6361995413899395 5.7634434774518004 11.184460692107676 5.1361313909292212 5.6525045484304455 8.6950694397091812 8.5842563584446889 4.8042547404766074 4.8653870150446883 10.113466650247572 4.6090831682085991 15.915973126888277 4.358822174370288 12.051837243139744 9.1535635590553266 6.3192319497466078 31.981577910482883 4.2144727259874335 13.059788823127752 36.471579112112522 9.090031795203684 3.8093011528253546 5.8171753212809572 9.0556981861591321 8.1770900413394028 28.966624654829502 8.1237282454967534 4.7386727184057218
leaf_count=64 57 51 41 49 54 46 43 49 52 22 46 93 45 168 47 89 39 38 344 34 69 457 89 46 41 43 42 373 57 41
internal_value=-0.000110579 -0.00846668 0.0120259 0.00422366 0.0193191 -0.0118854 -0.00124028 0.013291 -0.00913452 -0.0139579 -0.0168014 0.000765437 -0.00579091 -0.0116667 0.00218926 -0.00536876 0.029288 0.00142012 -0.0186659 0.0160016 0.0246018 -0.0218288 -0.0157426 -0.0207004 0.0135581 0.0365201 0.0267853 -0.0236307 -0.00560819 0.012159
internal_weight=321.06 190.323 130.737 90.8975 20.3418 169.981 78.5409 27.4074 51.1335 45.3701 122.176 47.8051 38.9732 29.6254 13.7094 36.6083 39.8397 26.4948 40.5658 8.57329 21.7549 83.2029 46.7313 37.6413 13.4534 26.3864 17.2328 33.832 20.1756 9.34776
internal_count=2729 1838 891 685 105 1733 628 161 467 418 1392 341 381 295 127 277 206 184 396 81 118 1011 554 465 82 124 85 419 146 86
is_linear=0
shrinkage=0.03


Tree=33
num_leaves=31
num_cat=2
split_feature=3 3 1 1 7 14 6 5 6 12 1 6 6 1 1 1 5 5 3 9 7 9 2 5 3 9 9 1 6 2
split_gain=28.6866 30.5654 18.6952 16.7856 12.2546 7.75729 13.4508 6.9506 5.78682 15.1279 8.30273 6.10521 5.05914 8.89328 4.44784 6.77994 3.86851 3.69753 3.60903 3.34675 3.1137 3.38663 2.82933 2.23127 2.62233 2.01515 3.7962 2.94911 3.82766 1.43174
threshold=2.966954350471497 0.66135850548744213 0.0019513407605700197 0.0063274018466472634 -24.499999999999996 0 52.598661422729499 237.91407012939456 51.104207992553718 1 0.0099341254681348818 38.472324371337898 35.133117675781257 0.052062802016735084 0.096224866807460799 0.0061128686647862205 282.62524414062506 210.60656738281253 0.3518484234809876 0.1856794357299805 -2.4999999999999996 0.31745702028274542 10.500000000000002 243.76800537109378 1.2044491767883303 -0.014709395356476305 -0.03908619470894336 -0.020789129659533497 41.636472702026374 14.500000000000002
decision_type=8 10 2 2 10 9 2 2 2 1 2 2 2 2 2 2 2 2 10 8 10 10 8 2 10 8 10 2 2 10
left_child=1 3 25 5 -4 6 -1 -2 11 23 -11 14 13 -5 15 -6 29 -17 -18 -14 -13 -22 -20 -10 -25 26 27 -3 -29 -7
right_child=7 2 4 12 8 16 -8 -9 9 10 -12 20 19 -15 -16 17 18 -19 22 -21 21 -23 -24 24 -26 -27 -28 28 -30 -31
leaf_value=0.049367811454757812 0.0096994326520482444 -0.026700248358594598 0.035932199436701229 -0.008248236325014693 0.021102154971300843 -0.0096703162932465832 -0.0047254685262938514 0.039992325391074363 -0.032560125179555581 0.0038403093214082287 0.043693311270859118 0.0021891331246440765 0.040999348523931729 0.033778574441132761 0.016837451310525515 0.0091991223730750697 0.017758781935269856 -0.017846274118087643 0.0075330565026718423 0.014610448398025151 -0.028694779691072821 0.00020026412104533122 -0.018053443833065501 0.0057792919982557027 -0.0234941322397722 -0.024526085201687819 0.012984447824909269 0.0080864610610987819 -0.023726957350483843 -0.026676443033092627
leaf_weight=7.1502138078212729 12.184498369693758 13.631680928170685 6.3421406820416442 9.1294481456279772 5.6036944910883895 14.285289503633978 8.0803172513842565 17.252105236053467 6.7710962370038059 8.1215328946709651 10.912369713187216 4.8590688556432751 17.202053911983967 7.4334438741207114 8.3314479440450651 4.9853221327066448 6.9947043433785465 22.364895917475224 6.1056814640760395 7.720795281231406 19.749095313251022 4.4132603630423537 7.963346630334855 4.8338157013058645 4.5594008043408394 48.689609099179506 3.4962650611996642 7.0037066787481308 5.023121178150177 7.1956439390778533
leaf_count=43 57 173 37 57 56 120 54 73 49 61 54 48 79 33 42 37 40 216 50 37 237 47 69 39 42 624 33 79 48 72
internal_value=0.000478542 -0.00243138 -0.00947437 0.0109883 -0.00157304 0.000454098 0.0137035 0.028184 -0.00414377 0.00567969 0.0184964 -0.00907245 0.0253028 0.0114628 -0.00154774 -0.0065549 -0.00621462 -0.0127659 0.00152669 0.0337034 -0.0193688 -0.0236189 -0.00718638 -0.0128818 -0.00932319 -0.0206631 -0.0136123 -0.0175876 -0.00600213 -0.0163002
internal_weight=318.389 288.952 189.692 99.2609 111.847 57.7752 15.2305 29.4366 105.505 35.1982 19.0339 70.3068 41.4857 16.5629 41.2854 32.9539 42.5447 27.3502 21.0637 24.9228 29.0214 24.1624 14.069 16.1643 9.39322 77.8444 29.1548 25.6585 12.0268 21.4809
internal_count=2706 2576 1922 654 965 448 97 130 928 245 115 683 206 90 351 309 351 253 159 116 332 284 119 130 81 957 333 300 127 192
cat_boundaries=0 1 2
cat_threshold=146 2
is_linear=0
shrinkage=0.03


Tree=34
num_leaves=31
num_cat=1
split_feature=1 3 3 7 6 14 1 3 1 3 0 9 8 7 3 8 8 1 1 0 6 9 3 3 8 8 9 1 0 6
split_gain=32.9309 20.4942 20.6466 13.3644 11.7342 21.0247 10.9898 10.9305 8.41889 8.3976 9.97373 11.315 5.69219 4.37111 5.36132 5.22755 4.27259 4.14001 3.75639 3.7399 3.57772 3.2438 2.45106 2.43143 2.37566 1.77925 1.73037 1.31953 2.67935 1.01836
threshold=0.0019513407605700197 3.1364108324050908 0.39261625707149511 -24.499999999999996 51.104207992553718 0 0.096224866807460799 5.4778480529785165 0.0092108468525111693 0.71297204494476329 15.500000000000002 -0.014709395356476305 -0.074763540178537355 1.0000000180025095e-35 1.6894196867942812 0.12673619389533999 0.0075776681769639262 -0.17497552186250684 -0.013388899154961107 10.500000000000002 41.636472702026374 -0.1039389669895172 2.7024371623992924 0.29800376296043402 -0.066117975860834108 -0.091623045504093156 -0.23246189206838605 0.0092108468525111693 14.500000000000002 36.431882858276374
decision_type=2 8 10 10 2 9 2 8 2 10 10 8 10 10 10 10 8 2 2 8 2 10 10 10 8 8 8 2 8 2
left_child=7 2 23 -4 6 8 13 9 -6 10 11 21 -13 14 15 27 -7 -11 -14 -17 -16 -1 24 -2 25 29 -26 28 -5 -19
right_child=1 -3 3 4 5 16 -8 -9 -10 17 -12 12 18 -15 20 19 -18 22 -20 -21 -22 -23 -24 -25 26 -27 -28 -29 -30 -31
leaf_value=0.01005024249089048 0.019885633406833365 0.038207692230641556 0.036871648070883681 -0.019310868231855238 0.0079755035470197699 -0.02687893432052291 0.017100865158747793 0.029641269285078934 0.045208345646044167 0.0091419962512365779 -0.023243280192682167 -0.030405954533304979 -0.01085493459625736 -0.027795087311631633 0.023887358765703741 0.016286997184458911 0.00049846158769346557 -0.0068664256697962122 0.015872865122299198 -0.013382272548707571 -0.010015314754387241 0.042096139931072023 -0.0023456293006623333 0.041429881756109038 -0.0036382551188627781 0.0046868861780374298 -0.02792820066094872 -0.024557746457281576 0.0079277306733329077 -0.022819764635277455
leaf_weight=6.2674556374549866 16.476890906691555 17.423020124435425 7.3151929900050154 9.3758794143795932 8.9453259184956568 12.892673954367636 11.534437596797941 4.6689008474349967 15.420369826257227 3.8280622884631148 14.870198369026182 5.7868760228157035 8.9383485615253448 14.394734948873518 5.6663450524210912 7.0082847550511334 8.0773875862360018 7.0491450205445316 8.0537313222885167 6.3374622985720643 4.0781276598572731 5.8662465736269933 6.1432863548398009 9.2126556634902936 3.1508065760135651 3.7135366573929813 43.436153426766396 20.39223762601614 4.0685907080769548 10.18932308256626
leaf_count=49 71 73 41 99 62 95 68 21 72 38 146 49 76 159 51 53 64 80 58 63 41 41 32 40 37 35 597 201 41 109
internal_value=-0.000164002 0.00821429 0.00475686 6.5868e-06 -0.00236622 0.00977131 -0.00904474 -0.0114811 0.0232332 -0.0132087 -0.00349185 0.00533375 -0.00717159 -0.0134511 -0.00940683 -0.0135587 -0.0115388 -0.0193256 0.00199135 0.00224729 0.0100873 0.0275689 -0.0209072 0.0288745 -0.0225366 -0.013143 -0.0263964 -0.0196784 -0.0110897 -0.0170303
internal_weight=310.582 178.62 161.197 135.507 128.192 45.3358 82.8561 131.962 24.3657 127.293 49.7829 34.9127 22.779 71.3217 56.9269 47.1825 20.9701 77.5103 16.9921 13.3457 9.74447 12.1337 73.6823 25.6895 67.539 20.952 46.587 33.8367 13.4445 17.2385
internal_count=2662 1294 1221 1110 1069 293 776 1368 134 1347 419 273 183 708 549 457 159 928 134 116 92 90 890 111 858 224 634 341 140 189
cat_boundaries=0 1
cat_threshold=17
is_linear=0
shrinkage=0.03


Tree=35
num_leaves=31
num_cat=1
split_feature=3 3 5 7 7 7 7 9 5 5 3 7 5 14 9 7 9 7 5 0 3 7 2 5 5 9 5 7 9 9
split_gain=22.1626 34.463 9.83213 8.18884 7.80189 7.48721 6.81633 5.98631 5.97453 6.99768 7.40412 5.40355 4.69001 4.62854 5.69727 5.40245 4.2567 5.2857 2.72557 2.72531 1.7264 2.96529 3.73437 2.39706 1.50015 2.89533 1.47187 1.41239 1.46615 1.33437
threshold=2.2621635198593144 0.66135850548744213 200.88236999511722 -11.499999999999998 36.000000000000007 1.0000000180025095e-35 1.0000000180025095e-35 0.15286602824926379 222.12770843505862 275.52185058593756 0.88836374878883373 -1.0000000180025095e-35 239.27362823486331 0 0.22904596477746966 1.0000000180025095e-35 -0.074425034224987016 -6.4999999999999991 322.01348876953131 8.5000000000000018 0.36427745223045355 -1.4999999999999998 7.5000000000000009 264.18087768554693 324.49961853027349 0.080326158553361907 238.50086212158206 -1.0000000180025095e-35 -0.166874885559082 0.17581176012754443
decision_type=8 10 2 8 8 10 8 10 2 2 10 10 2 9 8 10 10 10 2 10 10 10 10 2 2 10 2 10 10 10
left_child=1 3 -2 -1 5 8 7 -4 29 10 26 -12 -13 -5 15 18 27 -18 20 -7 23 -22 -23 -15 -19 -26 -10 -11 -29 -3
right_child=2 4 6 13 -6 19 -8 -9 9 16 11 12 -14 14 -16 -17 17 24 -20 -21 21 22 -24 -25 25 -27 -28 28 -30 -31
leaf_value=0.043267877725021123 -0.013074284322007863 -0.02391927006350783 0.049756502840684148 0.019716988546976958 0.021614411898097249 -0.0029369039123270701 0.0070517345054674774 0.017133159725023869 -0.0033238271776393712 0.01500646894684758 -0.0066534760112178324 0.0054223194131179401 0.035772483562868967 0.0019830167093117836 -0.010896440005666166 -0.015089580949462323 0.015487807224895412 -0.019494520056599872 0.026166637030639414 -0.027881659432349763 0.017670991668599301 0.012389694732098448 -0.015668365627189814 0.025513336402344423 0.011100568360385877 -0.018719083934994177 -0.026266080488691407 -0.012341180987583461 0.0084893769135766413 -0.0091567038372836473
leaf_weight=6.1132738888263702 5.7743941918015471 21.080133307725195 12.700548432767393 18.189309157431126 5.7747894972562781 4.872796155512332 10.989034444093702 10.499417863786219 5.2569169476628286 5.0683283507823935 7.5398427098989513 8.6832107119262236 9.8038484081625921 6.9206585660576811 16.84205137193203 6.6695803105831137 4.1986037604510775 39.971338201314211 9.2229601591825467 27.299538511782885 7.052962325513362 6.2394367754459408 9.5510113164782506 8.4861158281564695 4.3946684226393682 5.5821325555443764 4.4999112188816071 5.6580059118568888 4.6632024496793738 9.758782181888817
leaf_count=28 33 256 62 108 36 53 59 53 50 47 71 75 73 42 119 66 33 435 59 340 48 45 72 41 45 73 35 59 51 117
internal_value=0.000791337 -0.00232657 0.0213529 0.0120999 -0.0102461 -0.0114603 0.0273738 0.0363105 -0.00826999 -0.00477471 0.00589685 0.0141402 0.022527 0.00950706 0.0034368 0.00863541 -0.0102721 -0.0141718 0.0122111 -0.024306 0.00826519 0.00279663 -0.00450391 0.0157087 -0.01692 -0.00576922 -0.0153631 0.00347622 -0.00301122 -0.0196821
internal_weight=309.357 269.393 39.9634 95.2874 174.106 168.331 34.189 23.2 136.159 105.32 35.7837 26.0269 18.4871 89.1741 70.9848 54.1427 69.5363 54.1467 47.4731 32.1723 38.2502 22.8434 15.7904 15.4068 49.9481 9.9768 9.75683 15.3895 10.3212 30.8389
internal_count=2684 2477 207 628 1849 1813 174 115 1420 1047 304 219 148 600 492 373 743 586 307 393 248 165 117 83 553 118 85 157 110 373
cat_boundaries=0 1
cat_threshold=528
is_linear=0
shrinkage=0.03


Tree=36
num_leaves=31
num_cat=0
split_feature=3 3 5 7 8 7 2 0 9 5 6 3 6 8 3 6 6 6 9 3 5 4 6 8 2 6 9 6 8 8
split_gain=25.5718 19.2657 9.84141 6.60989 6.51031 11.6843 9.70521 4.91121 4.83858 5.9354 4.51009 7.49889 4.1842 5.28382 3.8992 4.88518 3.75766 5.85386 5.34841 3.74776 4.2447 2.91252 2.83338 2.69802 3.95952 2.39341 2.17344 2.00206 4.104 1.86892
threshold=0.58475250005722057 2.2621635198593144 209.01467895507815 -8.4999999999999982 -0.012236929498612879 36.000000000000007 19.500000000000004 8.5000000000000018 -0.025473586283624169 237.91407012939456 52.113500595092781 0.20396368205547336 32.11921691894532 -0.12372096255421637 3.5634698867797856 38.856031417846687 31.969373703002933 32.495632171630866 0.063626531511545195 0.70936122536659252 317.00840759277349 0.00016835544374771419 36.947896957397468 0.2159242853522301 5.5000000000000009 55.611980438232429 -0.05742355249822139 48.830354690551765 0.11999552696943284 -0.22774737328290937
decision_type=10 8 2 8 8 8 10 10 8 2 2 10 2 10 10 2 2 2 8 10 2 10 2 8 8 2 10 2 10 10
left_child=3 4 -3 -1 6 7 19 8 9 -6 11 -5 -8 -14 15 -4 18 -18 -13 -2 25 -10 -19 24 -23 29 -12 -9 -29 -21
right_child=1 2 14 10 5 -7 12 27 21 -11 26 16 13 -15 -16 -17 17 22 -20 20 -22 23 -24 -25 -26 -27 -28 28 -30 -31
leaf_value=0.039325901804318442 0.0086443768730397677 -0.017049606561545423 0.02604737537851037 0.026684078763070999 -0.010087401214646066 0.03023601949566173 -0.010312232872091626 -0.025047463187620297 -0.02364991831140591 0.034533671031150952 0.0067242488498338556 0.029740357713553361 0.001240336323827201 0.031296965220202776 0.030781501243106999 -0.0067532019467537469 -0.031437152704338611 0.013689054754483896 -0.0063991868224055302 -0.0006561428687567154 -0.026991314531248704 0.014857157410837119 -0.0093089746277358054 -0.02075334994876097 -0.016090605580408812 0.0082580751425333793 0.024945718717018953 -0.021993403308931469 0.012286073989578936 -0.016657604378097417
leaf_weight=7.2607846558094025 7.4616293013095847 6.8589617609977713 6.6773248389363316 9.812004014849661 5.3552023693919164 4.1253026574850074 5.4473404511809376 46.947730075567961 14.286589838564394 3.7807281836867332 9.4196525141596812 5.8927373066544515 9.7155355960130727 10.714170590043064 15.920843958854674 8.0545902177691442 6.2110488638281849 7.4541876986622837 7.3082932755351067 10.220272555947302 13.547587815672157 7.9221915081143388 10.223392874002455 6.0426809005439273 5.3945494927465925 6.4320222586393347 20.445195987820625 7.6861077249050123 4.1224669441580772 17.825649581849579
leaf_count=36 60 40 39 49 58 26 56 611 169 35 54 38 72 82 66 50 53 56 48 82 160 73 75 69 60 51 110 66 42 190
internal_value=-0.000440404 -0.00572458 0.01365 0.0135813 -0.00966241 -0.0145423 -0.00322554 -0.0166387 -0.00861156 0.00996343 0.010672 0.00469485 0.0116613 0.0177281 0.020841 0.00882453 -0.00167019 -0.00865629 0.0106912 -0.0102517 -0.013304 -0.0137972 0.00060241 -0.00572182 0.00207214 -0.00731661 0.0196026 -0.0222415 -0.0100013 -0.0110498
internal_weight=308.567 224.539 37.5117 84.0273 187.028 105.664 81.3642 101.538 42.7819 9.13593 76.7665 46.9017 25.877 20.4297 30.6528 14.7319 37.0897 23.8886 13.201 55.4872 48.0255 33.646 17.6776 19.3594 13.3167 34.4779 29.8648 58.7563 11.8086 28.0459
internal_count=2676 2157 195 519 1962 1209 753 1183 464 93 483 319 210 154 155 89 270 184 86 543 483 371 131 202 133 323 164 719 108 272
is_linear=0
shrinkage=0.03


Tree=37
num_leaves=31
num_cat=0
split_feature=1 3 5 3 3 3 7 1 9 9 9 5 2 9 9 2 3 9 2 9 3 9 2 5 5 9 1 1 1 9
split_gain=25.9591 21.5173 15.0503 11.6984 11.4419 11.4332 11.1258 11.0893 8.5529 7.34754 7.20475 7.02685 9.43274 5.17002 4.91061 3.88296 3.8257 3.77291 3.45989 3.01762 4.31182 2.73348 3.52178 2.89132 2.64424 2.35135 3.0984 1.89167 1.49158 1.30345
threshold=0.0010961646912619474 0.64096614718437206 316.54029846191412 2.5867866277694707 4.0206308364868173 0.71644878387451183 1.0000000180025095e-35 0.01664349623024464 0.2763346284627915 0.14454689621925357 -0.023557555861771103 322.85104370117193 14.500000000000002 0.263442873954773 -0.11536423489451407 8.5000000000000018 0.78250712156295787 0.02612062077969313 38.500000000000007 0.22904596477746966 0.38748431205749517 0.054459346458315856 9.5000000000000018 241.33645629882815 298.04627990722662 -0.01583845820277929 -0.031495653092861169 0.0057548873592168101 -0.042147278785705559 0.090407151728868498
decision_type=2 10 2 10 10 10 10 2 8 10 10 2 10 8 8 8 10 10 8 8 10 10 10 2 2 8 2 2 2 8
left_child=3 19 4 5 6 8 7 10 11 14 -3 12 17 -11 -9 -16 -4 28 25 20 -2 -12 -23 -24 -22 26 -7 -18 -1 -8
right_child=1 2 16 -5 -6 18 29 9 -10 13 21 -13 -14 -15 15 -17 27 -19 -20 -21 24 22 23 -25 -26 -27 -28 -29 -30 -31
leaf_value=0.02965137969695367 0.039362314441095704 0.018935990886478665 0.0069901629536309427 0.018792504742382761 0.034678473393523514 -0.021834644964213643 -0.0090002324851320946 0.027913866973459298 -0.030271901518497631 0.053491535188151515 -0.028682614056061363 0.024989102852354551 -0.023963710826943378 0.016173101242410205 -0.018839458217638595 0.012361989764747283 -0.0044019525905885613 -0.0048884551793987215 0.0094491662284235146 0.011721222416347862 0.006669007060684469 -0.017889817241281671 -0.006257917071042742 0.020448875068563872 0.028793268172954908 -0.025475643922185848 -0.0005205464180775616 -0.023073729039158841 0.0074859728736695512 -0.029395050568345852
leaf_weight=5.9139412939548484 20.680099949240685 9.997575685381884 5.9100965261459342 12.444062575697897 12.640485391020773 13.075706586241724 7.0052234381437284 6.4052582532167435 6.1435500644147387 7.433743439614771 4.5397739037871423 10.733784124255179 10.605569038540123 7.5965350940823555 5.8976766914129266 6.5167608559131631 7.0495665557682541 9.0590429045259935 3.0827807858586302 12.903452955186365 10.296086169779302 9.4704885706305522 7.9006218537688238 5.2822144031524658 9.7763942256569845 37.054222643375397 10.973757822066544 20.275207743048668 6.0145227462053361 5.8593486472964287
leaf_count=48 88 72 49 62 52 179 62 39 57 38 41 67 108 42 49 44 79 81 23 68 66 85 62 42 55 522 129 230 47 63
internal_value=0.00269222 0.00985673 0.00318072 -0.00780803 0.00916499 -0.0108858 0.00495817 0.00964253 0.000145554 0.0218034 -0.0017071 0.0051573 -0.00214055 0.0368157 0.00856133 -0.00276019 -0.0139632 0.00947562 -0.0190906 0.0256507 0.0296748 -0.00969902 -0.00484288 0.00513049 0.0182998 -0.0206594 -0.0125181 -0.018582 0.0199187 -0.0197395
internal_weight=308.538 183.437 129.781 125.101 96.5457 112.657 83.9052 71.0406 48.4704 33.85 37.1907 42.3269 31.5931 15.0303 18.8197 12.4144 33.2349 20.9875 64.1865 53.656 40.7526 27.1931 22.6533 13.1828 20.0725 61.1037 24.0495 27.3248 11.9285 12.8646
internal_count=2649 1326 1049 1323 691 1261 639 514 408 212 302 351 284 80 132 93 358 176 853 277 209 230 189 104 121 830 308 309 95 125
is_linear=0
shrinkage=0.03


Tree=38
num_leaves=31
num_cat=2
split_feature=1 3 3 7 14 1 6 6 1 3 8 7 5 3 8 8 9 10 6 1 9 9 5 6 5 1 8 6 9 6
split_gain=27.6305 21.8488 12.8771 11.4566 10.1584 19.3197 10.8565 9.37998 8.99904 9.48607 8.62758 7.52815 6.68909 6.50848 8.18376 5.66422 5.34143 5.09174 4.80445 6.38641 4.22669 6.50916 3.43447 3.2836 3.09537 2.67476 2.49075 4.62491 5.7869 2.44253
threshold=-0.0083915349096059782 0.40300585329532629 3.5634698867797856 1.0000000180025095e-35 0 0.012417792808264496 42.002428054809577 53.265357971191413 0.096224866807460799 1.729814946651459 -0.082737840712070451 7.5000000000000009 322.85104370117193 0.63022708892822277 0.10969203338027002 -0.14804514497518537 0.052356872707605369 1 18.001482009887699 -0.059760777279734605 -0.05742355249822139 -0.19462026655673978 294.05035400390631 51.139064788818366 234.58794403076175 0.0068218964152038106 0.069874908775091185 32.112770080566413 0.086089450865983977 50.913091659545906
decision_type=2 10 10 10 9 2 2 2 2 8 10 8 2 10 10 10 8 9 2 2 10 10 2 2 2 2 8 2 10 2
left_child=11 -2 3 4 5 10 8 -7 9 16 15 12 18 -8 -15 -3 20 25 19 -1 21 -6 -23 -5 -16 -18 27 28 -20 -12
right_child=1 2 -4 23 6 7 13 -9 -10 -11 29 -13 -14 14 24 -17 17 -19 26 -21 -22 22 -24 -25 -26 -27 -28 -29 -30 -31
leaf_value=-0.017714416208552724 0.026808358768306857 -0.00095535138030354593 0.026127666704188007 -0.024968669692676491 -0.028184682646282808 0.01315029503318728 0.008023998674758644 0.05559876697049787 0.034903924141848244 0.031820494408712437 -0.024792859438115097 0.021565660499674455 0.014844209038358354 -0.026424130748673339 0.021221239995039092 0.03474549836155344 0.0096068994006187226 0.027906140442563319 0.018666168787132061 0.022979960892326422 -0.02833407450049464 -0.0059890464902346355 0.028762349159889459 0.00060204663781736226 -0.011174158254781146 -0.021828914029180101 -0.030064701448733237 -0.023279108692461532 -0.025410765474393103 -0.0024671845253435866
leaf_weight=8.0823508910834772 35.988634079694748 8.5632288008928281 16.529551789164543 19.15934090316296 4.6580507196485952 9.5170028917491454 9.2562035992741567 10.077246099710463 7.081871733069419 6.2470845878124228 8.8361999504268187 4.0362057983875266 4.8668939210474482 30.12561970949173 4.4619559645652753 6.4208156913518897 3.9492493867874146 5.8058907538652402 5.8242830820381624 4.6253953352570525 9.6800156496465224 4.4120531156659144 4.284138523042202 5.7660538889467707 4.2774730436503887 3.9641978964209557 25.568252082914114 23.481715656816959 3.4180457629263401 8.4393205270171148
leaf_count=91 169 68 69 215 49 69 59 41 33 45 92 32 42 300 44 43 45 37 60 43 100 44 44 52 46 39 346 260 47 61
internal_value=0.000365255 0.00569856 0.001613 -0.000838058 0.00232888 0.0117054 -0.00351578 0.036621 0.00585909 0.000391092 -0.000554799 -0.0147025 -0.0168875 -0.0139091 -0.019203 0.0155595 -0.00565238 0.00877146 -0.0192386 -0.00230652 -0.0142508 -0.00277961 0.0123318 -0.0192583 0.00584615 -0.00682296 -0.0228286 -0.016451 0.00147596 -0.0146182
internal_weight=307.404 227.501 191.513 174.983 150.058 51.8538 98.2038 19.5942 50.0826 43.0007 32.2596 79.9031 75.8669 48.1213 38.865 14.984 36.7536 13.7193 71 12.7077 23.0343 13.3542 8.69619 24.9254 8.73943 7.91345 58.2923 32.724 9.24233 17.2755
internal_count=2685 1764 1595 1526 1259 374 885 110 436 403 264 921 889 449 390 111 358 121 847 134 237 137 88 267 90 84 713 367 107 153
cat_boundaries=0 1 2
cat_threshold=1041 4
is_linear=0
shrinkage=0.03


Tree=39
num_leaves=31
num_cat=3
split_feature=1 2 8 8 2 14 0 8 1 10 2 9 1 8 8 2 8 2 9 10 9 4 4 4 9 4 0 5 5 1
split_gain=23.716 9.43718 10.9202 10.7322 9.40044 13.3541 12.5146 10.6027 8.87219 8.03662 7.3058 5.84242 9.51297 7.93711 5.72985 6.82388 6.60639 6.32456 7.00498 4.84566 4.74939 4.00716 3.91265 3.34704 2.99487 2.77473 2.63041 2.22361 2.55944 2.03204
threshold=-0.0078207761980593187 11.500000000000002 0.15411201864480975 -0.021622797474265095 17.500000000000004 0 14.500000000000002 0.14661013334989551 0.013256099540740253 1 11.500000000000002 -0.23246189206838605 0.014561230782419445 0.039533829316496856 -0.01363668357953429 20.500000000000004 -0.045882649719715111 37.500000000000007 0.24617135524749759 2 -0.0070358298253267995 9.2426066800044298e-15 0.99999997019767772 1.0000000180025095e-35 -0.05742355249822139 0.0044196953531354674 12.500000000000002 316.01437377929693 243.76800537109378 0.0078605599701404589
decision_type=2 10 8 10 8 9 8 10 2 9 10 10 2 10 8 8 8 10 10 9 10 10 8 8 10 8 10 2 2 2
left_child=1 2 3 -1 5 26 -6 11 10 -8 -9 -7 19 25 16 -16 17 18 20 21 -11 -13 23 -5 -21 -14 29 28 -26 -2
right_child=4 -3 -4 22 6 7 9 8 -10 14 -12 12 13 -15 15 -17 -18 -19 -20 24 -22 -23 -24 -25 27 -27 -28 -29 -30 -31
leaf_value=-0.015265172615261046 0.013700118769949355 -0.024418416903896373 -0.026646755007113308 0.021484383483677361 0.038325103308955256 -0.032788197600733267 0.035380456352719095 -0.019145733344754893 0.033289021641454579 0.0070137632577886872 0.023391660128411061 -0.00079456100519807 0.0046293028466921019 -0.014624945625979617 0.011590614958146157 -0.027925666045803221 0.035097098210205381 0.026643656458649131 0.02423049114350118 0.014475987332004619 -0.023468057178948426 -0.028220480870410843 0.034368780009535541 -0.010877051290201467 -0.010516416014809416 0.025495336430791622 0.0065045346157451642 -0.015000927312714438 0.015801752004750647 0.036558937935848072
leaf_weight=11.770007357001306 7.2882145717740121 36.706683907657862 11.942065365612505 4.9825328923761854 14.508422069251536 6.8182144351303569 7.2052494809031487 8.2089232355356234 10.570291385054587 6.5440487489104298 5.0113206803798667 6.263407967984679 10.85977663844824 9.7532056383788568 5.9188399501144859 8.601602628827095 6.3578956834971896 6.8435329422354689 4.9985144287347785 5.0886039808392516 11.975983731448656 20.303144119679928 8.292455926537512 4.6690847054123887 6.2827082388103026 12.575774870812891 7.0574349910020819 17.900376603007317 5.1327888779342175 11.771918483078478
leaf_count=125 49 463 150 45 78 62 39 78 62 46 43 55 82 76 52 73 42 38 33 47 101 177 60 69 62 65 54 206 43 65
internal_value=0.000564423 -0.0135366 -0.0036 0.00622848 0.0055392 0.00123609 0.014302 -0.00327868 0.0140968 0.00779413 -0.00251028 -0.00779196 -0.00565642 0.00712972 0.00331203 -0.012109 0.00956944 0.00327524 -0.00433394 -0.0126191 -0.0128898 -0.0220178 0.0203884 0.00627774 -0.00494468 0.0164114 0.0170509 -0.008682 0.00163673 0.0289369
internal_weight=302.203 78.3628 41.6561 29.7141 223.84 150.886 72.9541 124.769 23.7905 58.4457 13.2202 100.978 94.1598 33.1888 51.2404 14.5204 36.72 30.3621 23.5185 60.971 18.52 26.5666 17.9441 9.65162 34.4045 23.4356 26.1176 29.3159 11.4155 19.0601
internal_count=2640 912 449 299 1728 1226 502 1058 183 424 121 875 813 223 385 125 260 218 180 590 147 232 174 114 358 147 168 311 105 114
cat_boundaries=0 1 2 3
cat_threshold=528 8 1
is_linear=0
shrinkage=0.03


Tree=40
num_leaves=31
num_cat=1
split_feature=1 6 1 9 1 2 7 10 6 6 9 7 8 8 6 1 6 1 6 6 5 5 0 1 6 2 7 2 9 6
split_gain=26.6137 14.0024 18.1415 12.6293 10.4471 10.2629 6.33257 5.30059 5.64984 5.58692 5.12254 5.05481 5.19522 4.81921 11.4482 7.30175 4.56578 4.23046 3.56338 5.96229 3.92166 3.4512 3.40953 5.84737 6.02042 3.1537 3.01892 2.78566 2.77228 2.28466
threshold=0.002485110424458981 53.265357971191413 0.047635944560170181 -0.26621013879775995 0.014561230782419445 37.500000000000007 -19.499999999999996 0 54.321058273315437 54.337057113647468 -0.01583845820277929 -1.0000000180025095e-35 0.20495289564132693 0.0055124771315604457 40.998418807983406 -0.059760777279734605 17.80491924285889 0.0063274018466472634 36.431882858276374 49.86413764953614 327.67012023925787 316.54029846191412 15.500000000000002 0.012417792808264496 38.472324371337898 18.500000000000004 3.5000000000000004 7.5000000000000009 0.19530879706144336 38.606920242309577
decision_type=2 2 2 10 2 10 10 9 2 2 8 8 10 10 2 2 2 2 2 2 2 2 8 2 2 8 10 10 10 2
left_child=6 2 5 -4 7 11 -1 9 -9 -3 13 12 17 14 15 -8 -15 -2 26 20 29 -18 28 24 -24 27 -12 -5 -13 -20
right_child=1 4 3 25 -6 -7 10 8 -10 -11 18 22 -14 16 -16 -17 21 -19 19 -21 -22 -23 23 -25 -26 -27 -28 -29 -30 -31
leaf_value=0.014913738086438196 0.016475905681685939 0.018081788486070307 -0.014515727726616736 0.030471361461755567 0.038664918097800455 0.026080375664819012 -0.0072412264492818668 0.0018754895170767021 0.037594983754242937 -0.016600860146998884 -0.026283770651591452 -0.025375723584208833 0.028616541289531887 0.010191839897627886 -0.019429479667355452 0.036539945105807367 -0.023790986626789232 -0.011329026015215836 0.024574801161011451 -0.019976711523682335 -0.016329163317353752 0.0078656472036671508 0.03151356208216638 -0.022380054363036261 -0.0079053733820147829 0.045598265884783204 0.00053964575238263715 0.0068776823863792814 -0.0073083309048490213 -0.00012879755994520443
leaf_weight=7.9894633144140235 5.9085511192679467 6.1308776289224634 6.6453693807125083 11.271397754549985 18.675496101379395 7.9641436934471121 4.6938827633857718 7.2230821773409852 8.2043884396553022 9.1285268887877447 31.103078674525023 20.55568428337574 4.6184720918536177 5.6849043779075172 8.7276375293731672 9.3565882891416567 17.31491627171636 16.342168040573597 5.695495370775463 21.476756267249584 5.4537905715405932 3.2240929231047621 5.1518280729651469 7.4413200430572024 7.3429804109036922 7.9927173033356658 4.2346503473818293 8.2719111889600736 13.520570263266562 6.7614900209009647
leaf_count=44 43 38 51 57 78 42 52 44 45 57 399 204 33 58 78 83 217 154 48 225 54 29 46 72 71 37 57 47 127 83
internal_value=0.000438055 0.00817573 0.0026976 0.020942 0.0215043 -0.00447649 -0.00967423 0.0101701 0.0220035 -0.00241111 -0.0113688 -0.00776709 0.00280367 -0.0037234 0.00623244 0.0224045 -0.0122823 -0.00355452 -0.016267 -0.00967764 0.00307527 -0.0186872 -0.012981 -0.00291389 0.00947858 0.029708 -0.023143 0.021306 -0.0186198 0.0121529
internal_weight=304.106 172.389 123.027 34.1814 49.3624 88.8457 131.717 30.6869 15.4275 15.2594 123.727 80.8816 26.8692 49.002 22.7781 14.0505 26.2239 22.2507 74.7253 39.3875 17.9108 20.539 54.0124 19.9361 12.4948 27.536 35.3377 19.5433 34.0763 12.457
internal_count=2673 1246 984 192 262 792 1427 184 89 95 1383 750 230 517 213 135 304 197 866 410 185 246 520 189 117 141 456 104 331 131
cat_boundaries=0 1
cat_threshold=1
is_linear=0
shrinkage=0.03


Tree=41
num_leaves=31
num_cat=2
split_feature=7 3 3 7 5 6 6 12 7 9 6 3 9 3 2 14 5 2 3 6 3 3 3 6 9 2 6 9 2 9
split_gain=14.2072 11.9759 12.5776 8.26402 7.57283 5.43449 6.53241 5.52518 8.0986 8.17739 7.97773 5.64207 4.63462 4.19573 12.1237 3.94382 6.56359 3.52746 3.41923 3.37859 3.17935 3.01165 2.99495 2.90769 3.72892 2.87732 2.62384 2.55866 4.28973 2.41581
threshold=-19.499999999999996 0.40300585329532629 2.5867866277694707 1.0000000180025095e-35 237.91407012939456 17.80491924285889 31.824123382568363 0 -1.0000000180025095e-35 0.22691270709037784 42.002428054809577 1.5077155232429507 0.081479489803314223 1.0116062760353091 8.5000000000000018 1 264.18087768554693 14.500000000000002 1.1024807691574099 36.431882858276374 1.0533673167228701 0.63632735610008251 0.24325837939977649 38.472324371337898 -0.10352222621440886 7.5000000000000009 32.598609924316413 -0.16271525621414182 15.500000000000002 0.054459346458315856
decision_type=8 10 10 10 2 2 2 1 8 8 2 10 10 10 10 9 2 8 10 2 8 10 10 2 8 10 2 8 10 8
left_child=-1 15 3 5 -4 20 21 10 17 12 11 19 -10 14 -5 22 -17 -9 29 25 -3 -7 -2 -21 -25 -8 -13 28 -27 -12
right_child=1 2 4 13 -6 6 7 8 9 -11 18 26 -14 -15 -16 16 -18 -19 -20 23 -22 -23 -24 24 -26 27 -28 -29 -30 -31
leaf_value=0.031782799293805231 0.036623257787551614 0.028859655356268277 -0.002009885564485728 0.028525692027541051 0.027222376781857772 0.0012524274870235304 0.0058109746012445975 -0.025901181334622232 0.013430537902893225 0.03505660450836192 0.0038100721416371658 -0.0006034593357572925 -0.012496411413332532 -0.027171040143025578 -0.022039723838021472 -0.023430769253280141 0.011073076759471168 0.0051301015186517012 -0.025563279311345541 0.021463962366208861 0.00042660104254839257 -0.028429884383051902 0.01469464325490398 0.01520488305092072 -0.021225752553581771 -0.022811327760809654 0.027887535944045767 -0.022748117023820982 0.012270677010673225 -0.014592546887634129
leaf_weight=12.3109163492918 11.559965342283251 6.5087750516831848 13.581104509532453 5.1939633749425438 17.889561988413334 3.9159822762012473 8.1683386601507681 6.9961197189986679 16.555570259690288 10.578258715569971 9.3109600432217103 4.264719929546116 8.6636144779622537 19.256012134253979 12.899238567799328 6.8059478029608753 12.633578434586523 5.1294741481542596 17.486556269228458 6.5086256936192504 6.7531387917697439 12.074280731379984 14.345846839249132 3.9186142012476921 4.250307232141493 4.4929341934621316 7.8794851005077362 12.818950738757851 6.3494927436113358 17.460902832448486
leaf_count=61 55 50 68 50 82 34 77 77 110 65 73 44 71 250 170 43 65 50 203 65 61 167 82 41 51 48 73 155 58 179
internal_value=0.00146734 9.56421e-05 -0.00250222 -0.00508267 0.0149339 -0.0023757 -0.00387439 -0.00187488 0.00585935 0.0141563 -0.00552998 0.00121982 0.00438687 -0.0177324 -0.00679029 0.0141018 -0.00104909 -0.0133833 -0.015526 -0.00361389 0.0154263 -0.0215149 0.018574 0.00794194 -0.00399772 -0.00902219 0.0185975 -0.0141709 -0.00296543 -0.00828558
internal_weight=306.561 294.25 248.905 217.434 31.4707 180.085 166.823 150.833 47.923 35.7974 102.91 58.6515 25.2192 37.3492 18.0932 45.3453 19.4395 12.1256 44.2584 46.5073 13.2619 15.9903 25.9058 14.6775 8.16892 31.8297 12.1442 23.6614 10.8424 26.7719
internal_count=2678 2617 2372 2222 150 1752 1641 1440 373 246 1067 612 181 470 220 245 108 127 455 495 111 201 137 157 92 338 117 261 106 252
cat_boundaries=0 1 2
cat_threshold=6 560
is_linear=0
shrinkage=0.03


Tree=42
num_leaves=31
num_cat=2
split_feature=1 3 3 3 5 7 5 3 14 14 1 9 4 1 1 7 1 5 1 9 9 3 9 0 9 1 9 9 9 0
split_gain=21.266 14.446 11.4662 11.454 10.0928 9.06711 6.88968 5.32161 4.95374 4.95116 7.16333 5.17845 5.15002 3.93339 3.99479 3.36681 3.35287 3.30153 3.27574 3.44181 4.74313 4.88422 2.76188 2.75133 2.52331 2.38722 2.24221 2.00353 1.98604 2.26699
threshold=0.0042029945179820069 4.9743113517761239 0.71644878387451183 0.62397068738937389 317.00840759277349 1.0000000180025095e-35 323.87078857421881 0.78250712156295787 0 1 0.011706571560353042 0.24617135524749759 1.7480461522723092e-13 0.029863170348107818 0.0092108468525111693 -1.4999999999999998 -0.17497552186250684 236.01342773437503 -0.081561144441366182 -0.014709395356476305 -0.0413575991988182 1.729814946651459 0.096550125628709807 11.500000000000002 0.14454689621925357 0.0072964129503816375 0.28838953375816351 0.17623112350702289 0.03061280865222216 15.500000000000002
decision_type=2 10 10 10 2 10 2 10 9 9 2 8 10 2 2 8 2 2 2 8 10 8 10 8 10 2 10 10 8 10
left_child=1 2 6 17 5 9 8 -6 -1 10 12 13 -5 14 -11 -10 -4 -2 -18 20 21 -20 -16 -8 -12 -9 -13 -21 29 -17
right_child=3 -3 16 4 7 -7 23 25 15 11 24 26 -14 -15 22 28 18 -19 19 27 -22 -23 -24 -25 -26 -27 -28 -29 -30 -31
leaf_value=0.0074595350165543089 0.0088257387266130714 0.029261713593620509 0.0096303770962496375 0.02071303535176048 0.014548057465585788 -0.014351329653321082 0.028185194937747158 0.0023585525495675727 0.0030702914273179104 0.016509624693053799 0.019875307980372649 -0.027262390776046454 -0.016337834855786534 0.021997392614615641 -0.023255428777315134 0.004870767305369287 -0.030614824248329574 0.026992830464956111 -0.018857925778983237 -0.025740702602056392 0.022407478341868296 0.012648980810420006 0.0053232251848705078 0.0026413865087487275 0.04267968591197846 -0.022287180078838176 -0.00099377903238369921 -0.011229782294442244 -0.028572771171762559 -0.02221778043281844
leaf_weight=13.837602309882639 14.330111116170881 8.4633543491363508 3.7098540142178527 6.5417086780071241 4.8643148317933109 12.15463315322995 8.5855647772550547 4.1115526147186783 7.351186528801918 6.7918822169303956 11.068995185196401 5.1074532493948919 5.1559722721576691 11.137039251625536 6.0127086751162988 5.0457750633358973 13.933054532855747 31.196068413555622 15.886589396744972 21.896106071770191 3.7094646766781798 5.2126457504928103 4.8310909643769264 6.6563980877399453 12.693862944841383 18.28207191824913 5.7623191624879837 17.89884952455759 10.720082543790342 4.4868920631706715
leaf_count=115 71 37 38 40 39 112 50 48 54 55 62 45 40 63 50 42 211 152 198 287 32 46 34 48 63 214 46 235 114 50
internal_value=0.00148061 -0.00671762 -0.00910286 0.00902574 0.0038883 0.00885511 0.00128248 -0.0117621 -0.00509917 0.0127501 0.01894 0.00178421 0.00438162 0.0088531 -0.000182568 -0.0104055 -0.0161898 0.021587 -0.0175152 -0.0142664 -0.00520503 -0.0108539 -0.0111487 0.0178793 0.0332888 -0.0178547 -0.0145937 -0.0196493 -0.0201072 -0.00877831
internal_weight=307.435 147.393 138.93 160.042 114.516 87.2577 56.6835 27.2579 41.4415 75.103 35.4605 39.6425 11.6977 28.7727 17.6357 27.6039 82.2466 45.5262 78.5367 64.6037 24.8087 21.0992 10.8438 15.242 23.7629 22.3936 10.8698 39.795 20.2527 9.53267
internal_count=2691 1557 1520 1134 911 610 473 301 375 498 205 293 80 202 139 260 1047 223 1009 798 276 244 84 98 125 262 91 522 206 92
cat_boundaries=0 1 2
cat_threshold=592 1553
is_linear=0
shrinkage=0.03


Tree=43
num_leaves=31
num_cat=2
split_feature=3 3 7 7 5 7 3 6 6 10 0 9 6 6 9 9 6 5 9 9 3 2 6 3 9 9 2 9 10 9
split_gain=19.3236 19.5038 10.4693 8.47762 8.30023 4.24122 4.83211 3.79239 5.63881 4.84441 4.20112 3.97731 3.98231 4.04886 3.57021 3.998 5.30253 4.53102 3.46833 7.13022 3.23087 3.11048 2.78158 2.63419 2.43294 4.96103 2.35179 1.86914 2.83773 1.46344
threshold=3.5634698867797856 0.61347514390945446 -19.499999999999996 -7.4999999999999991 238.50086212158206 1.0000000180025095e-35 2.1271444559097294 48.209159851074226 18.338701248168949 0 7.5000000000000009 0.13734652847051623 33.418319702148445 32.142530441284187 -0.26621013879775995 0.17581176012754443 32.320522308349616 317.00840759277349 -0.013741764239966868 -0.029195302166044709 0.87936514616012584 14.500000000000002 37.028730392456062 1.4449146389961245 0.052356872707605369 0.080326158553361907 6.5000000000000009 -0.01583845820277929 1 0.052356872707605369
decision_type=8 10 10 8 2 10 10 2 2 9 10 8 2 2 8 10 2 2 8 10 10 8 2 10 10 10 10 8 9 10
left_child=1 3 -3 -1 -2 6 14 8 -5 29 -11 12 13 -10 -4 18 26 20 19 -16 -18 22 -22 -24 -20 -26 -17 28 -7 -9
right_child=4 2 5 7 -6 27 -8 9 11 10 -12 -13 -14 -15 15 16 17 -19 24 -21 21 -23 23 -25 25 -27 -28 -29 -30 -31
leaf_value=0.036105726087367292 0.0046934948478310834 0.016056884029161524 0.011256083880703097 0.020562574801586481 0.042344972285449617 -0.023638362377517829 0.0082718187697874545 0.0079146283976415238 0.0091701382060619448 0.0038316851969169338 0.033498126102406413 -0.0180319660203681 0.019871358587810622 -0.020620246310898468 -0.012686217396270306 0.0012958576065157305 -0.0074227053911430294 -0.017653882251834493 -0.028275168367276345 0.026041835110649569 0.022035054757730953 0.033357702291001649 0.0093202059935451297 -0.021277167919625032 0.0083421071518712565 -0.021237188876270709 -0.029192897809925459 -0.025380692763955704 0.0046484264918705944 -0.0094354066311224775
leaf_weight=7.9867318570613861 9.7680757939815539 13.363467469811438 5.9281494207680225 7.950112707912921 11.197305053472517 5.1464101187884808 13.502642586827276 8.7956750839948636 7.0444110035896319 7.127038903534415 11.032556004822252 13.737087063491343 6.6144902855157843 7.5818475559353828 33.180045951157808 2.986998572945593 7.7308605872094658 6.9333576783537856 20.656975459307432 3.9450784027576438 4.9899864122271564 4.7856217622756949 4.8991241641342622 3.4927388615906239 6.4260701611638096 17.470325462520123 7.583641666918993 21.73165225982666 6.0773058123886567 6.9075918719172487
leaf_count=38 44 76 59 47 46 62 92 54 49 43 60 103 42 67 358 28 72 94 245 34 39 35 52 41 65 213 114 288 68 43
internal_value=-0.00127401 -0.00342053 -0.0087273 0.00848726 0.0258149 -0.0106731 -0.00835298 0.00518755 -0.00076449 0.0125384 0.0226627 -0.00604872 0.00216354 -0.00660372 -0.0101161 -0.0112103 -0.00373636 0.00235022 -0.0150886 -0.00799569 0.00816283 0.0148362 0.0063537 -0.00432414 -0.0206936 -0.0132673 -0.0212101 -0.0203013 -0.00919465 0.000174683
internal_weight=296.573 275.608 190.83 84.7775 20.9654 177.467 144.512 76.7908 42.9279 33.8629 18.1596 34.9778 21.2407 14.6263 131.009 125.081 43.4023 32.8317 81.6785 37.1251 25.8983 18.1675 13.3818 8.39186 44.5534 23.8964 10.5706 32.9554 11.2237 15.7033
internal_count=2671 2581 2035 546 90 1959 1541 508 308 200 103 261 158 116 1449 1390 475 333 915 392 239 167 132 93 523 278 142 418 130 97
cat_boundaries=0 1 2
cat_threshold=1 4
is_linear=0
shrinkage=0.03


Tree=44
num_leaves=31
num_cat=2
split_feature=1 3 3 1 6 3 3 12 7 9 0 9 9 6 10 1 3 1 1 3 3 8 6 1 8 1 6 3 9 0
split_gain=31.8198 14.486 14.8551 9.53644 9.46612 6.38391 7.67581 5.91957 5.45173 5.64622 6.7939 5.16752 7.83205 3.68794 7.40693 6.42373 3.81951 3.6625 3.47103 3.29221 2.7242 2.60746 3.18041 3.11671 2.51664 3.59049 2.3349 2.3138 2.25599 2.16586
threshold=0.00090630701743066322 0.62397068738937389 2.2621635198593144 0.025003143586218361 51.104207992553718 5.4778480529785165 0.71644878387451183 0 -1.4999999999999998 0.03061280865222216 15.500000000000002 0.14454689621925357 -0.029195302166044709 52.496175765991218 1 0.057946631684899337 0.40300585329532629 0.012158233672380449 0.0093428925611078757 2.7024371623992924 1.1832403540611269 0.077604454010725035 37.135625839233406 0.0044820699840784082 -0.066117975860834108 -0.0064350664615631095 48.209159851074226 1.0533673167228701 -0.26621013879775995 11.500000000000002
decision_type=2 10 10 2 2 8 10 1 8 8 8 10 8 2 9 2 10 2 2 10 10 10 2 2 8 2 2 10 8 10
left_child=5 13 3 4 21 6 8 20 -1 10 -10 12 -5 15 -15 16 -2 -9 -4 24 -6 22 -3 -23 25 -8 -11 -25 -26 -20
right_child=1 2 18 11 7 -7 19 17 9 26 -12 -13 -14 14 -16 -17 -18 -19 29 -21 -22 23 -24 27 28 -27 -28 -29 -30 -31
leaf_value=0.013042316419932217 0.016746130033950063 -0.0081055704920652005 0.037487148235811979 0.019407598673677095 -0.00107199088384135 0.02155774063315356 -0.021192355474274196 0.0067019265951816535 0.017174975436016315 -0.028877073517457729 -0.020364593527343908 0.024387900103180014 -0.023002187464887466 0.013842105783002356 0.049465419953881075 0.034278063238891564 -0.007855667305119985 0.034740062519481738 0.0016946608970235528 -0.00021083660412084086 -0.026188456563064972 0.013256610134371722 -0.030758472092574048 0.0019511241896061399 0.0014120481402382485 0.0042343578724237671 -0.007069815830771777 -0.023388270595183492 -0.027116660413668506 0.022778629290071045
leaf_weight=12.639419429004191 10.339320018887525 9.7698878422379511 8.9494077041745204 7.2429198175668716 8.5162167698144895 4.2885779291391364 11.765401046723129 9.9869619980454463 10.782353073358538 10.501356527209284 5.8889842927455893 14.570201672613619 6.472590774297716 12.313222654163837 9.8760237395763397 8.7959017083048803 10.511251524090765 7.0822094306349745 7.9061717465519932 7.6029215529561034 6.2902800068259248 4.2072890736162689 15.687989320605991 4.8919568099081499 2.5579809993505478 7.7440108917653552 8.541005425155161 7.8493191376328468 38.977406874299049 9.3536978438496572
leaf_count=81 47 111 43 50 69 19 145 72 80 111 66 83 60 57 43 39 77 35 43 39 59 48 220 51 32 85 73 87 614 45
internal_value=0.000711569 0.008675 0.00322072 -0.00198841 -0.00762131 -0.0111208 -0.0124911 0.00466265 -0.00323422 -0.00919298 0.00351248 0.0125595 -0.000809395 0.0219078 0.0311468 0.0142021 0.00455188 0.0126263 0.0229301 -0.0188714 -0.00779348 -0.0167495 -0.0227 -0.00704476 -0.0211546 -0.0113852 -0.0199367 -0.0142253 -0.0253678 0.0137425
internal_weight=301.902 180.613 128.777 102.568 74.2821 121.289 117.001 31.8757 48.3531 35.7137 16.6713 28.2857 13.7155 51.8357 22.1892 29.6465 20.8506 17.0692 26.2093 68.6477 14.8065 42.4064 25.4579 16.9486 61.0448 19.5094 19.0424 12.7413 41.5354 17.2599
internal_count=2684 1339 1076 945 752 1345 1326 235 411 330 146 193 110 263 100 163 124 107 131 915 128 517 331 186 876 230 184 138 646 88
cat_boundaries=0 1 2
cat_threshold=2 1
is_linear=0
shrinkage=0.03


Tree=45
num_leaves=31
num_cat=0
split_feature=1 3 3 6 9 6 3 2 3 3 5 6 6 3 0 8 1 8 1 9 2 5 9 3 5 3 8 6 3 1
split_gain=26.5008 13.9533 17.9607 8.14287 9.77552 5.64156 5.21475 7.64083 5.05524 5.75271 6.03397 4.12728 3.57558 5.43127 3.24905 3.07204 3.48638 3.12215 2.97051 2.58974 3.60495 2.57878 2.53058 6.00076 2.29912 2.0784 1.74478 1.71289 1.45078 1.19347
threshold=0.00090630701743066322 0.62397068738937389 3.1364108324050908 18.338701248168949 -0.11536423489451407 55.611980438232429 1.6894196867942812 9.5000000000000018 4.9743113517761239 0.66135850548744213 323.87078857421881 32.263656616210945 52.976987838745124 0.39261625707149511 9.5000000000000018 -0.064388535916805253 -0.21100931614637372 -0.086042959243059144 -0.0073417301755398503 0.42050254344940191 19.500000000000004 268.11334228515631 -0.079580351710319505 1.729814946651459 317.70008850097662 1.0533673167228701 0.13605728000402453 41.137786865234382 0.52640751004219066 0.0057548873592168101
decision_type=2 10 10 2 8 2 10 10 10 10 2 2 2 10 10 8 2 10 2 10 8 2 8 10 2 10 10 2 8 2
left_child=8 12 3 -3 27 6 19 -8 9 10 11 14 13 -2 -1 17 -17 25 -13 20 26 -9 23 -18 -22 -11 29 -5 -15 -6
right_child=1 2 -4 4 5 -7 7 21 -10 15 -12 18 -14 28 -16 16 22 -19 -20 -21 24 -23 -24 -25 -26 -27 -28 -29 -30 -31
leaf_value=0.014066279814669382 0.022938992737721261 0.028100553074012609 0.027613508401254094 0.0048805063633864422 -0.011588009986773935 0.019562344213343952 -0.019411800314646122 0.028572515048006675 0.016375607293626752 0.00034372093002412254 0.015247343500674583 -0.028751833017811427 0.027905277678650295 -0.012549540075203222 -0.013066593026770493 0.0094199909334623053 -0.022836944208599174 0.013437385748096798 -0.0049677345336069023 0.006849131679223147 -0.011529054964475585 0.0026532836388546495 -0.029180354941370706 0.018327163925881688 0.011438436532515155 -0.021069328716740245 -0.0074115436198594472 0.024145256419910808 0.0061473288122193036 -0.027523208980076964
leaf_weight=7.8773252815008146 15.828384302556517 5.974953480064868 18.770750820636749 8.8006485290825385 7.5008371248841277 4.8361055329442015 8.5457070171833056 5.8447580449283105 4.718040168285369 6.1906243823468747 9.9627867937087995 10.833654265850781 23.845837086439133 5.9564024582505199 6.2055161632597446 2.4364073090255252 11.526986308395861 3.9941086396574965 8.6962218508124369 3.8658896759152404 12.434158556163313 7.4359338507056236 31.055603753775358 3.4406635724008074 4.6306623369455329 10.786408152431248 7.6360120661556712 8.1229760833084566 7.1531685665249833 27.132121082395315
leaf_count=54 68 32 78 68 95 29 82 39 21 74 61 117 109 39 64 26 169 37 68 34 96 72 486 32 42 124 75 53 50 299
internal_value=-0.000588268 0.00650296 0.00122931 -0.00336687 -0.00537193 -0.00932321 -0.0111745 0.0014306 -0.0116519 -0.0129555 -0.00427443 -0.010334 0.0193772 0.0116523 0.00203671 -0.0182657 -0.0223964 -0.00813578 -0.0189191 -0.0154822 -0.0170266 0.0152622 -0.0242452 -0.0128193 -0.00500847 -0.0136763 -0.0216506 0.0149584 -0.00263505 -0.024494
internal_weight=302.04 184.315 131.532 112.761 106.786 89.8622 85.0261 21.8264 117.724 113.006 43.5755 33.6127 52.7838 28.938 14.0828 69.4308 48.4597 20.9711 19.5299 63.1997 59.3338 13.2807 46.0233 14.9676 17.0648 16.977 42.269 16.9236 13.1096 34.633
internal_count=2693 1360 1094 1016 984 863 834 193 1333 1312 364 303 266 157 118 948 713 235 185 641 607 111 687 201 138 198 469 121 89 394
is_linear=0
shrinkage=0.03


Tree=46
num_leaves=31
num_cat=1
split_feature=1 3 3 6 1 9 0 3 1 5 8 9 4 0 8 6 1 0 4 14 6 1 5 8 1 1 8 8 1 6
split_gain=19.7015 13.5124 10.5774 8.98402 10.7841 9.26908 8.25095 7.12736 5.94409 5.76172 5.56344 5.47812 8.35799 6.27225 4.93252 4.92111 3.90629 5.55069 4.15986 3.8944 4.2529 4.69635 3.70417 3.47031 3.44746 3.25235 2.91332 2.36907 2.25496 1.94297
threshold=0.0042029945179820069 2.7024371623992924 0.71644878387451183 52.946125030517585 0.027807219885289673 -0.27988724410533899 22.500000000000004 2.7785327434539799 0.0099341254681348818 322.85104370117193 -0.079479575157165513 0.28838953375816351 0.97761115431785595 24.500000000000004 0.11999552696943284 41.603979110717781 0.070295058190822615 11.500000000000002 0.0051863586995750674 0 32.263656616210945 -0.035899883136153214 282.62524414062506 -0.10309573262929915 0.0073604967910796413 0.0064637907780706891 -0.29463022947311396 -0.128603920340538 -0.0035810554400086399 33.418319702148445
decision_type=2 10 10 2 2 10 10 10 2 2 8 10 10 8 10 2 2 10 8 9 2 2 2 10 2 2 10 10 2 2
left_child=1 2 9 4 7 -6 8 11 24 19 23 13 -13 14 25 -11 17 -7 -18 28 21 -21 -16 26 -5 -2 -4 -10 -1 -28
right_child=3 -3 10 6 5 16 -8 -9 27 15 -12 12 -14 -15 22 -17 18 -19 -20 20 -22 -23 -24 -25 -26 -27 29 -29 -30 -31
leaf_value=0.00030612449589188139 -0.0044618548299862251 0.019829574372037688 0.0085598576391667253 0.019745949230535961 -0.019599893768455317 -0.0087804619017833041 -0.0079830828650386005 0.020275354338667173 0.018298666104586126 0.032980044895098488 -0.023236075520008538 -0.014339333320338871 0.037138638716218843 0.012289482487447739 -0.016360330065852566 -0.001658764175742922 0.014196975463603876 0.02388110855586259 0.041466191811702066 0.020711397064513797 -0.022121364950797924 -0.017757962174668847 0.014719301836775413 0.019046217628376105 -0.0078254344959146158 -0.031126742699896764 -0.0019811821865194754 0.039760484143301432 0.024171853621065213 -0.026105564701495096
leaf_weight=9.0572996959090215 5.6178612634539631 13.933020055294035 4.7089514620602175 8.4365814775228483 5.5611567348241797 8.5790152847766894 8.2758252918720228 7.6945095360279074 10.362495645880697 6.3896553292870504 50.588164057582617 5.1443781889975053 4.4139371365308762 6.4692444279789916 6.4325354471802694 7.1938708648085594 12.614319413900377 8.3699457794427854 9.7222741618752462 4.8860799930989742 18.344322115182877 4.5597626790404338 5.4574110880494118 3.5754894688725463 6.4461301043629637 19.478815469890833 4.8930222429335117 16.03198312222958 4.9019736945629111 7.5839241072535515
leaf_count=79 52 65 49 53 44 56 50 33 47 37 777 52 31 58 53 49 64 56 44 40 186 44 55 39 43 243 63 82 35 92
internal_value=0.000823601 -0.00728186 -0.0103956 0.00817129 0.00315773 0.0141548 0.0185772 -0.00506378 0.0239653 -0.000512738 -0.017947 -0.0090488 0.0106987 -0.0135353 -0.0182569 0.0157794 0.019301 0.00778076 0.0273345 -0.00605864 -0.0104342 0.00221896 -0.00205976 -0.0045838 0.00806317 -0.0255575 -0.0102769 0.0323101 0.00583913 -0.0174938
internal_weight=295.724 140.616 126.683 155.108 105.555 44.8467 49.553 60.7087 41.2772 55.333 71.3496 53.0142 9.55832 43.4559 36.9866 13.5835 39.2856 16.949 22.3366 41.7494 27.7902 9.44584 11.8899 20.7614 14.8827 25.0967 17.1859 26.3945 13.9593 12.4769
internal_count=2671 1555 1490 1116 841 264 275 577 225 470 1020 544 83 461 403 86 220 112 108 384 270 84 108 243 96 295 204 129 114 155
cat_boundaries=0 1
cat_threshold=592
is_linear=0
shrinkage=0.03


Tree=47
num_leaves=31
num_cat=4
split_feature=1 14 7 9 14 6 6 7 6 8 2 9 9 2 7 1 1 2 1 1 10 9 1 10 6 6 4 1 0 1
split_gain=21.7459 9.61899 9.09581 8.27267 6.92082 13.217 9.90959 8.88089 8.64558 7.4168 7.51716 6.82943 13.0733 6.31292 5.61853 4.88657 8.93863 8.54655 3.94904 8.4113 3.73072 3.50046 4.9149 5.61395 3.47635 3.47019 4.20861 5.35681 5.79663 3.08579
threshold=0.0042029945179820069 0 1.0000000180025095e-35 0.024030849337577823 1 51.104207992553718 24.522839546203617 -4.4999999999999991 38.938272476196296 0.14661013334989551 18.500000000000004 -0.014709395356476305 -0.029195302166044709 21.500000000000004 -2.4999999999999996 0.047635944560170181 0.0077926099766045817 7.5000000000000009 -0.00063625432085245837 -0.0042248512618243686 2 -0.079580351710319505 -0.045972457155585282 3 32.081161499023445 32.340337753295906 1.0000000180025095e-35 -0.0070486771874129764 12.500000000000002 0.010312102269381286
decision_type=2 9 10 10 9 2 2 8 2 10 10 8 8 8 8 2 2 10 2 2 9 10 2 9 2 2 10 2 10 2
left_child=1 11 4 13 8 6 -6 -8 15 10 -10 12 18 -3 -5 16 -2 -18 19 21 -16 22 -1 -24 -4 -13 -27 28 -28 -7
right_child=2 3 24 14 5 29 7 -9 9 -11 -12 25 -14 -15 20 -17 17 -19 -20 -21 -22 -23 23 -25 -26 26 27 -29 -30 -31
leaf_value=-0.016210013907126997 0.033191778993479353 0.0081016986648009721 0.0078901220121398771 0.04591780402591715 0.029689111503777659 0.020026604795032456 0.021392371739267547 -0.014135292818269338 -0.021009411198789001 0.024381404666782708 0.01480593565899465 -0.026169651912766073 0.044067343994880798 -0.032100072382390606 -0.0087088775014111004 0.025690479820298432 0.017161412010187685 -0.031109985965487311 -0.029884669261032962 0.032847992864880694 0.020904092732970919 -0.028832012353687833 0.02425595068692548 -0.016295033683600003 -0.017076046156097365 0.0060786165044007714 0.019698286557275825 -0.025188492483653853 -0.025191290832939989 0.041181692296913659
leaf_weight=12.759385544806721 4.7956400960683885 7.3669104650616655 6.8233800269663361 4.7897351011633873 11.504110425710676 13.622061200439928 8.4285042881965619 18.330766342580322 22.751621477305893 4.6420821025967589 6.0013387575745574 26.268500059843063 3.8800527751445761 5.2265362739562997 5.4621367864310724 15.320581056177614 4.7756876647472364 7.0100371316075325 5.2605649270117274 3.9059357829391983 9.0576800368726271 5.6380572840571395 7.3957498967647552 3.9844890944659692 13.996094599366186 8.8415754325687868 5.6251424923539179 20.001487668603659 3.2563932128250599 20.101079754531384
leaf_count=168 40 62 50 25 52 69 52 159 223 36 37 362 29 36 68 75 35 71 46 35 70 74 75 41 137 98 63 242 49 88
internal_value=0.00166636 -0.00697581 0.00924523 0.00670663 0.0120426 0.0176112 0.00763276 -0.00257744 0.00267106 -0.00749481 -0.0132876 -0.0107149 -0.00234796 -0.00971689 0.0206711 0.0140289 0.00240564 -0.0117376 -0.00795982 -0.00377278 0.00992078 -0.00948752 -0.00400226 0.0098887 -0.00890702 -0.0178404 -0.0115145 -0.0169232 0.0023559 0.0334592
internal_weight=296.823 138.72 158.103 31.903 137.284 71.9865 38.2634 26.7593 65.297 33.395 28.753 106.817 42.8242 12.5934 19.3096 31.9019 16.5814 11.7857 38.9442 33.6836 14.5198 29.7777 24.1396 11.3802 20.8195 63.9931 37.7246 28.883 8.88154 33.7231
internal_count=2667 1543 1124 261 937 420 263 211 517 296 260 1282 468 98 163 221 146 106 439 393 138 358 284 116 187 814 452 354 112 157
cat_boundaries=0 1 2 3 4
cat_threshold=865 230 1 4
is_linear=0
shrinkage=0.03


Tree=48
num_leaves=31
num_cat=1
split_feature=1 3 3 7 2 8 6 8 8 5 7 14 1 9 7 8 8 4 5 6 6 5 6 1 1 6 3 9 3 4
split_gain=19.7354 16.1917 16.7986 11.6707 9.35216 10.8123 9.45565 6.37508 9.8464 5.66462 12.7859 8.1386 11.5232 13.027 11.3076 8.31162 5.84585 4.86616 4.75237 3.88569 3.73515 2.97864 2.75985 2.72996 4.42373 2.40449 2.37999 2.21981 1.90116 2.27896
threshold=-0.0083915349096059782 4.0206308364868173 0.39261625707149511 1.0000000180025095e-35 11.500000000000002 0.15411201864480975 52.684926986694343 -0.021622797474265095 0.069874908775091185 313.59620666503912 -5.4999999999999991 0 0.0099341254681348818 0.34653645753860479 -1.0000000180025095e-35 -0.0075649656355381003 0.074853096157312407 0.37931644916534429 330.06645202636724 18.496431350708011 52.908308029174812 247.18411254882815 50.610525131225593 -0.020789129659533497 -0.015777376480400559 52.976987838745124 1.2277635335922243 0.13450501114130023 1.7627676725387575 0.99084958434104931
decision_type=2 8 10 10 10 8 2 10 8 2 8 9 2 8 8 10 10 10 2 2 2 2 2 2 2 2 8 8 10 10
left_child=4 2 21 9 5 6 7 -1 -9 11 -11 12 15 14 -14 17 25 -4 28 -10 -5 -2 -17 -6 -25 -13 -18 -23 29 -12
right_child=1 -3 3 20 23 -7 -8 8 19 10 18 16 13 -15 -16 22 26 -19 -20 -21 -22 27 -24 24 -26 -27 -28 -29 -30 -31
leaf_value=-0.0063496359822510784 0.0092069538473760672 0.032945111414293869 0.024126881037115393 -0.02540269476098974 -0.030583294509612006 -0.027798539148854183 -0.028103326264779578 0.052881019098667791 0.023351821208704982 0.024019129839668023 -0.026140899897497037 -0.02890485548000582 0.0030038416564995957 -0.011580326372196519 0.042168798168531529 -0.030544937075176685 0.016275705738564218 -0.0056593783886692778 0.01620464202459334 -0.013109472569002932 0.0070792969062731673 0.037407390662960512 -0.0008873753794382982 0.01231518884812996 -0.025272313404611075 -0.0059536330170101622 -0.0080696249100078582 0.014816331076153273 0.0035843931722792282 -0.01022781885625109
leaf_weight=7.6251355223357704 12.164973720908163 16.061718359589577 9.8496543020010048 19.706755775958303 22.491531573235989 10.15205507352948 4.6185393407940856 5.9983784705400467 3.9791193976998347 9.4081308133900148 16.712087828665972 9.3522942289710098 9.481655474752186 7.4974604472517958 22.428133569657806 7.3690552525222284 7.8243541121482822 8.4837349355220777 3.7497103363275519 4.636759340763092 3.3182284608483306 11.60500939935446 4.3546244241297245 3.9955057501792908 5.83642655238509 7.8785646669566622 5.3172316960990438 8.6836485862731916 3.6668187938630572 18.910364616662264
leaf_count=84 59 67 79 236 346 146 52 56 34 68 224 88 71 60 106 85 58 70 37 59 32 55 40 45 68 59 43 39 39 163
internal_value=0.000507461 0.00484464 0.00252484 -0.00118606 -0.0133638 -0.00289974 0.00717181 0.0153916 0.0264155 0.00186793 -0.00604261 0.00604228 0.0107965 0.0227934 0.0309762 -0.0016836 -0.00627099 0.0107636 -0.0130102 0.00440694 -0.0206218 0.0220068 -0.0204645 -0.0248984 -0.0102707 -0.0193129 0.00655124 0.0288885 -0.0161314 -0.0182033
internal_weight=293.158 223.824 207.762 175.309 69.3335 37.01 26.8579 22.2394 14.6143 152.284 52.4471 99.8368 69.4643 39.4072 31.9098 30.0571 30.3724 18.3334 43.039 8.61588 23.025 32.4536 11.7237 32.3235 9.83193 17.2309 13.1416 20.2887 39.2893 35.6225
internal_count=2668 1778 1711 1558 890 431 285 233 149 1290 531 759 511 237 177 274 248 149 463 93 268 153 125 459 113 147 101 94 426 387
cat_boundaries=0 1
cat_threshold=1073
is_linear=0
shrinkage=0.03


Tree=49
num_leaves=31
num_cat=1
split_feature=1 7 14 9 1 7 0 1 8 1 9 9 4 9 7 8 5 0 1 9 4 1 9 5 9 1 9 8 8 5
split_gain=14.2582 12.27 9.56199 11.8662 11.9366 8.45495 7.61917 7.01865 9.30203 5.89259 5.62761 5.96163 4.53352 4.48905 4.09868 4.83706 3.54604 3.78026 2.98269 2.87004 5.83048 2.63683 2.63374 2.61354 2.35623 1.8824 2.30752 1.73469 1.70486 1.69609
threshold=-0.0064350664615631095 1.0000000180025095e-35 0 0.24617135524749759 0.096224866807460799 7.5000000000000009 10.500000000000002 0.0077926099766045817 -0.093571562319993959 -0.079186607152223573 -0.01583845820277929 -0.10352222621440886 0.99999985098838817 -0.15199343115091321 -16.999999999999996 0.11531557887792589 318.00239562988287 10.500000000000002 -0.00052209419663995494 0.17623112350702289 0.15202381461858752 0.027048617601394657 0.26787450909614569 316.84051513671881 -0.20218552649021146 0.052062802016735084 -0.021279271692037579 -0.070510722696781145 -0.2678848654031753 325.35758972167974
decision_type=2 10 9 8 2 8 10 2 10 2 8 10 10 10 8 10 2 10 2 8 8 2 10 2 8 2 8 10 10 2
left_child=5 2 3 4 14 6 9 8 28 -1 11 -11 25 -10 -2 18 17 -17 -16 20 27 29 -21 -12 -8 26 -3 -9 -4 -20
right_child=1 12 7 -5 -6 -7 24 19 13 10 23 -13 -14 -15 15 16 -18 -19 21 22 -22 -23 -24 -25 -26 -27 -28 -29 -30 -31
leaf_value=-0.021477365481462347 0.025918731093499278 -0.0047046025255987854 0.032568056982313888 -0.018696767609810604 0.037572351503461776 0.024917607181612247 -0.0043241670645070389 0.020917691424155792 0.014743769533763197 -0.0040636306501713008 -0.012896610188400459 0.04010155377320964 0.0056347771364797482 -0.015959056806036442 0.010731901563972709 -0.011337904262635205 0.02989755710160566 0.019566985685324126 -0.017370655787706468 0.0015245375493374042 0.037105497374008402 0.0042396133773344551 0.022302117640670555 0.013344546229841136 -0.026980139354754743 -0.00028250521634189986 -0.030260578421076441 0.00038534765854748382 0.010971539523106229 0.00084683766201577219
leaf_weight=10.858019120991228 4.561468169093132 4.6427475400269032 6.423571065068244 22.544778231531382 8.271658927202223 4.6868316456675521 5.3158783726394176 6.6448081433773041 4.8566472828388241 4.6524039581418037 13.010230924934154 5.1838871240615827 7.7562889233231536 16.042769983410835 6.9703657552599898 7.1795171089470404 5.4469073899090281 5.3263586238026619 23.024151168763641 11.100640259683134 19.907797664403915 9.0010059885680658 10.179386224597691 3.6272344365715972 27.957671962678432 3.5527798011898986 13.096442371606836 7.2569700703024846 8.8082673996686918 5.577095251530408
leaf_count=141 24 42 42 215 35 39 71 39 32 46 156 44 60 143 76 52 50 40 227 67 100 63 54 30 422 24 170 55 55 54
internal_value=0.000482689 0.00436928 0.00716735 -7.08794e-05 0.00566397 -0.0106891 -0.0133676 0.0134063 0.00440991 -0.0038767 0.00386107 0.0207649 -0.0134803 -0.00847682 0.00123569 -0.000944693 0.0118081 0.00229894 -0.0062276 0.0215131 0.0269721 -0.00956797 0.0120185 -0.00674338 -0.0235923 -0.020384 -0.02418 0.0109446 0.0215246 -0.0139097
internal_weight=293.465 218.172 189.124 97.9033 75.3585 75.2922 70.6053 91.2209 36.1313 37.3318 26.4738 9.83629 29.0483 20.8994 67.0869 62.5254 17.9528 12.5059 44.5726 55.0896 33.8096 37.6023 21.28 16.6375 33.2736 21.292 17.7392 13.9018 15.2318 28.6012
internal_count=2668 1719 1423 836 621 949 910 587 272 417 276 90 296 175 586 562 142 92 420 315 194 344 121 186 493 236 212 94 97 281
cat_boundaries=0 1
cat_threshold=358
is_linear=0
shrinkage=0.03


Tree=50
num_leaves=31
num_cat=3
split_feature=7 14 4 5 14 7 6 5 6 4 7 6 2 8 9 6 6 9 9 8 6 9 2 6 10 4 6 9 8 8
split_gain=11.9104 8.80787 9.28241 6.19627 5.61807 6.84573 5.35673 4.75367 7.65052 7.35536 5.62886 5.27191 5.06666 5.38507 8.35133 3.93565 5.52735 3.38142 3.31547 2.85527 2.33951 3.67412 2.27629 2.14404 5.56095 4.48378 2.34104 2.64409 1.76268 3.18056
threshold=-19.499999999999996 0 0.99999997019767772 200.88236999511722 1 -1.0000000180025095e-35 37.619201660156257 313.59620666503912 32.598609924316413 0.99987331032753002 1.0000000180025095e-35 18.338701248168949 7.5000000000000009 -0.10768225789070128 -0.2507390677928924 48.990322113037116 17.80491924285889 0.054459346458315856 0.13050586730241778 0.10969203338027002 48.209159851074226 -0.0093155135400593263 17.500000000000004 40.998418807983406 2 0.050114475190639503 35.665649414062507 0.083096962422132506 -0.070510722696781145 0.11999552696943284
decision_type=10 9 8 2 9 10 2 2 2 10 10 2 10 8 8 2 2 8 8 10 2 10 10 2 9 8 2 10 8 10
left_child=6 2 15 -3 7 -6 -1 8 11 -9 23 -5 19 18 -15 16 -2 -17 -14 -13 21 -11 -7 26 25 -25 27 -10 -26 -30
right_child=1 3 -4 4 5 22 -8 9 10 20 -12 12 13 14 -16 17 -18 -19 -20 -21 -22 -23 -24 24 28 -27 -28 -29 29 -31
leaf_value=0.036831371654921792 0.0078357868211500255 -0.024341722726317468 0.022723071589046965 0.017495410975313614 0.0056823951301869773 -0.027891562004095802 0.0070523792372859731 -0.018263574316729682 0.021662152523919977 0.015723727184734054 -0.014310156821229525 0.022572019328654543 0.020747609800691017 0.019864123526420516 -0.026395809177375711 -0.0066673251704187286 -0.027278729564573265 0.023825652685980133 -0.010689355079034761 -0.0055190681981332279 0.015271107686839739 -0.014760089814333121 -0.0061651675601649804 -0.02576832669089733 0.024424167467539046 0.010718756268925855 0.03275761317358148 -0.0070172597282043819 -0.0044532345731623695 0.02319733042063496
leaf_weight=8.7616536393761653 6.3966166861355331 13.392753593623636 23.506053511053324 6.8350758366286746 9.2086432427167875 21.845972195267681 13.65574127435684 29.296362984925508 6.0061769038438815 4.6732081025838861 6.9571170695126048 5.1895807161927205 4.690257500857113 3.3086299262940884 25.371952835470442 5.497393496334551 8.4884288907051069 6.0022738575935364 5.5117545463144779 6.2193649746477604 9.0068627297878248 8.646432850509882 6.1891963593661776 5.6298019215464583 10.924603872001169 4.7999805770814428 7.8724601604044429 4.2735234834253788 8.0178605504333991 5.6199009604752055
leaf_count=40 71 130 140 58 77 191 75 397 51 35 79 41 44 32 338 44 119 41 52 61 66 82 53 58 64 45 45 45 62 41
internal_value=-0.000760833 -0.00253593 0.00787463 -0.00505517 -0.00393448 -0.0129244 0.0197671 -0.00106358 0.0022194 -0.00862139 0.00961548 -0.00559338 -0.00901127 -0.0140931 -0.0205697 -0.00282495 -0.0126455 0.00988134 0.00432536 0.008048 0.00427143 -0.00371366 -0.0234727 0.012954 0.00822356 -0.00950765 0.0211675 0.0101743 0.0158301 0.00774745
internal_weight=291.796 269.378 49.8908 219.487 206.095 37.2438 22.4174 168.851 117.228 51.6229 60.1014 57.1266 50.2915 38.8826 28.6806 26.3847 14.885 11.4997 10.202 11.4089 22.3265 13.3196 28.0352 53.1443 34.9921 10.4298 18.1522 10.2797 24.5624 13.6378
internal_count=2677 2562 415 2147 2017 321 115 1696 1116 580 490 626 568 466 370 275 190 85 96 102 183 117 244 411 270 103 141 96 167 103
cat_boundaries=0 1 2 3
cat_threshold=528 101 4
is_linear=0
shrinkage=0.03


Tree=51
num_leaves=31
num_cat=0
split_feature=1 7 3 3 9 1 7 5 9 9 8 1 7 8 6 1 8 3 0 6 9 3 0 6 1 6 6 9 8 0
split_gain=18.9873 13.5769 10.059 11.5143 9.15394 14.0763 7.19544 6.93312 6.32761 6.05967 5.43477 5.43233 5.28528 5.92968 4.13281 5.45756 4.02021 3.8661 3.71429 3.77243 3.01009 2.69885 2.62484 2.47609 2.26144 2.0424 2.52045 2.03285 1.78285 1.75335
threshold=-0.0064350664615631095 1.0000000180025095e-35 2.2621635198593144 0.65187841653823864 0.14454689621925357 0.017115097492933277 7.5000000000000009 322.85104370117193 0.15286602824926379 -0.023557555861771103 -0.22774737328290937 0.0077926099766045817 -2.4999999999999996 -0.093571562319993959 18.001482009887699 -0.059760777279734605 -0.0025545718381181355 1.0348802208900454 9.5000000000000018 48.830354690551765 -0.23864492028951642 2.7785327434539799 5.5000000000000009 53.483423233032234 0.012417792808264496 51.139064788818366 30.737538337707523 0.26787450909614569 -0.039796525612473481 2.5000000000000004
decision_type=2 10 8 10 10 2 8 2 8 8 8 2 8 10 2 2 10 8 8 2 8 10 10 2 2 2 2 10 10 10
left_child=6 2 3 11 9 10 7 14 -4 16 -6 12 -2 -14 15 -1 24 -18 -12 -20 -16 25 -13 -15 -5 26 -3 -7 -24 -11
right_child=1 21 8 4 5 27 -8 -9 -10 29 18 22 13 23 20 -17 17 -19 19 -21 -22 -23 28 -25 -26 -27 -28 -29 -30 -31
leaf_value=-0.016697062577698072 0.025271456107632654 -0.0022774846558490276 0.03745939957822754 0.0016067551435355154 0.021278622187937017 0.042368372335199238 0.020972647901951833 0.016546649194295431 0.0075087564503906017 -0.00053106278818669278 -0.02295042534828327 0.0083717385415557934 0.015574975926449956 -0.025608170658704032 0.00071284192050638246 0.021134173897379729 -0.025840931588468327 0.004249233806943825 -0.019886723045214456 0.013539551955887248 -0.023323442253550181 0.0063023390201174213 0.016516641018031328 0.00013931990340286919 0.025742931391114991 -0.00045826907941196553 -0.029304675260402983 0.016713978918496106 0.035793463059905301 -0.020860239660992423
leaf_weight=7.5499241314828396 7.5533076524734497 4.1954627260565855 14.483939453959463 7.9017521925270575 5.1086560264229774 7.59566857293248 4.583299543708562 5.0960874408483496 11.804699152708055 4.5101503953337696 10.151886533945804 9.2220781072974187 8.7241349145770126 7.153911314904688 5.1218232810497284 4.7380218021571618 6.0479074940085384 7.9293117485940465 3.7909458391368371 7.3210783824324608 47.906320840120316 4.0752494856715193 10.50574641674757 5.7011216506361961 5.4738384559750557 4.4061968997120848 13.288249365985392 7.2650123685598373 13.388111598789692 25.959463577717543
leaf_count=92 38 37 69 70 37 44 38 46 61 51 129 44 54 54 61 44 61 71 54 66 683 19 50 32 34 44 179 43 69 283
internal_value=0.000521078 0.00508349 0.00790985 0.00502497 -0.00134699 0.00932338 -0.0123668 -0.0148003 0.0247783 -0.00898518 -0.00396635 0.0150256 0.00530108 -0.00249876 -0.0174587 -0.00161728 0.00129711 -0.00962674 -0.0107148 0.00143555 -0.0210316 -0.0148724 0.0231743 -0.0150034 0.0125879 -0.0189176 -0.0232932 0.0316711 0.0283217 -0.0179636
internal_weight=288.553 213.558 187.593 161.304 99.0557 41.2332 74.9955 70.4122 26.2886 57.8224 26.3726 62.2484 29.1325 21.5792 65.3161 12.2879 27.3528 13.9772 21.2639 11.112 53.0281 25.9652 33.1159 12.855 13.3756 21.8899 17.4837 14.8607 23.8939 30.4696
internal_count=2657 1693 1414 1284 943 373 964 926 130 570 286 341 178 140 880 136 236 132 249 120 744 279 163 86 104 260 216 87 119 334
is_linear=0
shrinkage=0.03


Tree=52
num_leaves=31
num_cat=2
split_feature=1 7 8 1 7 10 12 6 6 1 2 9 2 9 6 8 6 1 9 8 6 6 2 4 8 2 1 1 8 4
split_gain=15.9875 7.41499 7.22371 10.0057 8.5711 8.20653 7.45516 10.1742 6.86573 8.44934 7.95232 6.42588 6.02219 5.54109 6.77711 5.22049 7.06923 5.04153 5.15466 4.51855 4.21705 4.14553 4.81119 3.61894 3.55889 5.5328 3.48483 3.43987 2.77219 2.32896
threshold=-0.0083915349096059782 1.0000000180025095e-35 -0.60549089312553395 0.01664349623024464 -4.4999999999999991 0 1 48.209159851074226 53.420833587646491 0.047635944560170181 10.500000000000002 0.080326158553361907 7.5000000000000009 -0.10271880403161048 32.112770080566413 0.15411201864480975 48.673913955688484 0.0078605599701404589 -0.03908619470894336 -0.021622797474265095 32.081161499023445 54.371799468994148 3.5000000000000004 0.29637795686721807 0.035019552335143096 13.500000000000002 0.0071704010479152211 -0.0026437448104843493 -0.070510722696781145 0.15202381461858752
decision_type=2 10 10 2 8 9 1 2 2 2 8 10 10 8 2 8 2 2 10 10 2 2 10 10 8 10 2 2 10 10
left_child=12 2 -2 4 5 -4 7 -6 9 10 -5 21 15 14 -14 16 19 18 -9 -1 -3 22 -8 -19 25 26 -22 -20 -29 -13
right_child=1 20 3 8 6 -7 11 17 -10 -11 -12 29 13 -15 -16 -17 -18 23 27 -21 24 -23 -24 -25 -26 -27 -28 28 -30 -31
leaf_value=-0.00044466437434009614 -0.027461816581866597 0.0075301992134461692 0.035356376062859851 0.019656091412765645 -0.016769620183386253 0.00070588284931256582 -0.015494474468268802 -0.014462808459729739 0.039254151216889396 0.023008796613231044 -0.018151673012926469 -0.0090597803519442896 0.017092709162106826 -0.025887476261869255 -0.019371775018323517 -0.020703738181716062 -0.021384960956976357 0.0084024866398370625 0.032769375312470664 0.035860653682643163 0.025904312247396748 -0.022137544657262483 0.015476142297486541 0.038401461855466903 -0.03089787464726839 -0.027172819218413042 -0.01006292909471156 0.017599393428415187 -0.0066688119848607548 -0.029292639941632705
leaf_weight=5.1477698646485806 4.5368802510201922 8.7697631902992743 11.732651833444834 7.4344896413385895 11.681630522012709 11.981964338570833 5.4850341379642549 7.4115035682916632 10.182148486375807 26.467123806476593 11.356480464339255 9.9004970490932482 6.9599648565053966 29.791326988488436 9.8963743150234205 6.2042918503284481 3.9424495548009864 6.7657476402819148 4.9761871211230781 6.6114230006933195 4.1910672448575461 4.7851388268172732 14.331106081604956 9.0065859332680684 8.0975373871624505 5.3019057027995586 3.7812234424054623 7.306123398244381 7.8425216600298899 13.352671682834623
leaf_count=52 47 71 62 52 121 85 58 50 44 128 101 107 75 449 141 88 47 50 42 53 43 36 141 45 94 54 44 52 75 141
internal_value=0.000203768 0.00420388 0.00643875 0.00742927 0.00272128 0.0185859 -0.00108065 0.00603496 0.0179381 0.0123975 -0.00295598 -0.0086734 -0.0123181 -0.0183038 -0.00420157 0.000670876 0.0098507 0.0137877 0.00565579 0.0211782 -0.00938969 0.000340429 0.00657106 0.0268012 -0.0163589 -0.00594658 0.00962496 0.0133989 0.00540068 -0.0214068
internal_weight=285.232 216.678 186.536 182 126.559 23.7146 102.845 54.9903 55.4402 45.2581 18.791 47.8544 68.5536 46.6477 16.8563 21.9059 15.7016 43.3087 27.5363 11.7592 30.1415 24.6013 19.8161 15.7723 21.3717 13.2742 7.97229 20.1248 15.1486 23.2532
internal_count=2648 1743 1437 1390 1065 147 918 435 325 281 153 483 905 665 216 240 152 314 219 105 306 235 199 95 235 141 87 169 127 248
cat_boundaries=0 1 2
cat_threshold=1 5
is_linear=0
shrinkage=0.03


Tree=53
num_leaves=31
num_cat=0
split_feature=1 3 3 7 7 2 5 9 3 6 1 2 3 6 2 6 0 9 1 3 1 1 9 7 3 9 6 2 0 0
split_gain=16.2689 12.8037 11.7248 9.46857 8.75785 7.05672 6.46838 4.66673 3.91482 6.24556 3.64933 9.63525 11.7014 9.31679 5.93098 6.68799 3.97904 5.31073 3.1776 2.98721 5.41356 5.1423 2.37617 2.31867 3.27775 1.98483 3.8578 5.37383 1.89204 5.53784
threshold=-0.0078207761980593187 0.43505117297172552 2.1777466535568242 7.5000000000000009 1.0000000180025095e-35 6.5000000000000009 322.85104370117193 0.22904596477746966 0.46241356432437902 32.263656616210945 0.012158233672380449 13.500000000000002 0.61819949746131908 53.420833587646491 7.5000000000000009 37.135625839233406 24.500000000000004 0.055875398218631751 0.096224866807460799 1.1960381865501406 0.0064637907780706891 0.0014393058954738083 -0.083460871130228029 -4.4999999999999991 3.5634698867797856 -0.01583845820277929 32.096441268920906 11.500000000000002 13.500000000000002 7.5000000000000009
decision_type=2 10 10 8 10 10 2 10 10 2 2 10 8 2 10 2 8 8 2 10 2 2 10 8 10 8 2 10 8 8
left_child=3 7 4 6 10 -4 8 22 9 -1 11 19 -13 14 15 -12 17 -14 28 -3 21 -21 -2 -7 -25 26 27 -10 29 -16
right_child=1 2 5 -5 -6 23 -8 -9 25 -11 13 12 16 -15 18 -17 -18 -19 -20 20 -22 -23 -24 24 -26 -27 -28 -29 -30 -31
leaf_value=0.019146669962410615 0.010043289890426885 -0.020324042293051969 -0.0061617604711121914 0.026146723498493563 -0.021293337000449331 0.037411920343491646 0.016547455851196793 0.0013492497586463916 0.021118126405919549 -0.023537978717219462 0.02732446428578858 0.037997494204812847 -0.019959470705668229 0.02629394838126543 -0.029244886058297604 -0.011558856869339856 0.019658792088773996 0.0075118035649102376 0.010467098464532806 -0.0091511944361714961 -0.026581379785063367 0.03608191774524451 0.030793483178996193 0.0023473122363567513 0.028089073740258239 -0.027425174961762552 -0.023937868753867324 -0.021338681127979289 -0.024159638558168176 0.010537928451811979
leaf_weight=5.463338263332842 8.0770709961652774 25.544591095298529 8.7677553966641408 4.4276833906769744 18.796435344964266 8.0693770423531515 4.4791702814400187 9.5244012996554357 4.750636503100397 4.9058577977120876 9.4941661804914457 7.3452550172805777 12.832688584923744 13.858954086899756 4.2793993279337927 5.6899300254881373 5.0329367481172076 10.930381324142221 4.745569445192813 4.0839615464210492 3.9342561401426792 3.3217139020562172 21.140163943171501 8.368059262633329 9.0204423218965513 26.339966706931591 12.542564906179903 4.0334644839167595 9.6803218238055688 6.9265135563910016
leaf_count=39 40 271 51 34 244 38 41 47 45 52 51 44 130 64 36 63 42 115 24 52 49 35 101 54 38 439 189 60 93 70
internal_value=0.000434549 0.00438855 0.000992625 -0.012402 -0.00272676 0.0165383 -0.0155009 0.0198063 -0.0182128 -0.00134227 0.0001503 -0.00421497 0.00671018 0.00595171 -0.00141908 0.0129398 -0.00227796 -0.00753035 -0.0100917 -0.0148145 -0.0017624 0.0130164 0.0255793 0.0242936 0.0165024 -0.0217798 -0.0138912 0.00143449 -0.0150277 -0.00580591
internal_weight=286.407 219.464 180.723 66.9427 146.497 34.2256 62.515 38.7416 58.0358 10.3692 127.701 73.0258 36.1413 54.6749 40.8159 15.1841 28.796 23.7631 25.6318 36.8845 11.3399 7.40568 29.2172 25.4579 17.3885 47.6666 21.3267 8.7841 20.8862 11.2059
internal_count=2651 1752 1564 899 1383 181 865 188 824 91 1139 738 331 401 337 114 287 245 223 407 136 87 141 130 92 733 294 105 199 106
is_linear=0
shrinkage=0.03


Tree=54
num_leaves=31
num_cat=2
split_feature=1 3 7 1 7 7 7 9 10 14 6 1 9 0 5 9 1 3 8 0 3 6 1 9 9 6 7 6 8 3
split_gain=14.4172 8.39466 8.62406 9.02267 8.07848 7.65078 7.61744 12.1803 6.71282 6.27286 8.05488 6.5838 8.48163 5.26326 6.75528 5.03842 7.89533 3.91337 3.52996 3.44079 3.30152 2.98116 2.41591 2.2906 1.95116 4.77535 1.77626 5.03163 1.74389 1.52707
threshold=-0.0083915349096059782 3.5634698867797856 1.0000000180025095e-35 0.016444201581180099 -5.4999999999999991 7.5000000000000009 -1.4999999999999998 -0.16271525621414182 0 1 48.209159851074226 0.011706571560353042 0.22691270709037784 11.500000000000002 274.82800292968756 -0.027567031793296334 -0.00063625432085245837 0.54195186495780956 -0.21314710378646848 9.5000000000000018 0.5348949432373048 31.31425762176514 0.005528713809326292 0.08447591215372087 -0.01583845820277929 32.248264312744148 1.5000000000000002 32.112770080566413 -0.019519021734595295 0.57286566495895397
decision_type=2 8 10 2 8 8 8 10 9 9 2 2 10 10 2 8 2 10 8 10 10 2 2 10 8 2 8 2 8 10
left_child=5 2 3 4 8 13 19 -8 -2 10 -6 12 20 14 17 16 -11 -1 -4 -5 -12 -20 -10 -22 -16 -26 -15 -28 -18 -17
right_child=1 -3 18 6 9 -7 7 -9 22 15 11 -13 -14 26 24 29 28 -19 21 -21 23 -23 -24 -25 25 -27 27 -29 -30 -31
leaf_value=0.0057270907781721923 0.033080555221573785 0.022208600703829899 0.010855332843587773 -0.020339754612903736 -0.021015403189354021 0.020569042245329509 -0.012830119040625089 0.026116451712425947 -0.012744930497806542 0.029684691713309189 0.0095503433065442719 0.034831910466115105 0.031816854799228439 -0.030177427938026434 0.018979949911329529 -0.030463918049757441 -0.023305393147515233 -0.025664485480504887 0.0017873417340935626 0.0082578707681351428 -0.0039695961597687119 -0.02516256220537804 0.012992982384994857 -0.029445977770477791 -0.02298214945973483 0.014812715243425917 0.019475936647259294 -0.026673758815218874 -0.00043124146777445471 -0.014390231824403486
leaf_weight=4.1587442979216602 9.2512425258755684 18.230480253696442 3.4295263439416885 6.6144501827657205 7.6546438783407202 4.9374462328851214 8.2550708800554258 37.435746859759092 5.8798097968101501 5.0023706033825901 7.1689718440175119 7.2411905452609053 6.2235044725239268 19.124994274228811 5.8589449934661388 7.3423563092946997 5.3166432417929173 15.410145077854393 4.5340219177305761 6.717278715223074 8.1593318060040456 16.325908169150352 5.2782452404499054 4.6246090941131106 4.2758963368833083 6.0098410323262215 2.4503803141415146 4.8830339461565018 5.7855321951210481 30.072581145912409
leaf_count=35 50 77 30 49 82 39 69 209 45 46 39 36 51 299 53 53 48 236 44 49 61 210 38 46 52 59 37 90 50 372
internal_value=-0.000491656 0.00328124 0.00143859 0.00379788 -0.00111374 -0.0125352 0.0132269 0.0189558 0.0155543 -0.00483516 0.00405284 0.0114163 0.00389546 -0.0154482 -0.00759522 -0.0104347 0.00163936 -0.0190391 -0.0149465 -0.00635986 -0.00591634 -0.0194911 -0.000502512 -0.0146534 0.0065773 -0.00154325 -0.0253854 -0.0107667 -0.0124059 -0.0182555
internal_weight=283.653 216.544 198.313 174.024 115.001 67.1094 59.0225 45.6908 20.4093 94.5917 41.0723 33.4176 26.1764 62.172 35.7136 53.5195 16.1045 19.5689 24.2895 13.3317 19.9529 20.8599 11.1581 12.7839 16.1447 10.2857 26.4584 7.33341 11.1022 37.4149
internal_count=2654 1754 1677 1393 1017 900 376 278 133 884 315 233 197 861 435 569 144 271 284 98 146 254 83 107 164 111 426 127 98 425
cat_boundaries=0 1 2
cat_threshold=1 145
is_linear=0
shrinkage=0.03


Tree=55
num_leaves=31
num_cat=1
split_feature=3 3 2 5 3 6 5 9 6 9 2 5 5 3 9 0 2 5 2 0 8 4 3 5 4 4 8 10 8 8
split_gain=10.3229 10.3055 7.44752 5.14341 6.48856 4.78739 6.91501 4.21191 3.63022 3.15345 4.18214 3.8017 3.54874 4.14875 2.80016 2.79076 3.89066 2.70299 2.6265 2.39932 2.93914 2.15656 3.59904 3.05056 2.10795 2.01097 1.84102 2.1006 5.73277 3.8759
threshold=4.9743113517761239 0.66135850548744213 48.500000000000007 205.6037292480469 1.71251517534256 49.86413764953614 242.64717102050784 0.32838600873947149 32.152168273925788 -0.013741764239966868 2.5000000000000004 232.68861389160159 289.43389892578131 0.95090085268020641 0.037508174777030952 26.500000000000004 24.500000000000004 210.78999328613284 12.500000000000002 25.500000000000004 -0.21984501928091046 0.9999942183494569 0.72860559821128856 274.82800292968756 0.70272457599639904 1.0329606614511989e-10 0.25098961591720587 0 -0.032206695526838296 -0.010646981652826069
decision_type=8 10 8 2 10 2 2 8 2 10 10 2 2 10 10 10 8 2 10 10 8 10 10 2 8 10 10 9 10 10
left_child=1 7 3 -3 9 8 -7 15 -6 11 -11 17 24 -14 -12 16 26 -5 -10 20 -16 23 -23 -22 25 -13 27 28 -1 -29
right_child=-2 2 -4 4 5 6 -8 -9 18 10 14 12 13 -15 19 -17 -18 -19 -20 -21 21 22 -24 -25 -26 -27 -28 29 -30 -31
leaf_value=-0.014066656681332444 0.023361888776611377 -0.024182315818704347 0.022219852350249744 0.0032852196650022905 -0.0028891913884868128 -0.021751904873730223 0.017658028049140715 -0.010904002493824125 0.0081381010582896318 0.013049549188686333 -0.028147899428074965 0.0068296202527883135 0.011222288977436922 -0.018675762907262132 0.0068563979310813563 -0.0084981104894831481 0.032380829671307933 -0.026452636119953112 0.033758337027478651 -0.026638315969639632 -0.0047147553532998678 -0.015281071977393661 0.023164389968917912 -0.022173021656451224 -0.0020154032684501447 0.035302016395773149 0.022965054335589229 0.020106621729723901 0.018424797678158491 0.0025547879603426181
leaf_weight=11.843122459948065 15.24792245030403 13.319998148828743 7.3142736330628386 3.9136169813573343 7.6290536150336292 9.7624287828803045 5.4682631120085707 10.024553723633288 7.8143636249005777 4.6634324900805941 10.542375434190033 4.9984281994402409 6.441069744527339 8.7269674204289895 8.3719889596104604 6.8446527346968642 5.8469290919601908 6.8933706171810627 7.3495809771120548 7.314624246209859 16.681433085352182 3.6549987941980353 3.1634865887463093 20.464648969471455 4.6513006351888189 4.1621027626097202 6.1669403053820124 18.833309318870302 6.8970339782536021 27.187600146979097
leaf_count=75 66 171 40 52 71 79 42 68 71 59 145 42 62 105 65 57 32 94 58 99 208 44 42 312 47 38 40 114 44 203
internal_value=0.000143599 -0.00126487 -0.00558786 -0.00693893 -0.0052869 0.00535015 -0.00738641 0.00670995 0.0138137 -0.00883062 -0.0124208 -0.00193692 0.00379112 -0.00607079 -0.0142725 0.00892547 0.0105681 -0.0163173 0.0218759 -0.0113966 -0.00880691 -0.0118758 0.00323736 -0.014662 0.0143001 0.0219673 0.0083448 0.00662452 -0.00178107 0.0100124
internal_weight=282.194 266.946 173.302 165.988 152.668 38.0237 15.2307 93.6441 22.793 114.644 74.857 39.7869 28.9799 15.168 70.1936 83.6196 76.7749 10.807 15.1639 59.6512 52.3366 43.9646 6.81849 37.1461 13.8118 9.16053 70.928 64.7611 18.7402 46.0209
internal_count=2645 2579 1946 1906 1735 321 121 633 200 1414 974 440 294 167 915 565 508 146 129 770 671 606 86 520 127 80 476 436 119 317
cat_boundaries=0 1
cat_threshold=1
is_linear=0
shrinkage=0.03


Tree=56
num_leaves=31
num_cat=0
split_feature=1 7 5 3 3 5 4 6 5 2 8 3 7 5 3 4 1 6 1 7 2 6 9 6 3 9 2 6 5 3
split_gain=15.6764 9.5083 8.49645 9.27859 8.77069 6.3384 7.91305 5.46924 5.40666 5.28162 4.69212 8.04364 4.61196 4.34001 4.28166 3.78252 3.0041 2.95455 2.9202 2.6456 3.29393 4.5639 4.47361 4.43332 6.11152 2.49072 2.43367 5.49831 2.71534 2.352
threshold=0.00090630701743066322 1.0000000180025095e-35 193.26018524169925 2.4078700542449956 0.47167532145977026 321.43739318847662 0.99999961256980907 32.340337753295906 312.57421875000006 18.500000000000004 0.15411201864480975 2.7024371623992924 -1.0000000180025095e-35 328.68859863281256 0.51842698454856884 0.98652958869934093 0.0093428925611078757 52.496175765991218 0.0063274018466472634 -13.499999999999998 10.500000000000002 32.635873794555671 -0.049888208508491509 31.969373703002933 1.0778391957283022 0.15286602824926379 6.5000000000000009 48.830354690551765 239.27362823486331 1.5876884460449221
decision_type=2 10 2 8 10 2 10 2 2 10 8 10 8 2 10 10 2 2 2 10 10 2 8 2 8 8 10 2 2 10
left_child=5 2 -2 4 25 10 -7 -3 12 13 11 17 16 29 -12 -11 -6 19 -14 -1 23 -22 -23 24 -21 -4 -20 -28 -29 -10
right_child=1 7 3 -5 8 6 -8 -9 9 15 14 -13 18 -15 -16 -17 -18 -19 26 20 21 22 -24 -25 -26 -27 27 28 -30 -31
leaf_value=0.015918373855102443 -0.023115048053742482 0.0063467961234977043 0.028603619684114356 0.030227014767098843 0.011388854918403279 -0.020298737608723846 0.019123058976245021 -0.021666109563429261 -0.023987570662384237 -0.0057257766544779624 0.0034337927634824138 0.017177504129689058 -0.0032232747780674121 0.014623651684668944 -0.031445708423628954 0.027068286187622644 -0.012400972773776064 -0.023770423070290592 0.025930663704483058 0.027167744283927146 -0.023839722237917284 0.027375288687975105 -0.015112063553893079 -0.014888006687064291 -0.017840899017028494 0.009237542082857696 -0.008862835372393553 0.0051555032754850598 0.030764175590679566 0.00038250841042990663
leaf_weight=2.9671009927988043 6.2558952681720248 9.6587041541934031 17.588605649769306 17.51621213555336 6.4705788940191296 5.7545409649610528 13.541757568717003 15.139387067407368 16.326738413423307 6.0104037113487703 3.7148698680102852 9.0438321530818921 7.753163516521453 3.3445610851049414 15.080317303538321 5.0812825560569763 12.471650097519158 13.713063243776558 14.686425462365149 6.9999206773936757 19.39024501666427 2.932443518191576 4.1874332055449477 9.0546417869627458 3.2750628329813489 10.763372212648393 8.4327328614890593 6.9693774096667758 8.3914269879460317 4.4481844678521147
leaf_count=22 57 78 81 80 54 87 89 177 200 57 32 44 79 37 257 30 102 156 79 58 316 30 64 128 49 49 69 46 44 57
internal_value=0.00048521 0.00598814 0.00879266 0.0103052 0.00738252 -0.00838654 0.00694581 -0.0109322 0.0031309 -0.00622844 -0.011701 -0.00798638 0.00820502 -0.0139338 -0.0247266 0.0102938 -0.00411089 -0.0118396 0.0132312 -0.00807748 -0.00993736 -0.0166062 0.00360337 -0.000424245 0.0125117 0.0218168 0.0165442 0.00993827 0.0201705 -0.0189917
internal_weight=286.964 177.309 152.511 146.255 128.739 109.655 19.2963 24.7981 100.387 35.2112 90.3589 71.5637 65.1754 24.1195 18.7952 11.0917 18.9422 62.5199 46.2331 48.8068 45.8397 26.5101 7.11988 19.3296 10.275 28.352 38.48 23.7935 15.3608 20.7749
internal_count=2708 1376 1121 1064 984 1332 176 255 854 381 1156 867 473 294 289 87 156 823 317 667 645 410 94 235 107 130 238 159 90 257
is_linear=0
shrinkage=0.03


Tree=57
num_leaves=31
num_cat=0
split_feature=1 3 6 1 3 1 3 8 8 9 0 2 1 8 3 9 8 8 9 9 1 9 2 9 1 1 9 8 3 3
split_gain=19.9946 7.57052 7.30417 9.51625 7.30844 6.96087 5.99672 7.25061 5.9274 5.44856 4.8187 4.3955 4.38397 4.38112 4.22411 3.33461 4.63808 3.23525 2.86308 2.71108 5.31965 4.13026 2.48152 2.37696 2.36635 1.74969 1.73567 2.41567 3.75964 1.43558
threshold=0.0042029945179820069 4.9743113517761239 53.092546463012702 0.047635944560170181 2.2621635198593144 0.0049758991226553926 0.56653288006782543 -0.27699369192123408 0.14661013334989551 -0.22655964642763135 22.500000000000004 23.500000000000004 0.0071704010479152211 0.079775385558605208 1.0714367032051089 0.043321570381522186 -0.13967320322990415 -0.12372096255421637 -0.029195302166044709 -0.014709395356476305 -0.17497552186250684 -0.031007526442408558 4.5000000000000009 -0.05742355249822139 0.011901889927685263 -0.081561144441366182 -0.05742355249822139 -0.066932357847690568 1.729814946651459 1.477782726287842
decision_type=2 10 2 2 8 2 10 8 10 10 10 10 2 10 10 10 10 10 10 8 2 10 10 8 2 2 10 8 10 8
left_child=1 6 3 4 5 -2 13 -8 11 -5 17 12 -7 15 -10 23 -17 -4 -11 21 -21 25 -20 -1 -19 -9 27 -27 -29 -24
right_child=2 -3 10 9 -6 8 7 19 14 18 -12 -13 -14 -15 -16 16 -18 24 22 20 -22 -23 29 -25 -26 26 -28 28 -30 -31
leaf_value=-0.0040596950085154326 0.024829639507876828 0.020030267844527761 0.0085836885857651455 -0.0084397828841575439 0.016905767257332324 0.0031360840724855999 0.014840879530571586 -0.027582127373684789 0.020696843250950628 0.036204013559900647 -0.0040900019440763902 0.0034399220839541615 -0.026231258792119568 0.015945078761269001 -0.013218086822570151 -0.016027834610628903 0.016756642438033115 0.016218193459100562 0.026595276960646279 0.01612976151674848 -0.023998815727285884 0.017432139231012986 -0.0027752669119916746 -0.030989367370961623 0.036325042623484523 0.011809677031613583 -0.02631449664833525 -0.019585915640763247 0.014159050342555416 0.014653227478830334
leaf_weight=6.2577350214123726 4.3139250613749018 6.9853413254022589 13.607229039072989 6.7537211775779715 11.809455495327709 5.2290889620780936 6.2115325033664703 5.610365264117724 6.9391173273324949 7.1242517232894924 7.6912743076682082 7.5392614938318721 27.017757371068001 10.040936205536125 4.7767754197120667 5.6788958571851245 8.3337361589074117 12.931136991828682 8.2245820984244364 2.505174357444047 44.967775613069534 3.5602718293666831 7.7091273590922329 5.2421828880906123 13.294527940452097 4.8652660548686981 3.3141525797545865 10.289190862327823 3.2223548516631118 7.8062196150422105
leaf_count=51 40 31 74 54 63 52 64 96 49 36 47 61 326 79 49 41 64 76 39 29 732 30 42 41 69 47 41 149 31 38
internal_value=0.000280422 -0.00847546 0.00757206 0.0030996 -0.00363682 -0.00820425 -0.0102851 -0.0145889 -0.0113915 0.0149902 0.0172084 -0.0168202 -0.021518 6.83095e-05 0.00691707 -0.00654602 0.00328749 0.0213203 0.0202211 -0.0170802 -0.0215921 -0.00967984 0.0141552 -0.0178326 0.0273708 -0.0137064 -0.0090601 -0.00475092 -0.011117 0.00634981
internal_weight=279.852 127.085 152.767 105.243 67.6254 55.8159 120.1 84.5461 51.502 37.6179 47.5242 39.7861 32.2468 35.5535 11.7159 25.5125 14.0126 39.8329 30.8642 78.3346 47.4729 30.8616 23.7399 11.4999 26.2257 27.3013 21.691 18.3768 13.5115 15.5153
internal_count=2641 1526 1115 849 640 577 1495 1219 537 209 266 439 378 276 98 197 105 219 155 1155 761 394 119 92 145 364 268 227 180 80
is_linear=0
shrinkage=0.03


Tree=58
num_leaves=31
num_cat=3
split_feature=1 14 6 6 6 3 1 1 6 3 1 7 3 6 14 4 9 9 6 6 6 3 1 1 10 9 6 1 1 3
split_gain=10.2685 9.66748 13.0623 13.8681 6.44749 6.5944 7.04582 6.29402 7.39703 6.1659 6.13952 5.80839 5.26989 4.98477 6.60571 3.79065 3.70958 4.64921 4.15058 4.32738 4.19461 3.87294 3.62392 3.53903 4.88413 3.32799 2.95191 2.68618 3.18565 2.17906
threshold=0.00090630701743066322 0 53.265357971191413 18.396368980407718 42.002428054809577 1.7939363718032839 0.070295058190822615 0.010312102269381286 54.793903350830085 0.24325837939977649 0.0068218964152038106 -4.4999999999999991 2.5867866277694707 52.684926986694343 1 1.4583654774469325e-05 -0.01583845820277929 -0.03908619470894336 32.635873794555671 40.998418807983406 32.112770080566413 0.97052007913589489 0.0085875797085464018 0.004649306647479535 2 0.17868173122406009 48.209159851074226 0.025862181559205059 0.0049758991226553926 0.50590842962265026
decision_type=2 9 2 2 2 10 2 2 2 10 2 8 10 2 9 10 8 8 2 2 2 10 2 2 9 8 2 2 2 10
left_child=9 2 3 -2 5 6 10 8 -4 -1 -3 -5 13 14 -11 22 17 18 20 -20 21 -16 -6 -17 -25 -26 29 28 -13 -18
right_child=1 4 7 11 15 -7 -8 -9 -10 12 -12 27 -14 -15 16 23 26 -19 19 -21 -22 -23 -24 24 25 -27 -28 -29 -30 -31
leaf_value=0.019465117513593793 0.033243668629242051 0.015123963891698207 -0.0090525355377388279 0.016049955131073303 -0.0020343038417863137 0.02437711040494045 0.016912143281199089 0.037784090603037786 0.030430016110925551 0.011116191740301571 -0.017177457843962466 0.00078831545265360941 0.0097301698734301532 -0.025611160443116572 0.016549449845982053 -0.022957357914689645 -0.0045788454174715259 0.027575699136425311 0.027339356877920714 -0.013128414078125069 -0.029029149894238618 -0.019733813127888106 -0.030072048116955932 -0.011900675346252085 0.030614538067201477 -0.0024716452029601272 -0.00056731395963661915 0.004710510919040109 -0.022055441534962569 -0.025872611377712809
leaf_weight=6.6310700811445704 9.7853068336844427 6.1405402012169388 7.7050117030739766 8.424421161413191 6.3854963593184975 11.011143673211334 12.406078979372976 19.346668526530266 7.6873126029968262 8.0621103569865209 20.822312224656343 7.7542410790920284 11.675640895962713 16.386586587876081 4.7077297456562572 4.9779064841568497 5.8437717743217972 2.8676416166126755 4.2735821418464175 3.5052987523376942 8.7797350510954839 3.938897579908371 11.717730470001696 9.0835394635796511 5.5693719387054452 4.4505013301968601 7.2674930877983561 7.412216890603303 17.306001216173172 23.554287668317556
leaf_count=45 48 59 51 44 64 62 61 87 39 60 201 74 59 186 45 64 51 27 43 42 153 62 121 59 46 47 102 51 194 454
internal_value=0.000574113 0.00498653 0.01148 0.00295237 -0.0020702 0.00491755 -0.000994157 0.0267029 0.0113195 -0.00671048 -0.00954332 -0.00491584 -0.00860556 -0.0110872 -0.00751527 -0.0108155 -0.0101207 -0.00327518 -0.0077035 0.00968562 -0.0155701 -0.000311352 -0.0208066 -0.00277463 0.00336488 0.017028 -0.0178229 -0.0106721 -0.015228 -0.0219297
internal_weight=285.48 177.986 85.4212 50.6822 92.5646 50.3801 39.3689 34.739 15.3923 107.494 26.9629 40.8969 100.863 89.1871 72.8005 42.1845 64.7384 28.0729 25.2052 7.77888 17.4264 8.64663 18.1032 24.0813 19.1034 10.0199 36.6656 32.4725 25.0602 29.3981
internal_count=2701 1372 588 411 784 383 321 177 90 1329 260 363 1284 1225 1039 401 979 372 345 85 260 107 185 216 152 93 607 319 268 505
cat_boundaries=0 1 2 3
cat_threshold=1553 1042 1
is_linear=0
shrinkage=0.03


Tree=59
num_leaves=31
num_cat=1
split_feature=0 3 3 6 2 7 14 7 0 9 9 9 5 7 4 9 9 6 5 6 5 9 9 5 3 9 5 6 5 3
split_gain=9.61301 9.96305 11.4417 6.01815 6.1937 6.50388 5.35962 4.94469 4.82628 7.32144 6.1997 2.98762 2.98735 2.76265 2.49745 2.45704 4.90447 3.02445 4.47343 6.72024 2.83388 2.4901 2.06158 2.04444 1.99852 4.25008 1.92901 1.89455 1.6209 1.48463
threshold=28.500000000000004 2.5867866277694707 0.61347514390945446 52.946125030517585 24.500000000000004 -1.4999999999999998 0 -14.499999999999998 5.5000000000000009 0.1617880463600159 -0.1039389669895172 0.15778549015522006 237.91407012939456 1.0000000180025095e-35 0.98885878920555126 -0.10271880403161048 0.060492698103189475 50.399045944213874 275.52185058593756 35.133117675781257 232.68861389160159 0.090407151728868498 0.27623905241489416 234.58794403076175 1.394295394420624 -0.013741764239966868 211.07709503173831 32.112770080566413 301.52626037597662 0.33652147650718695
decision_type=10 8 10 2 8 8 9 8 10 10 10 10 2 10 10 8 10 2 2 2 2 8 10 2 10 8 2 2 2 10
left_child=1 2 7 4 13 -6 -5 -1 11 10 -10 -9 -3 15 -15 20 24 18 19 -18 26 -20 -11 -12 -17 -26 -4 -16 -8 -25
right_child=-2 12 3 6 5 -7 28 8 9 22 23 -13 -14 14 27 16 17 -19 21 -21 -22 -23 -24 29 25 -27 -28 -29 -30 -31
leaf_value=0.03300006000675091 -0.018465190965205092 0.0068067768809406013 0.0062441453576110688 -0.0070719392782491184 -0.014250734294464648 0.027866720387211111 0.025988352660604987 -0.014722849783547296 0.0020371593794059071 -0.016279595116519174 0.0091138599470238987 0.0083988340039742558 0.026498938062143547 -0.028044964047364496 0.010380959647120097 -0.028762807532627405 -0.0073446642001704608 -0.023416655135346676 0.011520312565028513 0.027906028634845495 0.012851471653149127 -0.016142135768265516 0.0043079750225381843 0.040994813690994877 0.015324886616558968 -0.026309794473500028 -0.020364208811574781 -0.018013362849544318 0.0076449734482434469 0.020148471490489449
leaf_weight=6.1145039796829224 21.062805168330669 13.036940798163416 3.4775753431022185 13.986614607274531 4.7157788723707199 7.1972198933362943 10.916144121438267 12.115180112421514 14.499452043324707 7.5409653708338729 5.8428962752223041 7.3296522572636595 16.39458417147398 12.892701428383591 3.1704632230103007 13.913736686110498 9.8682615645229834 5.6016723923385134 2.8144204095006016 8.0253089182078821 8.915768872946499 15.332666054368017 8.3095337040722352 8.8094797581434268 3.1807303093373775 3.816625725477933 5.0942216813564301 3.3932330459356308 8.6187822706997377 10.209418207406996
leaf_count=26 203 65 43 138 44 66 77 75 106 58 41 45 75 224 44 206 132 83 33 81 105 224 56 43 35 55 65 62 66 65
internal_value=0.000538137 0.00217294 3.51727e-07 -0.00503357 -0.00837174 0.011382 0.00598213 0.00898408 0.00660694 0.011083 0.0178867 -0.00602272 0.0182864 -0.0108266 -0.0207986 -0.00817589 -0.0109179 -0.00474301 -0.0012868 0.00910557 0.00169232 -0.0114744 -0.00587153 0.026694 -0.0224369 -0.00783449 -0.0100447 -0.00473889 0.0125501 0.0313699
internal_weight=276.197 255.135 225.703 144.932 111.41 11.913 33.5215 80.7711 74.6566 55.2117 39.3612 19.4448 29.4315 99.4974 19.4564 80.041 62.5534 41.6423 36.0407 17.8936 17.4876 18.1471 15.8505 24.8618 20.9111 6.99736 8.5718 6.5637 19.5349 19.0189
internal_count=2641 2438 2298 1783 1502 110 281 515 489 369 255 120 140 1392 330 1062 849 553 470 213 213 257 114 149 296 90 108 106 143 108
cat_boundaries=0 1
cat_threshold=34
is_linear=0
shrinkage=0.03


Tree=60
num_leaves=31
num_cat=1
split_feature=1 3 7 2 1 7 14 9 6 1 7 9 2 7 7 2 0 9 3 3 6 8 2 0 9 1 3 6 1 9
split_gain=14.4913 7.9808 7.27016 5.73165 9.54726 10.1147 8.80141 5.19946 10.5585 6.42344 5.84128 5.12314 4.28792 3.97544 4.75654 3.42087 5.40942 3.38588 3.3503 2.85165 2.36514 2.35543 2.13298 2.10249 2.10163 3.23194 2.20689 1.60228 1.43825 2.22397
threshold=-0.0083915349096059782 4.0206308364868173 1.0000000180025095e-35 17.500000000000004 0.014561230782419445 -1.4999999999999998 0 -0.01583845820277929 32.112770080566413 -0.079186607152223573 2.5000000000000004 -0.12340334430336951 8.5000000000000018 -5.4999999999999991 -1.0000000180025095e-35 13.500000000000002 14.500000000000002 -0.23864492028951642 0.54543325304985057 0.71297204494476329 51.139064788818366 0.1122194603085518 7.5000000000000009 25.500000000000004 0.22904596477746966 0.070295058190822615 1.0048878192901614 41.506412506103523 0.012417792808264496 0.071452643722295775
decision_type=2 8 10 10 2 8 9 8 2 2 8 10 10 8 10 10 10 10 10 10 2 10 10 10 10 2 8 2 2 10
left_child=7 2 3 4 6 -6 22 8 9 -1 -9 -7 -12 19 -15 -8 27 -10 -4 -5 -20 -11 -2 28 25 26 -13 -17 29 -16
right_child=1 -3 18 13 5 11 15 10 17 21 12 24 -14 14 23 16 -18 -19 20 -21 -22 -23 -24 -25 -26 -27 -28 -29 -30 -31
leaf_value=-0.011282158077733501 0.0063351076030073103 0.023650275144154333 0.0096559049856262957 0.036117307166936709 -0.015054057519423245 -0.0052429989645625787 -0.015961469101014265 -0.026116025076143089 0.0065373448508278193 0.045315898797477674 0.022687784918337495 0.025045317616742235 -0.018595120491793658 -0.015099599229251035 -0.005798884094105089 0.0013105448099059527 -0.019127200053657752 -0.025140031796430325 -0.023014800477683273 0.011693101759908217 0.00031412559604487785 0.011134913835165886 0.031009200436702855 -2.025030219811625e-05 0.0094726867754326219 0.041953024358881083 0.001191187262586636 0.025882133994880843 0.027436014615277771 0.021187793723058113
leaf_weight=4.2017627023160449 6.6045400276780128 16.039337530732155 4.3547035455703762 8.0520906150341052 9.9899246022105199 6.9430651664733878 44.717989224940538 27.317568734288216 3.4548763968050507 4.1666352190077323 3.8558784388005725 9.5041953884065151 3.2693207114934921 6.6539890617132178 4.5823482349515015 4.4783386960625631 6.3274791538715354 12.551147043704985 15.537704735994341 11.041825596243141 5.0877949409186831 4.1265808790922165 6.4258274585008621 8.875359892845152 9.8895360454916936 8.2254530936479551 5.3833302594721326 4.4090010486543179 7.1256725601851931 4.7953275926411152
leaf_count=50 49 69 28 36 81 58 462 445 44 35 36 56 60 59 45 41 70 186 218 79 55 47 42 65 55 35 46 42 41 41
internal_value=0.000226009 0.00393826 0.00223922 0.00442708 0.00088399 0.0108723 -0.0060065 -0.01232 -0.00267874 0.0172307 -0.0199974 0.0175655 0.00378829 0.0127637 0.00598143 -0.0101886 0.000433057 -0.0183202 -0.0125863 0.0232779 -0.0175117 0.0313363 0.0115872 0.0118715 0.022377 0.0272766 0.0170376 0.0148853 0.0179026 0.00871282
internal_weight=277.989 215.045 199.005 174.025 122.899 49.9355 72.9632 62.9438 28.501 12.495 34.4428 39.9456 7.1252 51.1266 32.0327 59.9328 15.2148 16.006 24.9802 19.0939 20.6255 8.29322 13.0304 25.3787 33.0025 23.113 14.8875 8.88734 16.5033 9.37768
internal_count=2676 1773 1704 1403 1037 331 706 903 362 132 541 250 96 366 251 615 153 230 301 115 273 82 91 192 192 137 102 83 127 86
cat_boundaries=0 1
cat_threshold=80
is_linear=0
shrinkage=0.03


Tree=61
num_leaves=31
num_cat=0
split_feature=3 1 3 7 3 6 2 1 1 6 3 5 8 8 6 5 6 2 6 8 6 8 1 1 5 8 1 3 6 8
split_gain=14.922 12.1049 9.3599 7.11644 6.16257 5.4821 4.91945 4.77523 6.5483 5.03829 4.27476 3.95152 3.66541 2.72129 4.23135 6.04427 3.06378 2.31858 3.78507 6.1243 2.07646 2.60124 1.99447 7.10616 1.98291 1.90112 1.73331 1.69729 1.64757 1.58243
threshold=2.7785327434539799 0.0042029945179820069 0.39261625707149511 -19.499999999999996 0.33652147650718695 51.104207992553718 43.500000000000007 0.096224866807460799 0.0064637907780706891 17.747305870056156 1.1024807691574099 234.24453735351565 -0.11073799058794974 -0.012236929498612879 37.779705047607429 282.62524414062506 32.608009338378913 7.5000000000000009 37.028730392456062 0.10227634012699129 49.101280212402351 0.15162380784749988 -0.0042248512618243686 -0.0013311993097886441 316.54029846191412 -0.039796525612473481 0.011901889927685263 1.5547448992729189 17.747305870056156 0.0055124771315604457
decision_type=8 2 10 10 10 2 10 2 2 2 10 2 10 8 2 2 2 10 2 10 2 10 2 2 2 10 2 8 2 8
left_child=1 4 25 -4 29 7 13 8 -5 -10 12 -2 -7 14 15 16 -6 18 19 -15 -11 -22 -16 -24 -19 -3 -14 -12 -21 -1
right_child=11 2 3 5 6 10 -8 -9 9 20 27 -13 26 17 22 -17 -18 24 -20 28 21 -23 23 -25 -26 -27 -28 -29 -30 -31
leaf_value=0.014983307144036929 0.0046363235436279546 0.011144551282208748 0.022979228544765778 0.015130813334591528 -0.019923052812195797 -0.0007332234390912734 0.019466185579763654 0.0085228843274227813 0.013793655880322598 -0.021736655583820388 -0.015502068652912206 0.027355928427926727 0.010584950756403737 0.033868724860189922 -0.026888362790431011 0.02221108722605912 0.012038585046773263 -0.026993315044468315 -0.022921899229534939 0.0034254069035991111 -0.019018381000651733 0.013428471590909184 0.024148298502593573 -0.019902640467624976 -0.0090890562342120628 0.030830887780792307 0.033244518054491051 0.0054451527192338764 -0.024901568489777839 -0.0027623012453581986
leaf_weight=8.6434411332011205 11.22812642157078 10.403863787651064 9.9768822863697988 6.3716475442051879 8.1383999064564723 9.0769670456647855 3.2903606742620459 12.440094284713267 4.0333101302385321 34.375181347131729 7.2632275409996483 19.02494490146637 7.1005994938313979 2.9813035018742102 8.805428050458433 7.3570436462759963 3.0522723197937003 26.346867606043816 7.6144763529300681 2.9405996985733509 3.4909660927951327 3.4398240000009537 3.5614752769470224 11.349454049021002 8.703363396227358 9.9312186092138273 7.0210208222270012 5.3235721103847036 3.1606795154511929 8.0187321752309817
leaf_count=58 54 47 52 72 113 51 22 76 22 407 56 84 47 35 118 73 39 487 107 32 52 32 31 130 120 44 36 46 52 53
internal_value=-0.000181442 -0.00266902 0.00356944 3.94262e-05 -0.00976792 -0.00245568 -0.01264 -0.00766241 -0.0116439 -0.015652 0.00683278 0.0193419 0.0142575 -0.0139568 -0.00801933 0.00267744 -0.010933 -0.0185622 -0.00863012 0.0044366 -0.0187853 -0.00325199 -0.0161548 -0.00852464 -0.0229229 0.0217534 0.0233043 -0.00689377 -0.0126892 0.0067703
internal_weight=274.465 244.212 130.248 109.913 113.964 99.9364 97.3017 64.151 51.7109 45.3393 35.7854 30.2531 23.1986 94.0114 42.2641 18.5477 11.1907 51.7473 16.6971 9.08258 41.306 6.93079 23.7164 14.9109 35.0502 20.3351 14.1216 12.5868 6.10128 16.6622
internal_count=2648 2510 1040 949 1470 897 1359 661 585 513 236 138 134 1337 504 225 152 833 226 119 491 84 279 161 607 91 83 102 84 111
is_linear=0
shrinkage=0.03


Tree=62
num_leaves=31
num_cat=1
split_feature=1 3 3 9 2 1 3 2 6 6 1 1 2 9 1 6 9 1 0 6 1 6 6 9 6 6 9 0 1 10
split_gain=8.68647 8.0727 9.84722 6.317 6.15966 4.96966 5.55159 6.55352 4.92741 4.92676 4.36853 3.74645 4.58248 3.4382 5.03819 3.82979 3.2901 2.85131 3.39055 3.65563 2.54191 5.43218 6.27586 2.41916 2.81347 2.52206 1.73463 2.21343 4.52212 3.23428
threshold=-0.0083915349096059782 0.36427745223045355 3.1364108324050908 0.15286602824926379 11.500000000000002 0.025003143586218361 0.71297204494476329 17.500000000000004 40.994987487792976 52.684926986694343 -0.036464376375079148 0.0081543130800128 10.500000000000002 0.26787450909614569 0.096224866807460799 32.462585449218757 -0.014709395356476305 0.0049758991226553926 10.500000000000002 52.946125030517585 -0.045972457155585282 36.947896957397468 32.099603652954109 0.21905772387981418 31.969373703002933 18.071282386779789 0.037508174777030952 17.500000000000004 0.0053422136697918185 0
decision_type=2 10 10 8 10 2 10 10 2 2 2 2 10 8 2 2 8 2 10 2 2 2 2 8 2 2 10 8 2 9
left_child=4 3 5 -2 9 6 7 8 -3 10 23 12 -10 14 15 -7 17 -8 -19 -20 -6 22 -22 24 25 -1 -18 29 -29 -28
right_child=1 2 -4 -5 20 13 16 -9 11 -11 -12 -13 -14 -15 -16 -17 26 18 19 -21 21 -23 -24 -25 -26 -27 27 28 -30 -31
leaf_value=-0.0038647907986827119 0.027571435860593945 -0.024688955217422141 0.018950239613848899 -0.0010306468810354192 -0.030364865927068135 -0.01074482530786337 -0.012226430324732496 0.019007191963093396 -0.023036247693915202 -0.027918935765793889 0.01826788110804475 0.018953214960406164 0.011452260511906035 -0.0077083709723655613 0.027194812990872078 0.016712652216177126 -0.026609272701767991 0.026595078017846989 -0.018263913479876784 0.014254563686340396 -0.021722875887234445 -0.030189679480149403 0.021531548984995728 -0.025643272120722822 -0.014164735556052022 0.022432277093500014 -0.0056722131736763612 0.015317402240181938 -0.015650693870983178 -0.023934652917049718
leaf_weight=6.4841360524296778 17.873606912791729 7.2323590815067318 21.224888786673546 10.889203839004042 11.78300945274532 9.2654607705771976 10.026139181107284 14.851976819336413 6.3632578514516371 4.4326534904539576 10.115042917430403 7.0323530659079543 5.6959282457828522 9.6348316408693773 11.043710336089132 7.2532511800527564 7.423063237220048 4.540059443563222 5.2534256279468519 5.2094715014100075 4.4093789979815501 6.9102215543389311 5.8494663052260876 3.0782742127776173 6.8962853178381911 5.1727187782526016 18.015914905816317 6.9320836998522273 8.1349084265530092 17.560493480414152
leaf_count=75 86 65 92 51 238 72 107 89 57 56 111 38 44 70 51 56 103 39 70 31 73 86 79 47 107 58 249 84 73 228
internal_value=-0.000373038 0.00258382 0.000222277 0.0170723 -0.00986676 -0.00234098 -0.00521682 0.0037309 -0.0052682 -0.00149307 0.00293658 0.00295152 -0.0071167 0.00715188 0.0124345 0.00157735 -0.00964227 -0.000506 0.00760107 -0.0022419 -0.0199315 -0.011494 0.00266212 -0.00472289 -0.000117898 0.00865488 -0.0135052 -0.0111064 -0.0013362 -0.0150945
internal_weight=276.588 211.456 182.694 28.7628 65.1312 161.469 124.271 41.1759 26.3239 36.1791 31.7465 19.0915 12.0592 37.1973 27.5624 16.5187 83.0956 25.0291 15.003 10.4629 28.9521 17.1691 10.2588 21.6314 18.5531 11.6569 58.0665 50.6434 15.067 35.5764
internal_count=2685 1755 1618 137 930 1526 1277 293 204 454 398 139 101 249 179 128 984 247 140 101 476 238 152 287 240 133 737 634 157 477
cat_boundaries=0 1
cat_threshold=4
is_linear=0
shrinkage=0.03


Tree=63
num_leaves=31
num_cat=0
split_feature=3 1 6 1 5 9 3 9 6 9 8 7 1 6 5 9 9 7 3 9 5 3 9 3 9 8 3 8 1 7
split_gain=11.1822 10.6365 8.49352 7.74959 6.69844 6.57149 6.80707 8.03183 6.29986 4.67717 4.55125 4.43045 4.17584 3.90039 5.39519 4.02878 6.28933 3.55571 3.42807 3.24733 3.06795 2.98567 2.8602 3.48902 2.54121 2.52941 2.31047 2.49635 1.9671 2.2681
threshold=2.2621635198593144 0.004649306647479535 52.946125030517585 0.057946631684899337 200.88236999511722 0.2763346284627915 0.58475250005722057 0.15778549015522006 18.301102638244632 0.075463313609361662 -0.10309573262929915 1.0000000180025095e-35 0.008400904946029188 52.598661422729499 247.18411254882815 -0.014709395356476305 -0.083460871130228029 -1.0000000180025095e-35 0.98511865735054027 -0.013741764239966868 318.55134582519537 0.36427745223045355 -0.22655964642763135 0.66135850548744213 0.15286602824926379 0.15651877969503405 0.29800376296043402 0.068603541702032103 0.0025770196225494151 -4.4999999999999991
decision_type=8 2 2 2 2 8 10 10 2 10 10 8 2 2 2 10 10 8 10 8 2 10 10 10 10 10 10 10 2 10
left_child=1 5 3 8 -2 6 7 17 -3 18 -11 24 19 14 -8 16 -16 -1 -4 -10 -21 -14 -5 -24 -6 -23 -19 -28 29 -17
right_child=4 2 9 22 11 -7 13 -9 12 10 -12 -13 21 -15 15 28 -18 26 -20 20 -22 25 23 -25 -26 -27 27 -29 -30 -31
leaf_value=0.012042129181812491 -0.014089476575385087 0.020610819525936803 0.029577167793695229 -0.0070117888448243126 0.033840648400882641 -0.027668741176186527 -0.019774004805067632 0.029732968613906913 0.022749216751382736 -0.0097980584415217065 0.01925642008320547 0.0028266363474689009 0.0052395518923642097 -0.026698280585385252 -0.0042961701728570292 0.010655756365498523 0.037869655913666082 0.0030312101648927899 0.0055170001434826331 0.0041826358896071983 -0.026773357474345096 -0.02470658263650358 0.032172934032801165 0.005891994471020524 0.012176870901522814 -0.0034218255170149507 -0.025848000412284484 0.0022478717583970316 0.012697724424325577 -0.018167780932941396
leaf_weight=8.100417032837866 5.7988393977284423 5.0236225873231879 16.457991018891338 5.4708145670592812 14.207443926483394 14.653440872207282 20.206762749701738 7.3516498543322077 3.6147462837398052 11.079307965934278 7.1225507706403723 11.055060215294359 4.2270201295614234 12.83939280733466 7.4172369837760925 2.3221096619963673 4.3538233116269094 7.0325333029031816 8.4483757913112623 7.6178674064576608 3.43168955296278 25.086246438324455 6.8355945646762875 12.220249325037001 9.6149299889802915 6.6633479520678511 8.7405866868793947 3.808588068932294 2.3635003119707099 12.167414739727976
leaf_count=46 37 26 83 48 71 212 380 55 36 65 36 60 18 165 105 25 43 47 65 76 47 329 29 68 51 63 84 37 36 233
internal_value=-0.00035704 -0.00288908 0.00317257 -0.00261351 0.0139688 -0.00956928 -0.00657157 0.00392106 -0.00876756 0.0137512 0.00198197 0.0188966 -0.0120246 -0.0124997 -0.00830553 0.000184689 0.013044 -0.00373155 0.0219438 0.00142847 -0.00685551 -0.0173985 0.0111497 0.0164534 0.0259398 -0.0204804 -0.0105247 -0.0177845 -0.00902448 -0.0131588
internal_weight=275.333 234.657 123.299 80.1912 40.6763 111.357 96.704 35.0338 55.6645 43.1082 18.2019 34.8774 50.6409 61.6702 48.8308 28.6241 11.7711 27.6821 24.9064 14.6643 11.0496 35.9766 24.5267 19.0558 23.8224 31.7496 19.5817 12.5492 16.853 14.4895
internal_count=2676 2457 989 740 219 1468 1256 269 595 249 101 182 569 987 822 442 148 214 148 159 123 410 145 97 122 392 168 121 294 258
is_linear=0
shrinkage=0.03


Tree=64
num_leaves=31
num_cat=0
split_feature=5 1 3 7 1 3 5 3 5 7 5 3 7 1 0 1 3 8 8 6 5 2 0 0 8 8 4 2 8 8
split_gain=10.8186 9.51726 8.34814 6.34022 7.58099 5.21847 7.89946 5.85225 5.12652 7.1922 6.28845 5.70529 5.10391 4.54629 4.25643 4.12451 4.09968 3.71305 3.48217 3.34988 2.88727 5.03364 4.3802 2.62396 2.50264 2.33783 2.18888 2.11859 1.97451 1.94833
threshold=193.26018524169925 -0.081561144441366182 4.9743113517761239 1.0000000180025095e-35 0.0077926099766045817 0.47167532145977026 313.59620666503912 1.0425868630409243 242.64717102050784 -16.999999999999996 212.23610687255862 1.71251517534256 -1.4999999999999998 -0.0021421703277155753 9.5000000000000018 -0.23201002925634381 0.24325837939977649 0.0080776116810739058 0.11999552696943284 36.431882858276374 289.81410217285162 17.500000000000004 7.5000000000000009 9.5000000000000018 0.12880378961563113 -0.27699369192123408 0.45675069093704229 21.500000000000004 0.13605728000402453 -0.21314710378646848
decision_type=2 2 8 10 2 10 2 10 2 8 2 10 8 2 10 2 10 10 10 2 2 10 8 10 10 8 10 8 10 8
left_child=-1 15 3 4 8 -6 12 23 10 -10 24 16 14 17 -7 -2 -11 -5 19 -14 22 28 -18 -8 -3 -12 -24 -23 -22 -15
right_child=1 2 -4 13 5 6 7 -9 9 11 25 -13 18 29 -16 -17 20 -19 -20 -21 21 27 26 -25 -26 -27 -28 -29 -30 -31
leaf_value=-0.02630270881028067 0.012164065791177675 0.020975450158395574 0.025518167749366296 0.021779007192286422 0.023517824924853568 -0.018011549622209733 0.019137576442213811 -0.026982297425813116 0.030361282936860773 0.021092879540533602 0.0032831670302315044 0.024490240953523635 -0.0023531817689808887 0.0024878034168440751 0.011208446178184471 -0.025400026326660882 0.029386243965426027 -0.010521634182261387 0.030572838084021836 0.018720836544071889 -0.019829237587239937 0.01998875221043326 0.012251195553299805 -0.0082361930278026744 -0.0082799280984705778 -0.022667615374282662 -0.013471467304475696 -0.0051463719805767442 0.0022807608213190615 -0.020659501714930441
leaf_weight=11.989299254491923 2.5480880141258266 5.3610663339495641 13.29852946102619 5.344836622476576 19.488507971167564 7.2553314156830337 4.9419230148196238 8.5802326723933202 6.6778586432337761 4.5903542190790168 3.3778102099895477 6.394510854035615 10.399331491440536 3.6483587548136711 8.8548947013914567 14.374806603416799 3.7097737863659832 5.5893435310572386 12.112410835921763 17.509993966668844 23.952457986772064 4.770727697759864 3.6437280103564262 5.8446636497974396 3.7621191516518593 20.657452667132024 7.5498901978135109 5.657897900789977 4.0285438522696486 19.711827062070373
leaf_count=125 21 58 58 62 89 59 50 122 34 24 26 59 74 33 65 269 38 86 65 100 274 51 47 45 56 258 88 47 47 249
internal_value=0.000429685 0.00174018 0.00326133 0.00188983 0.00395002 0.010033 0.00629019 -0.00987668 -0.00164127 0.00291765 -0.0111994 -0.000353908 0.0119434 -0.00984515 -0.00223453 -0.0193809 -0.00346674 0.00576944 0.0175658 0.0110586 -0.0059308 -0.0102065 0.00503756 0.00486485 0.00928524 -0.0190351 -0.00478023 0.00709496 -0.0166771 -0.0170907
internal_weight=275.627 263.637 246.714 233.416 199.121 94.9873 75.4988 19.3668 104.134 70.9757 33.1584 64.2979 56.132 34.2944 16.1102 16.9229 57.9034 10.9342 40.0217 27.9093 53.313 38.4096 14.9034 10.7866 9.12319 24.0353 11.1936 10.4286 27.981 23.3602
internal_count=2679 2554 2264 2206 1776 669 580 217 1107 709 398 675 363 430 124 290 616 148 239 174 592 419 173 95 114 284 135 98 321 282
is_linear=0
shrinkage=0.03


Tree=65
num_leaves=31
num_cat=1
split_feature=3 3 1 14 9 6 1 0 7 5 1 1 4 5 1 1 5 6 5 6 0 0 0 6 9 9 6 9 4 6
split_gain=9.17869 7.50784 8.30769 7.48821 6.77835 6.45731 6.52364 5.87543 4.35161 3.88832 3.77785 3.27003 3.2191 3.15591 5.38763 4.32298 4.25786 4.09862 3.43247 3.58253 3.0064 3.37012 4.70849 4.48492 2.83695 2.60278 3.12771 2.24866 2.14349 1.70721
threshold=0.66135850548744213 2.5867866277694707 0.0099341254681348818 0 0.075463313609361662 53.265357971191413 0.025862181559205059 8.5000000000000018 -14.499999999999998 238.96639251708987 0.0063274018466472634 0.014004568103700878 0.858421951532364 301.52626037597662 -0.020789129659533497 -0.21100931614637372 242.64717102050784 32.635873794555671 226.97651672363284 50.009799957275398 24.500000000000004 7.5000000000000009 9.5000000000000018 36.847028732299812 0.17868173122406009 0.024030849337577823 48.209159851074226 -0.12340334430336951 0.061285242438316352 41.603979110717781
decision_type=10 10 2 9 10 2 2 10 8 2 2 2 10 2 2 2 2 2 2 2 8 10 10 2 8 10 2 10 8 2
left_child=8 2 12 5 -5 6 11 -6 -1 -3 20 -4 13 14 15 -2 18 -18 19 -16 21 23 -23 -10 27 -24 -27 -12 -17 -15
right_child=1 9 3 4 7 -7 -8 -9 10 -11 24 -13 -14 29 16 28 17 -19 -20 -21 -22 22 25 -25 -26 26 -28 -29 -30 -31
leaf_value=0.030806872264726684 0.019777493024826415 -0.0010630838003623366 0.0053869856686989672 -0.021053534694587175 0.01998756780318434 0.037646874207250776 0.023668388435939026 -0.013234554842749291 0.0064790084498142541 0.019681146679565303 0.0028467149490202601 -0.028012020354582806 -0.020540036350753924 -0.0070533444420869656 0.028772856962244592 -0.026800106436452174 -0.0027005083575464077 0.035642720538132999 -0.016884960873008524 -0.010636545108135217 -0.019687604065026808 0.030028024133938142 -0.008854471432070089 -0.024206332644010599 0.00084003041810339573 -0.0030189257897230816 0.026289423256958152 0.022962122682265319 0.0026149325763945592 -0.025356374875503501
leaf_weight=5.9835574179887772 1.8540421091020096 15.822510462254288 4.7815028466284328 17.32459207996726 9.407251141965391 7.7100627198815337 8.084041699767111 7.9485945403575888 8.6115722283720952 15.522981107234953 6.9630746543407467 4.2323072031140327 28.204039709642529 9.3253248184919375 3.3873284645378607 11.543586730957028 3.921647693961857 5.3698215819895267 7.7350450195372105 3.1862876266241074 4.9469291679561129 6.2801015414297607 9.87007585167885 6.9415439143776885 12.543825022876261 6.4883082024753076 5.2648685351014137 20.096007153391838 2.5076351687312135 10.599286712706087
leaf_count=25 27 78 51 178 72 35 52 75 65 73 35 56 448 130 51 253 53 54 91 48 52 43 88 59 62 69 35 104 51 157
internal_value=0.000366438 -0.00362627 -0.00646835 0.00217027 -0.00648445 0.0119384 0.00550242 0.00488046 0.00790616 0.00950078 0.00602051 -0.0115263 -0.0122908 -0.0081008 -0.00302644 -0.016004 0.00601478 0.0207693 -0.00429708 0.0107886 0.000352373 0.00302519 0.00914951 -0.00785122 0.0127689 0.00202643 0.0111418 0.0180718 -0.0217256 -0.0175365
internal_weight=272.458 178.468 147.122 59.4884 34.6804 24.8079 17.0979 17.3558 93.9899 31.3455 88.0063 9.01381 87.634 59.43 39.5054 15.9053 23.6001 9.29147 14.3087 6.57362 48.4034 43.4565 27.9034 15.5531 39.6029 21.6233 11.7532 27.0591 14.0512 19.9246
internal_count=2670 2033 1882 519 325 194 159 147 637 151 612 107 1363 915 628 331 297 107 190 99 411 359 235 124 201 192 104 139 304 287
cat_boundaries=0 1
cat_threshold=1297
is_linear=0
shrinkage=0.03


Tree=66
num_leaves=31
num_cat=1
split_feature=1 3 3 3 8 14 7 1 1 8 6 9 5 6 6 9 0 9 9 9 5 1 9 9 3 3 1 0 9 8
split_gain=9.77697 8.2299 8.01156 5.95508 6.11712 5.36546 6.89425 6.01874 5.72624 5.18406 4.94233 5.05854 4.26365 4.06943 3.97797 3.86984 3.51663 6.03669 3.48615 3.36256 2.65026 2.62974 2.51933 2.41563 2.60606 2.1768 2.00153 1.60431 2.00434 1.49991
threshold=0.0042029945179820069 0.62397068738937389 2.5867866277694707 0.71644878387451183 -0.30080667138099665 0 1.0000000180025095e-35 0.0073604967910796413 0.012417792808264496 0.14661013334989551 50.189250946044929 0.2763346284627915 322.85104370117193 53.265357971191413 32.263656616210945 0.22904596477746966 7.5000000000000009 0.018254144117236141 0.14454689621925357 -0.013741764239966868 281.76176452636724 -0.0078207761980593187 -0.12068254873156546 -0.19074507057666776 2.4078700542449956 0.38748431205749517 0.008400904946029188 6.5000000000000009 0.16786827892065051 -0.093571562319993959
decision_type=2 10 10 10 8 9 10 2 2 10 2 10 2 2 2 8 10 10 10 8 2 2 10 8 10 10 2 8 10 8
left_child=2 15 3 10 -5 7 8 -3 19 23 11 12 14 18 20 22 -12 -18 -10 -7 -1 -16 -2 -9 27 -24 -21 28 -25 -8
right_child=1 5 -4 4 -6 6 29 9 13 -11 16 -13 -14 -15 21 -17 17 -19 -20 26 -22 -23 25 24 -26 -27 -28 -29 -30 -31
leaf_value=0.002027685243922443 0.0052737004264000239 0.016594838695597938 0.014520473236190736 0.016352904911293587 -0.017793866895403996 0.01697696359366823 0.002652840809795757 0.0044494398157319042 -0.00045749132898208222 0.0097420927035003942 -0.030293960192163759 -0.021942033906525851 0.027251948952882268 0.040795724161503878 -0.023561948409389733 0.0016678423961323848 -0.023136250761462234 0.017283950722158301 0.026464149722012342 -0.019204169232861393 0.029043214226098613 0.0083626673014353843 0.035433854126866941 -0.020578023617149034 0.003489091448465978 0.015954196328323976 0.0055114392096196315 -0.026373136052144114 0.0045112880583981036 -0.021782709092257269
leaf_weight=8.4479055702686363 7.252777360379695 8.1790557876229268 14.997983187437056 4.4088457971811295 52.061908353120089 6.0305926278233528 3.1047171168029308 4.6582850143313408 8.2257712706923538 8.8555379733443242 5.9233912266790893 4.1448569353669873 8.332502141594885 7.4565374106168738 5.3804997876286507 11.766269229352472 5.5692380815744382 5.7534630261361599 8.0603953227400762 6.1711598262190837 4.5060575790703288 3.0029164478182775 12.038218230009081 5.6519857235252875 4.2173553183674803 13.615082263946531 4.3990676254034042 17.86484195664525 4.5067982338368893 5.7357855737209302
leaf_count=78 35 82 73 50 948 39 40 36 67 68 60 46 51 33 77 59 43 41 49 58 36 28 56 74 24 74 38 192 28 69
internal_value=0.000860481 0.00603697 -0.00538152 -0.00826556 -0.0148898 0.00132793 0.00757858 -0.00489496 0.0143177 -0.0100562 -0.000794238 0.00584951 0.0103208 0.0234633 0.00278497 0.0166399 -0.0134274 -0.00286147 0.0136268 0.000647616 0.012833 -0.0124541 0.0217863 -0.0149393 -0.0177902 0.0260818 -0.0093308 -0.0210024 -0.0100407 -0.0138036
internal_weight=270.32 147.79 122.53 107.532 56.4708 103.118 49.184 53.9339 40.3435 45.7548 51.0608 33.8147 29.6699 23.7427 21.3374 44.6723 17.2461 11.3227 16.2862 16.6008 12.954 8.38342 32.9061 36.8993 32.241 25.6533 10.5702 28.0236 10.1588 8.8405
internal_count=2652 1121 1531 1458 998 897 393 504 284 422 460 316 270 149 219 224 144 84 116 135 114 105 165 354 318 130 96 294 102 109
cat_boundaries=0 1
cat_threshold=678
is_linear=0
shrinkage=0.03


Tree=67
num_leaves=31
num_cat=1
split_feature=3 1 8 7 3 2 7 3 9 14 8 8 8 2 8 2 8 9 9 9 8 4 2 8 8 1 9 7 9 9
split_gain=9.73102 7.80719 7.26316 7.07229 5.13744 4.76203 4.18744 3.95606 4.431 3.33785 5.91441 5.4204 6.86706 3.15324 3.02523 2.95506 2.8345 4.11531 2.74002 3.63918 2.72609 2.83078 2.35641 2.31834 3.22334 2.32961 2.1037 2.07288 1.91729 1.89225
threshold=2.2621635198593144 0.0019513407605700197 0.18636120110750201 -20.499999999999996 0.39261625707149511 2.5000000000000004 1.0000000180025095e-35 0.71644878387451183 0.2763346284627915 0 0.039533829316496856 0.0081883147358894365 0.13189990073442462 23.500000000000004 -0.079479575157165513 10.500000000000002 -0.20760643482208249 0.060492698103189475 -0.071424968540668474 0.25266480445861822 -0.14804514497518537 0.9999942183494569 11.500000000000002 -0.062175825238227837 0.096062198281288161 -0.037172093987464898 -0.26621013879775995 10.500000000000002 0.096550125628709807 0.1856794357299805
decision_type=8 2 8 8 10 8 10 10 8 9 10 8 10 8 8 10 10 10 10 8 10 8 10 8 8 2 8 8 10 10
left_child=1 7 13 -3 22 -6 9 8 16 10 -7 18 -13 -2 29 -14 -1 23 -11 20 -20 -22 -5 -18 25 -25 -16 -28 -17 -9
right_child=2 3 -4 4 5 6 -8 14 -10 11 -12 12 15 -15 26 28 17 -19 19 -21 21 -23 -24 24 -26 -27 27 -29 -30 -31
leaf_value=-0.016849141050741805 0.026596270809194026 0.032029073463352029 -0.011648901138716252 0.0050939863195893793 0.024306401748542629 -0.026356376627266167 -0.017180789476522712 -0.0072893613919733534 -0.02468608906915647 0.025548512052945425 0.011941817777017454 -0.019048325262117052 0.019287829450679674 0.0047453796789656217 0.0081736123804299916 0.0092416452438816802 0.013976042573932972 0.017448673963493578 -0.016064521528772819 0.019507252372391298 -0.0043921348458714629 0.019486931637321136 0.02477743627112703 0.00092077098593181114 0.0080596409683555328 -0.027159105175042126 -0.022182847797050025 0.0068351899473204393 -0.016959524957491558 0.017498705157365593
leaf_weight=5.1081314645707598 22.90848978608847 6.3436260297894478 6.8893495276570311 12.303223423659803 5.3395297676324835 10.876185584813355 13.939073976129292 10.752516243606804 5.4009258877485982 7.5933729372918597 4.5332442522048959 16.343284033238888 8.3045323453843611 8.5762612745165807 1.996342748403549 3.8705200478434545 4.6496483236551285 13.821121979504822 6.3405097946524576 11.210455160588021 10.050735808908952 6.6529330015182486 9.9268981516361219 3.9581739343702802 6.3530917130410698 6.7226992361247548 30.151827646419406 1.9433822073042382 4.3326784782111645 2.6331532932817927
leaf_count=42 125 30 39 56 56 94 198 157 62 51 37 180 50 43 30 39 34 125 51 68 119 40 46 41 52 67 645 20 48 39
internal_value=0.00118127 -0.00115937 0.0149697 0.00336999 0.00175759 -0.000955004 -0.00247042 -0.00780809 -0.0014735 -3.12395e-05 -0.00935031 0.00284822 -0.00579966 0.0209735 -0.0137904 0.00765583 0.00213249 0.00525016 0.0102785 0.00626489 -0.000720587 0.0056822 0.0145719 -0.00295161 -0.00809101 -0.0175651 -0.0184211 -0.0202723 -0.00493612 -0.00153575
internal_weight=269.826 231.452 38.3741 137.961 131.617 109.387 104.048 93.491 46.0138 90.1085 15.4094 74.699 32.851 31.4848 47.4772 16.5077 40.6129 35.5047 41.848 34.2546 23.0442 16.7037 22.2301 21.6836 17.034 10.6809 34.0916 32.0952 8.2032 13.3857
internal_count=2684 2477 207 1163 1133 1031 975 1314 423 777 131 646 317 168 891 137 361 319 329 278 210 159 102 194 160 108 695 665 87 196
cat_boundaries=0 1
cat_threshold=70
is_linear=0
shrinkage=0.03


Tree=68
num_leaves=31
num_cat=1
split_feature=1 3 7 2 8 6 5 14 1 6 6 1 8 5 8 2 3 6 8 5 5 8 8 1 2 7 8 8 3 2
split_gain=9.01617 7.28529 8.7894 6.51998 9.32229 6.94058 5.70901 5.0268 9.19099 8.03076 9.63188 6.96549 6.93119 6.66575 6.46537 5.3399 6.0632 5.74073 4.81513 4.04315 5.74546 2.74655 2.61405 2.5645 2.14759 2.14601 2.10004 2.91211 2.06871 2.03081
threshold=-0.0078207761980593187 3.1364108324050908 1.0000000180025095e-35 11.500000000000002 0.15411201864480975 52.684926986694343 276.17088317871099 0 0.047635944560170181 51.104207992553718 18.396368980407718 0.011706571560353042 -0.28706251084804529 321.43739318847662 -0.12372096255421637 4.5000000000000009 0.6723327934741975 41.636472702026374 -0.021622797474265095 285.62876892089849 243.76800537109378 -0.082737840712070451 0.14233727753162387 0.0063274018466472634 14.500000000000002 -1.0000000180025095e-35 0.044121442362666137 -0.050540065392851823 0.62397068738937389 11.500000000000002
decision_type=2 8 10 10 8 2 2 9 2 2 2 2 10 2 8 10 8 2 8 2 2 10 10 2 8 10 8 8 10 10
left_child=3 2 7 4 5 6 25 9 13 10 -2 12 -11 19 -15 -16 -17 -18 -10 20 22 -12 28 -14 -23 -1 27 -4 -9 -21
right_child=1 -3 26 -5 -6 -7 -8 8 18 11 21 -13 23 14 15 16 17 -19 -20 29 -22 24 -24 -25 -26 -27 -28 -29 -30 -31
leaf_value=0.016099870129765485 0.026652003919793266 0.020459706637600241 -0.017477062596847077 -0.021123369881384184 -0.026979231152299613 -0.026602117940513068 0.027878262335388111 -0.0011898079060185234 0.031841214537090726 0.033685911499424355 0.0046463344066587902 0.034117482872552611 -0.0079919380785333539 -0.02469829107092042 -0.011813469641359892 0.043767051601232197 0.032569830157837765 -0.01607188766841422 0.0028493864576826966 -0.032786831576025993 0.021207472704686082 -0.028608105733096408 0.0023263029095442738 0.011867365133334267 -0.0068212962750167951 -0.0090928626323308025 -0.028357118756200173 0.0095923500828837341 -0.024585473747681108 -0.012687324165818433
leaf_weight=3.4660777375102034 6.8972868323326137 17.817781746387482 9.6444584131240827 26.902960389852524 8.7133943904191238 3.6978070847690097 11.183628566563128 4.8529320806264975 8.2432737499475461 6.4483215585350981 6.4709116145968499 14.435688525438307 13.168284807354217 3.7407411150634289 4.4433043114841047 5.9961018189787838 2.65280506014824 4.4639437422156334 12.156769547611477 9.1123010590672511 5.0838180370628825 7.5193524956703177 8.1926365159451944 8.97076418250799 9.4171622358262521 8.5708035007119232 7.7281550951302078 4.6082869172096244 11.264848105609415 12.128670502454041
leaf_count=30 38 78 127 468 149 50 103 33 36 41 51 68 101 33 51 35 33 74 84 116 43 88 78 44 87 118 97 70 128 125
internal_value=-0.000379364 0.00266327 0.000873872 -0.0102605 -0.00170606 0.00714814 0.0133992 0.00326767 -0.00163013 0.00845552 -0.00222299 0.0177776 0.00865228 -0.00685912 0.00699477 0.0147148 0.023904 0.0038384 0.0155049 -0.0127086 -0.00520144 -0.0114747 -0.0113438 0.000220175 -0.0175497 -0.00116 -0.0165243 -0.00866973 -0.0180223 -0.0223964
internal_weight=267.993 205.459 187.641 62.5347 35.6317 26.9183 23.2205 165.66 92.3321 73.3278 30.3047 43.0231 28.5874 71.9321 21.2969 17.5562 13.1129 7.11675 20.4 50.6352 29.3942 23.4074 24.3104 22.139 16.9365 12.0369 21.9809 14.2527 16.1178 21.241
internal_count=2677 1759 1681 918 450 301 251 1387 869 518 264 254 186 749 226 193 142 107 120 523 282 226 239 145 175 148 294 197 161 241
cat_boundaries=0 1
cat_threshold=1553
is_linear=0
shrinkage=0.03


Tree=69
num_leaves=31
num_cat=1
split_feature=3 1 3 3 1 9 9 8 3 2 2 9 8 9 9 2 0 0 0 9 8 3 1 1 2 4 1 3 10 9
split_gain=10.9595 10.777 5.87478 5.79891 5.15619 4.67621 4.51305 4.292 3.98271 6.02851 4.87361 4.59484 3.55168 2.79842 4.48039 2.65488 2.64675 3.24872 2.61192 2.03564 1.79686 1.76056 2.21938 2.42938 4.26555 3.70833 2.55871 1.45056 1.3991 2.70887
threshold=4.0206308364868173 0.004649306647479535 0.62397068738937389 0.6723327934741975 -0.23201002925634381 -0.11536423489451407 0.22904596477746966 -0.066117975860834108 1.6502721309661867 2.5000000000000004 12.500000000000002 0.14454689621925357 -0.096794549375772462 0.2763346284627915 0.15778549015522006 5.5000000000000009 15.500000000000002 5.5000000000000009 9.5000000000000018 0.015012749470770361 -0.039796525612473481 1.4568132162094118 0.036769453436136253 0.01664349623024464 24.500000000000004 0.00011839557555504145 0.011901889927685263 2.7785327434539799 0 0.17050728946924212
decision_type=8 2 10 10 2 8 8 8 10 10 10 10 10 8 10 10 10 10 8 10 10 10 2 2 10 10 2 10 9 10
left_child=1 3 6 13 -5 20 15 12 9 -7 11 -10 28 14 16 -3 17 -1 -19 -18 -4 22 23 24 25 -11 -27 -9 29 -6
right_child=-2 2 5 4 7 8 -8 27 10 21 -12 -13 -14 -15 -16 -17 19 18 -20 -21 -22 -23 -24 -25 -26 26 -28 -29 -30 -31
leaf_value=-0.011699767089932683 0.022207326953891295 0.0032474462315222434 0.0010150830509455693 0.023183135361649381 -0.013551833627332815 0.022304695560784939 -0.0029875743816061263 -0.022652637850076065 -0.02297654733826042 0.0068265631515992426 0.022310789964947661 0.010626310733868433 0.015737635283949926 -0.017543187203763768 0.021001268472962999 0.024465243181806744 -0.025124387111316551 0.023263370285131604 -0.00078706481914111981 0.0020359579030491976 0.02163192002926104 -0.022729178279298691 -0.021381892789092843 0.010701417427540483 0.017258300059541983 -0.028717876273146901 -0.0022779563101513124 -0.001459257419009854 -0.019498494182892068 0.015914220131386523
leaf_weight=7.5912101492285791 18.513973727822304 7.2387924119830158 5.9225682616233852 2.4311070702970019 6.5854287408292294 4.6244174502789965 10.26388794928789 37.566882662475109 5.6501168198883551 5.3374065384268858 9.8355036377906782 7.2423364222049713 4.9985125921666613 5.8590332157909861 8.7050036340951902 23.105638563632965 5.4752069972455484 7.0594516098499271 8.0704142451286316 3.8014388903975487 10.179659742861984 8.1681599989533407 7.4325176589190951 7.0191991291940203 3.9870303198695174 10.429447185248135 4.8858987353742114 3.298078477382659 7.9336000941693827 3.4798980951309204
leaf_count=57 84 34 45 22 88 42 51 778 56 68 73 54 55 63 70 120 69 47 63 37 72 87 55 69 31 134 51 16 113 32
internal_value=0.00057125 -0.00115312 0.0046744 -0.00791573 -0.0135475 0.000388979 0.0140081 -0.0152817 -0.00281952 -0.00736946 0.00744007 -0.00469399 -0.00463765 0.000218954 0.00313512 0.0196687 -0.00221452 0.00336561 0.0111812 -0.0148794 0.0145516 -0.0106751 -0.00765233 -0.00387306 -0.00828037 -0.01378 -0.0209396 -0.0210179 -0.0108266 -0.00284695
internal_weight=262.692 244.178 131.323 112.855 66.2935 90.7143 40.6083 63.8624 74.612 51.8841 22.728 12.8925 22.9974 46.5618 40.7027 30.3444 31.9977 22.7211 15.1299 9.27665 16.1022 47.2597 39.0915 31.659 24.6398 20.6528 15.3153 40.865 17.9989 10.0653
internal_count=2636 2552 1042 1510 1104 837 205 1082 720 537 183 110 288 406 343 154 273 167 110 106 117 495 408 353 284 253 185 794 233 120
cat_boundaries=0 1
cat_threshold=4
is_linear=0
shrinkage=0.03


Tree=70
num_leaves=31
num_cat=4
split_feature=1 6 6 14 11 3 7 1 1 1 10 7 7 14 6 1 3 6 6 3 6 8 8 8 5 3 3 3 8 4
split_gain=8.7774 6.74071 8.68118 7.65503 6.02245 5.55887 5.83994 6.37315 5.42299 4.32592 4.07951 3.92926 4.88587 3.77416 4.65142 3.30245 3.53575 2.3656 5.84835 4.05494 3.4084 3.13874 1.75788 2.47973 1.56328 1.68435 1.55287 1.39431 1.37731 2.59587
threshold=0.00090630701743066322 52.946125030517585 18.338701248168949 0 1 1.6630089282989504 1.0000000180025095e-35 0.0063274018466472634 0.090036813169717803 0.019967474043369297 2 -1.0000000180025095e-35 -5.4999999999999991 3 48.378511428833015 0.010312102269381286 0.58475250005722057 30.737538337707523 32.798503875732429 1.061639726161957 38.472324371337898 0.13620546460151675 -0.13388190418481824 0.039807986468076713 278.09506225585943 0.69786092638969432 0.51374065876007091 0.27056263387203222 0.13189990073442462 0.399316355586052
decision_type=2 2 2 9 1 10 8 2 2 2 9 10 8 9 2 2 8 2 2 10 2 10 10 8 2 10 10 10 10 10
left_child=4 2 -2 15 13 8 7 -7 17 -9 -5 12 26 -1 22 16 -3 -4 -19 21 -21 24 -15 -24 -20 -26 -6 -13 29 -14
right_child=1 3 5 10 11 6 -8 9 -10 -11 -12 27 28 14 -16 -17 -18 18 19 20 -22 -23 23 -25 25 -27 -28 -29 -30 -31
leaf_value=-0.0073925947388985454 0.021746646217857719 0.026759146832621206 0.004576279447785778 0.0092787527953686177 0.0019715761538485065 0.040309511748711439 -0.011669963196727253 -0.012042872711053792 0.009368882559086163 0.018522184732905688 -0.016238607361101699 -0.001503330460874088 -0.0015036761596267927 0.0014196357556528535 -0.013878702646848018 0.032233701211974108 -0.00088897276064279129 -0.030248021034879443 0.0071467627408211276 0.0059265245521534608 -0.029535210746084679 0.017898256149457819 0.031831743180421888 0.0048665200699906548 0.00018219602869447291 -0.019413990524889527 -0.023325696763682034 -0.020064657528316029 -0.0034526018191151399 0.031149804203973359
leaf_weight=10.781748298555611 12.827139809727667 6.9062296748161289 6.3844029791653147 8.8446122445166111 2.720234163105486 5.6365961171686676 9.4212986342608946 6.836527191102503 12.230770695954559 7.9972109869122505 12.463471937924623 4.1768933385610572 3.8054636958986539 4.1358173750340965 3.9844131581485263 17.723249815404415 8.6612909473478794 13.754893474280832 5.135445620864636 2.8274089284241191 9.0865980647504312 5.3348678015172473 9.7986151613295061 4.8626022804528501 6.9611223675310603 8.0633192099630815 7.691022427752614 40.662564577534795 4.2450108807533979 3.8983961921185255
leaf_count=123 66 31 51 79 16 33 80 61 71 54 85 32 45 47 50 85 60 139 44 35 149 47 86 64 51 128 124 668 44 39
internal_value=-0.000541107 0.00367067 -0.000547905 0.0122163 -0.007493 -0.00360463 0.00706261 0.0158261 -0.00820945 0.00456454 -0.00393964 -0.0116608 -0.00291694 0.00335163 0.00918797 0.0182091 0.0122514 -0.0120416 -0.0141632 -0.00761544 -0.0213123 -0.000651942 0.0191726 0.0237701 -0.00617471 -0.0108899 -0.0171225 -0.0184061 0.00982706 0.0167004
internal_weight=267.859 167.096 112.498 54.5989 100.763 99.6705 29.8916 20.4703 69.7788 14.8337 21.3081 67.1996 22.3601 33.5632 22.7814 33.2908 15.5675 57.5481 51.1637 37.4088 11.914 25.4948 18.797 14.6612 20.1599 15.0244 10.4113 44.8395 11.9489 7.70386
internal_count=2687 1349 1009 340 1338 943 228 148 715 115 164 968 268 370 247 176 91 644 593 454 184 270 197 150 223 179 140 700 128 84
cat_boundaries=0 1 2 3 4
cat_threshold=529 1 4 1153
is_linear=0
shrinkage=0.03


Tree=71
num_leaves=31
num_cat=1
split_feature=1 14 6 1 7 3 9 7 9 1 6 1 1 6 7 1 5 1 6 5 6 0 1 3 9 6 3 5 1 0
split_gain=8.34195 5.15219 12.7491 8.5543 7.75644 7.50116 4.79745 5.12527 4.5991 4.22565 3.60336 3.44305 5.33756 3.76404 3.87645 3.3012 2.72341 2.48773 6.31875 4.51573 2.5829 2.42955 3.51135 2.41804 4.07287 4.63103 3.57789 3.50904 2.25304 2.19479
threshold=0.00090630701743066322 0 50.988521575927741 0.047635944560170181 -1.0000000180025095e-35 3.1364108324050908 0.2960518896579743 -19.499999999999996 -0.26621013879775995 -0.00052209419663995494 18.396368980407718 -0.21100931614637372 -0.092726353555917726 52.684926986694343 -5.4999999999999991 -0.0073417301755398503 321.29571533203131 0.0064637907780706891 38.963422775268562 328.68859863281256 36.156560897827156 22.500000000000004 0.011706571560353042 0.56653288006782543 -0.013254493474960325 38.606920242309577 2.2197015285491948 285.33349609375006 -0.045972457155585282 6.5000000000000009
decision_type=2 9 2 2 10 8 8 8 10 2 2 2 2 2 10 2 2 2 2 2 2 10 2 10 10 2 8 2 2 10
left_child=6 4 3 5 29 10 7 -1 -5 11 -3 -9 -13 14 16 -15 -14 18 20 -19 -12 22 -4 27 25 28 -26 -16 -25 -2
right_child=1 2 21 8 -6 -7 -8 9 -10 -11 17 12 13 15 23 -17 -18 19 -20 -21 -22 -23 -24 24 26 -27 -28 -29 -30 -31
leaf_value=0.024196017813139025 -0.00024195768197623354 0.015326198039787397 0.014332894338275969 -0.010678475453294679 -0.017256360095454351 0.018934748675511065 -0.026840473125494733 0.022055460752837618 0.019026756148123072 -0.028980806660391999 -0.0027467828860973961 -0.023446952557735486 -0.023193173477767053 -0.029343524197483196 0.00092927223813056049 -0.00076580157999477105 0.0075341157899665627 -0.021606490082557196 -0.02225172276534141 0.013593682543845704 0.027514752964475635 0.0056074828672534067 0.033894790631597262 0.0046974106663862933 -0.017342293544558924 -0.015256787369379694 0.018751911174623052 0.030529697426603997 0.031738342450270955 0.024467090836531147
leaf_weight=4.4908572807908058 6.4486992433667165 3.6946778744459143 21.00752891972661 5.0673981495201614 21.129743900150061 8.3935196101665479 8.1915677003562433 3.4209702312946311 24.410631403326988 5.5371985472738734 4.5053747817873973 11.211352439597247 7.0919369794428331 6.4123954176902771 7.2054934166371805 7.2526374459266645 3.2350631542503834 26.731022778898481 7.1855013705790034 3.0378624834120265 4.36484569683671 9.1981254182755929 16.242423728108406 5.2733479235321274 11.397591372951872 3.6259143948554984 2.2138949781656274 6.3444832004606724 5.9785920977592388 5.4539738968014717
leaf_count=23 53 20 131 45 171 36 138 36 126 75 43 226 102 90 69 71 20 343 107 30 46 65 90 84 236 43 14 43 68 34
internal_value=0.000718389 0.0048004 0.00712254 0.000843696 -0.00512738 -0.00584111 -0.00614934 -0.0040081 0.0137375 -0.00573809 -0.0103323 -0.00380724 -0.00521991 -0.00182155 0.00190616 -0.0152625 -0.0137521 -0.0126842 -0.00291112 -0.0176893 0.0134232 0.0201704 0.0235258 0.00598278 0.000869631 0.0113605 -0.01059 0.0159347 0.0204831 0.0120989
internal_weight=265.755 166.871 133.839 87.3908 33.0324 57.9128 98.8833 90.6917 29.478 86.2009 49.5193 80.6637 77.2427 66.0314 52.3663 13.665 10.327 45.8246 16.0557 29.7689 8.87022 46.4481 37.25 42.0393 28.4893 14.8779 13.6115 13.55 11.2519 11.9027
internal_count=2678 1340 1082 796 258 625 1338 1200 171 1177 589 1102 1066 840 679 161 122 569 196 373 89 286 221 557 445 195 250 112 152 87
cat_boundaries=0 1
cat_threshold=450
is_linear=0
shrinkage=0.03


Tree=72
num_leaves=31
num_cat=1
split_feature=3 3 8 2 5 8 14 8 0 5 5 5 8 8 0 5 2 8 5 2 3 2 8 9 9 9 8 4 2 8
split_gain=6.98803 9.51987 5.17435 5.13911 3.37142 3.47994 2.96488 4.54336 4.4048 3.95324 3.57848 2.51278 2.23366 2.15085 2.09595 2.04739 2.43267 3.14005 3.73213 2.79816 2.22034 3.47591 2.07825 2.06516 2.61127 2.5856 2.51185 1.93091 3.26725 6.18398
threshold=2.2621635198593144 0.66135850548744213 0.18636120110750201 43.500000000000007 242.64717102050784 -0.042106870561838143 0 0.10649955272674562 2.5000000000000004 319.38301086425787 282.62524414062506 322.01348876953131 -0.17348890751600263 -0.034482209011912339 6.5000000000000009 196.55893707275393 2.5000000000000004 -0.012236929498612879 219.17687988281253 20.500000000000004 1.5547448992729189 20.500000000000004 0.030477914027869705 -0.05742355249822139 0.18794573843479159 0.30170334875583654 -0.099180757999420152 3.8927472800764924e-08 7.5000000000000009 0.14233727753162387
decision_type=8 10 8 8 2 10 9 10 10 2 2 2 8 8 10 2 10 10 2 10 10 10 10 8 10 10 10 10 10 10
left_child=1 6 4 15 5 -2 7 10 -8 12 -1 -12 -10 -11 -14 -3 -17 18 -18 22 23 -22 -19 26 -25 -26 -20 -24 29 -29
right_child=2 3 -4 -5 -6 -7 8 -9 9 13 11 -13 14 -15 -16 16 17 19 20 -21 21 -23 27 24 25 -27 -28 28 -30 -31
leaf_value=-0.004343575942632974 -0.0099114790916033924 -0.026792554976394399 -0.0089162172851269973 0.017732238811591427 0.026081553388330746 0.017858457956059285 0.022685624765082405 0.031267074398307178 0.0082393953289079305 -0.0031110790828126128 0.022409333378866879 0.00085396436022337459 -0.023357645947084272 0.020060517764729287 -0.0058421007424761355 0.010878556896066465 0.02137572209184305 -0.021455785539777079 -0.011346130586762983 -0.027927716806249333 -0.0081023571440506648 0.022308619048336465 -0.014672931602350066 -0.018974921559902051 0.012400187417901842 -0.013973526959541812 0.018486335127478909 0.039134428359734165 -0.0077608003210345618 -0.011319466918435713
leaf_weight=13.825638584792612 6.2873951643705359 4.2460080180317155 7.9645766764879218 6.3614485412836066 16.714534312486649 8.4090558141469973 5.4884416013956061 8.3343066647648794 4.7232332341372967 6.2165421769022942 13.119600325822832 7.5525374412536612 9.6032469123601967 6.8772313818335515 16.935816779732704 5.4641651697456828 4.2157110311090937 10.373200586065648 4.0552631132304668 8.6518407352268678 6.7578860931098443 5.1008303128182888 16.163356654345989 18.596200492233042 5.7005170658230764 5.6852311380207539 4.1767048761248571 3.3615989908576038 20.919815124943852 3.6937207635492086
leaf_count=100 37 70 47 38 89 43 33 54 29 37 81 41 69 45 162 76 54 157 46 162 83 41 261 243 56 61 40 40 355 49
internal_value=0.000336799 -0.00170824 0.0118362 -0.00681485 0.017211 0.00610344 0.0056433 0.0102388 -0.000370277 -0.00374203 0.00730519 0.0149369 -0.00946286 0.00961915 -0.0127982 -0.00817163 -0.00731736 -0.00824858 -0.00287747 -0.0127482 -0.00529795 0.00569605 -0.00987927 -0.00876792 -0.0123351 -0.000833909 0.00415303 -0.00674355 -0.00181387 0.0145939
internal_weight=265.576 226.2 39.3756 133.523 31.411 14.6965 92.6766 42.8321 49.8445 44.3561 34.4978 20.6721 31.2623 13.0938 26.5391 127.162 122.916 117.452 54.2883 63.1635 50.0726 11.8587 54.5117 38.2139 29.9819 11.3857 8.23197 44.1385 27.9751 7.05532
internal_count=2699 2483 216 1832 169 80 651 276 375 342 222 122 260 82 231 1794 1724 1648 624 1024 570 124 862 446 360 117 86 705 444 89
cat_boundaries=0 1
cat_threshold=529
is_linear=0
shrinkage=0.03


Tree=73
num_leaves=31
num_cat=2
split_feature=1 6 6 8 8 8 14 9 2 1 6 2 9 0 9 9 4 4 5 1 10 2 0 1 1 2 6 4 5 6
split_gain=5.95152 5.25816 4.73861 6.04446 4.07649 3.78139 3.41567 5.23981 5.68266 3.74176 3.08127 2.86259 5.00503 3.70764 4.28998 3.59545 3.38703 4.19246 3.27441 2.98816 2.78976 4.56695 2.64735 3.36467 2.61324 2.28342 2.2274 2.14112 1.93841 3.17477
threshold=0.0010961646912619474 55.611980438232429 52.684926986694343 0.15411201864480975 -0.3763051033020019 -0.29463022947311396 0 -0.013741764239966868 11.500000000000002 -0.045972457155585282 18.338701248168949 11.500000000000002 0.41500657796859747 27.500000000000004 -0.19462026655673978 -0.021279271692037579 1.0000000180025095e-35 0.99999845027923595 282.62524414062506 0.0087502133101224917 1 21.500000000000004 4.5000000000000009 0.011901889927685263 -0.029511261731386181 8.5000000000000018 37.269767761230476 0.82874381542205822 318.00239562988287 32.608009338378913
decision_type=2 2 2 8 10 10 9 10 10 2 2 10 10 10 10 8 10 10 2 2 9 10 8 2 2 10 2 8 2 2
left_child=2 4 3 6 -2 -6 7 8 -1 -10 -7 12 22 14 -13 -15 -16 -18 -19 -20 21 -9 23 27 -5 -22 -8 -12 29 -11
right_child=1 -3 -4 24 5 10 26 20 9 28 11 13 -14 15 16 -17 17 18 19 -21 25 -23 -24 -25 -26 -27 -28 -29 -30 -31
leaf_value=0.021676903875750633 -0.017687214976187089 0.020416254073017726 -0.01946941364496442 -0.027389244404274114 0.020919807331085363 0.01590561840567737 0.029779102809705693 -0.018457134428091763 -0.026023175572222806 -0.0038293310202935768 0.0025920001277845465 0.02648937301236581 0.0229362787185005 0.0061199292388226358 0.013206187788282728 -0.026131514417107878 -0.01264027439250669 -0.0063880208044223043 0.030730386393045157 0.0013913265475316034 -0.0057146781961834748 0.024984520571691607 -0.014935903226818389 0.013418806259822372 -0.0013226489019406045 -0.027495745564010968 0.0057191947005735067 -0.027663827771154774 -0.013018776467120314 0.031279460076025022
leaf_weight=10.946539156138895 8.006955258548258 14.26325987651944 17.301776263862848 9.8658353686332685 9.0106645263731462 11.553092941641806 6.174990510568021 3.4154300391674113 4.4308799076825371 4.9352544657886011 3.7927370294928533 7.4912082739174286 3.9617104753851882 5.1789155416190624 19.88759162649513 5.7735538147389871 16.659873366355896 8.775090094655754 5.677639324218033 6.0583149194717407 8.1660198755562323 3.3194976560771465 24.753194505348802 7.9954092800617218 5.2344047836959353 10.110386874526737 7.8566864170134068 3.3307627812027931 3.2679914124310008 3.0768423527479172
leaf_count=107 69 79 197 208 50 58 46 57 97 70 47 50 31 39 153 49 198 60 43 38 110 36 268 60 82 200 55 33 38 34
internal_value=0.000123926 0.00364539 -0.00567534 -0.00251972 0.00190186 0.00314059 0.00149531 -0.00262619 0.00603325 -0.00551131 0.00176729 0.000277741 -0.00574386 0.00380305 0.00656189 -0.0116452 0.00353442 -0.00185068 0.00709326 0.0168835 -0.0127423 0.00341624 -0.00908498 0.000826666 -0.0189968 -0.0185651 0.0105593 -0.0132188 0.00400888 0.0116281
internal_weight=260.273 162.17 98.1025 80.8008 147.907 139.9 65.7005 51.6688 26.6575 15.711 130.889 119.336 43.8338 75.5022 64.5497 10.9525 57.0585 37.1709 20.511 11.736 25.0113 6.73493 39.8721 15.1189 15.1002 18.2764 14.0317 7.1235 11.2801 8.0121
internal_count=2662 1325 1337 1140 1246 1177 850 749 346 239 1127 1069 439 630 542 88 492 339 141 81 403 93 408 140 290 310 101 80 142 104
cat_boundaries=0 1 2
cat_threshold=865 1
is_linear=0
shrinkage=0.03


Tree=74
num_leaves=31
num_cat=1
split_feature=3 3 9 0 9 2 6 9 4 2 5 2 9 2 9 5 6 6 6 2 5 14 3 8 8 6 2 5 6 2
split_gain=6.37556 7.56215 4.03523 4.24966 3.1485 3.06079 3.92777 3.15784 3.34139 4.49963 3.07389 2.76513 2.8749 3.95818 2.73267 2.59643 2.49471 3.96851 3.7189 2.30898 2.7905 4.3505 2.68115 2.2205 3.44578 2.21289 1.90746 2.6308 1.73141 1.70121
threshold=0.61347514390945446 2.5867866277694707 -0.013741764239966868 21.500000000000004 -0.031007526442408558 2.5000000000000004 36.596654891967781 0.047496516257524497 0.99999961256980907 11.500000000000002 313.59620666503912 5.5000000000000009 -0.19074507057666776 16.500000000000004 0.03498716093599797 238.96639251708987 32.320522308349616 50.009799957275398 18.579593658447269 4.5000000000000009 282.62524414062506 0 0.36427745223045355 -0.074763540178537355 0.14661013334989551 38.472324371337898 15.500000000000002 282.62524414062506 48.209159851074226 24.500000000000004
decision_type=10 10 8 10 8 10 2 10 10 10 2 10 10 10 10 2 2 2 2 10 2 9 10 10 10 2 10 2 2 8
left_child=19 2 4 5 11 6 -4 -7 10 -10 16 -2 13 -13 -3 -16 18 23 -9 -1 21 -21 -22 -18 -25 -12 27 -14 -24 -28
right_child=1 14 3 -5 -6 7 -8 8 9 -11 25 12 26 -15 15 -17 17 -19 -20 20 22 -23 28 24 -26 -27 29 -29 -30 -31
leaf_value=-0.0035223004614036461 0.016617520239182483 -0.00037126617097824733 0.02805933635945403 -0.02334186234290064 0.019687548166300271 -0.020693890108079777 -0.0072567247126988921 0.003853777685999617 -0.0077684288625474085 0.033822767577776892 0.0055064532530047913 -0.0067398533383770508 -0.01342457887106459 0.024668047231900237 0.00579333823955427 0.028031307692573674 0.029024962215084035 -0.0093303162357925712 -0.029371351854673187 0.0099881669331031292 0.025745858410981499 -0.0071050614708950272 -0.00049294245270498365 -0.013180951914322527 0.022259346639027212 -0.025112258860188079 -0.024872825867833862 0.010857798877921007 0.015624937481229803 -0.0014851530322112924
leaf_weight=13.550297290086744 5.5888340622186652 12.344929389655592 4.1707507167011482 14.53317500464618 6.3507529720664015 13.642558837309478 5.5752412248402834 5.2130817752331478 4.3451650813221923 3.4216483272612095 2.2077423185110083 7.7236305959522671 7.4328107535839134 5.2938429825007915 9.8580412417650241 9.4138454869389516 4.2614481560885906 12.394483506679533 5.6215756647288799 19.358025904744864 13.391461700201033 14.740092445164917 10.499135836958887 4.403465738520028 3.5749658364802599 10.671840939670799 8.4861617442220414 6.6884522419422865 12.809825062751768 4.1598465032875547
leaf_count=82 56 63 41 222 59 212 69 64 54 38 35 101 106 57 48 45 34 156 94 141 66 110 89 58 41 211 120 79 76 32
internal_value=0.000871988 -0.00235802 -0.00524991 -0.00892088 0.00146671 -0.00602755 0.00906134 -0.00823391 -0.00489541 0.0123225 -0.00785498 -0.00145314 -0.00433685 0.00688147 0.0107265 0.017503 -0.00307629 0.0022763 -0.0144103 0.00761247 0.00976295 0.00342856 0.0154011 0.0138465 0.00340961 -0.0198452 -0.00984389 -0.00196592 0.00864328 -0.0178522
internal_weight=261.727 177.378 145.761 94.0371 51.7243 79.504 9.74599 69.758 56.1154 7.76681 48.3486 45.3736 39.7847 13.0175 31.6168 19.2719 35.469 24.6344 10.8347 84.3488 70.7985 34.0981 36.7004 12.2399 7.97843 12.8796 26.7673 14.1213 23.309 12.646
internal_count=2659 2095 1939 1329 610 1107 110 997 785 92 693 551 495 158 156 93 447 289 158 564 482 251 231 133 99 246 337 185 165 152
cat_boundaries=0 1
cat_threshold=560
is_linear=0
shrinkage=0.03


Tree=75
num_leaves=31
num_cat=4
split_feature=1 3 3 1 7 7 1 1 5 10 0 0 8 8 3 8 10 6 10 0 14 1 3 8 8 8 3 3 8 5
split_gain=10.1351 6.1868 5.79877 5.29137 3.75299 3.8275 3.63065 6.2044 4.47717 4.3467 5.56267 3.73558 3.35784 4.90984 3.04054 5.14195 6.11468 3.86973 5.9558 2.87509 2.8594 3.70859 2.56353 2.40211 6.26114 3.10034 2.24718 5.32367 2.23658 1.91739
threshold=0.00090630701743066322 3.1364108324050908 0.61819949746131908 -0.23201002925634381 28.500000000000004 1.0000000180025095e-35 -0.00052209419663995494 -0.0010247391182929275 316.54029846191412 0 5.5000000000000009 12.500000000000002 0.12880378961563113 0.12204518541693689 1.6502721309661867 0.11531557887792589 1 39.300983428955085 2 4.5000000000000009 3 0.0077926099766045817 0.89789888262748729 -0.0014256411814130841 -0.018012063577771183 -0.11073799058794974 1.2629095911979678 0.81171366572380077 -0.23697563260793683 245.87235260009768
decision_type=2 8 10 2 8 10 2 2 2 9 8 10 8 10 10 10 9 2 9 10 9 2 10 8 8 10 10 10 10 2
left_child=3 2 19 -1 5 14 7 8 12 -10 -11 -12 13 23 15 20 -17 -16 -19 -2 21 -4 -7 24 25 26 27 -5 -22 -30
right_child=1 -3 4 6 -6 22 -8 -9 9 10 11 -13 -14 -15 17 16 -18 18 -20 -21 28 -23 -24 -25 -26 -27 -28 -29 29 -31
leaf_value=0.026521505585358159 -0.0049221225708648798 0.021391854862342036 -0.014347649573204498 -0.0094820708677005195 0.020964306556543962 0.0055759782633831084 -0.028512980318761511 0.02904927609861915 0.027063130630010736 -0.02980653725713488 0.024883911064793856 -0.0095366214562870779 -0.02375391977039135 0.016445221680062766 0.025410459713154924 0.031403036887285657 -0.0057105580330076167 0.022073630780431903 -0.01824689601266706 0.014157961315767107 -0.032360023689209177 0.01217176252725641 -0.024545021180473938 -0.020484377700874114 0.027526438541151488 -0.023229037704335348 -0.015900008332360202 0.033769725536320162 -0.022741320574620888 -0.0047464841396613463
leaf_weight=3.0173008739948264 8.0324845314025861 16.828584775328636 6.1534040533006218 6.1192421466112119 5.2852100357413283 2.9104538932442656 6.855597522109746 3.1548378318548194 4.4537140987813473 4.1193705424666414 4.771990742534399 4.7945419400930405 16.300928315147758 5.5882335584610692 7.2795897200703648 6.3345177695155144 8.2170385718345624 4.6986283361911747 6.8296353332698354 40.986556597054005 5.437459919601678 13.246958982199429 9.7118760887533409 15.926999151706694 3.3953360300511148 10.171000359579923 5.3854760080575934 3.0559957101941109 7.6223502680659356 15.872598307207225
leaf_count=25 43 76 59 66 34 43 89 30 31 45 46 61 301 63 51 64 73 36 69 222 59 91 151 289 36 138 63 43 79 209
internal_value=0.000174576 0.00468203 0.00265959 -0.00747422 -0.00151154 -0.00297778 -0.00883181 -0.00697954 -0.0086569 0.00435605 -0.00437299 0.00836314 -0.0122481 -0.00807551 -0.000516454 -0.00369445 0.011426 0.00975931 -0.00136309 0.0109955 -0.0083861 0.00232813 -0.0177002 -0.0114819 -0.005856 -0.0113306 -0.0020606 0.00682684 -0.0121326 -0.0112745
internal_weight=262.558 165.447 148.619 97.1106 99.5997 94.3145 94.0933 87.2377 84.0828 18.1396 13.6859 9.56653 65.9432 49.6423 81.6922 62.8843 14.5516 18.8079 11.5283 49.019 48.3328 19.4004 12.6223 44.054 28.1271 24.7317 14.5607 9.17524 28.9324 23.4949
internal_count=2685 1359 1283 1326 1018 984 1301 1212 1182 183 152 107 999 698 790 634 137 156 105 265 497 150 194 635 346 310 172 109 347 288
cat_boundaries=0 1 2 3 4
cat_threshold=1 4 1 273
is_linear=0
shrinkage=0.03


Tree=76
num_leaves=31
num_cat=1
split_feature=5 3 3 7 14 5 5 7 5 2 6 6 8 6 9 8 2 6 9 9 9 5 8 8 6 5 5 7 5 8
split_gain=5.25743 6.39955 8.19485 4.96653 4.0272 7.13818 3.66422 4.44645 4.13846 3.51999 3.18208 4.05236 2.93835 2.91484 6.32802 2.90418 5.49281 4.4591 2.72153 4.0917 2.6756 4.637 2.6277 2.71985 2.24435 4.37393 2.55503 2.22418 2.07636 1.98452
threshold=193.26018524169925 2.5867866277694707 0.71644878387451183 -14.499999999999998 0 321.86138916015631 316.84051513671881 -2.4999999999999996 242.64717102050784 22.500000000000004 18.338701248168949 54.310663223266609 -0.30080667138099665 38.472324371337898 0.071452643722295775 0.081348042935132994 9.5000000000000018 36.573274612426765 0.032480256631970413 0.1419937610626221 -0.12966353446245191 211.07709503173831 0.13189990073442462 0.23867208510637286 35.665649414062507 280.75183105468756 284.77020263671881 -2.4999999999999996 222.12770843505862 -0.01363668357953429
decision_type=2 8 10 8 9 2 2 8 2 8 2 2 10 2 10 10 10 2 10 10 10 2 10 10 2 2 2 8 2 8
left_child=-1 2 3 -2 10 -6 8 -8 12 24 -5 15 -4 14 -9 16 17 -12 -3 -20 21 -14 -22 28 25 -10 -27 -11 -24 -18
right_child=1 18 6 4 5 -7 7 13 9 27 11 -13 20 -15 -16 -17 29 -19 19 -21 22 -23 23 -25 -26 26 -28 -29 -30 -31
leaf_value=-0.01890937182351737 0.03062902409792673 0.00041860015835696441 0.016302563552107397 0.02658159293309233 -0.018916181454752892 0.018310503252851801 0.0093155193461461599 -0.026228703332252624 -0.024948832812569714 0.0018247383521057391 0.035421210869964206 0.01902007096622919 0.028588607258469012 -0.025899985949865926 0.024319113731566925 -0.010262680114213133 0.0027472877474478412 0.0013874526962805802 0.035692487500467551 0.0080430049537152781 -0.020321187903910319 -0.010726890382723744 -0.0072438253331000707 -0.016511671369768454 0.007047023990661678 0.01944689951367606 -0.0077713070858091513 0.027882019766559716 0.02002428687872836 -0.015018557504575418
leaf_weight=11.092667831107972 5.8841601461172104 8.9192389771342295 3.1595622450113288 6.4833263978362075 15.532326705753805 5.5444215908646575 5.2056070119142532 3.7359823361039224 7.0094307139515903 5.089130500331521 7.0256913639605028 14.826176419854162 3.1621065568178874 17.627851346507668 3.2199066206812859 12.806537179276345 18.392946146428585 6.2457597777247429 7.998709753155711 12.063951995223759 22.09917882271111 6.7379222791641951 4.0770829785615188 7.1248561572283498 15.524649061262606 4.3934802506118995 6.423348493874073 6.5318725071847421 4.2381582707166672 7.0300020296126631
leaf_count=122 25 43 23 46 123 31 63 57 85 43 44 88 40 325 46 119 128 46 39 58 316 78 72 117 154 58 103 75 44 73
internal_value=0.000420725 0.00133534 -0.000396882 0.00598594 0.00413498 -0.0060136 -0.005484 -0.0144935 -0.00255473 0.0040228 0.00698306 0.00573817 -0.00836546 -0.0197022 -0.00271425 0.00162511 0.00571899 0.0206239 0.0143557 0.0202377 -0.010311 0.00330137 -0.0138935 -0.00401713 -0.00105322 -0.00810722 0.00399408 0.0175196 0.00731198 -0.00254782
internal_weight=265.206 254.113 225.131 99.7713 93.8872 21.0767 125.36 29.7893 95.5708 44.9719 72.8104 66.3271 50.5989 24.5837 6.95589 51.5009 38.6944 13.2715 28.9819 20.0627 47.4393 9.90003 37.5393 15.4401 33.3509 17.8263 10.8168 11.621 8.31524 25.4229
internal_count=2684 2562 2422 723 698 154 1699 491 1208 518 544 498 690 428 103 410 291 90 140 97 667 118 549 233 400 246 161 118 116 201
cat_boundaries=0 1
cat_threshold=561
is_linear=0
shrinkage=0.03


Tree=77
num_leaves=31
num_cat=2
split_feature=1 14 6 7 6 5 3 6 8 8 1 1 8 3 3 1 3 3 10 9 9 6 1 8 8 9 3 9 5 3
split_gain=8.56798 4.81457 10.5701 9.65497 7.4888 4.60492 6.64472 4.42508 3.94142 5.1584 4.03966 7.12234 3.98266 3.98408 3.3265 2.64635 3.25138 4.74565 2.47981 3.5271 2.34965 2.27069 2.22566 2.16199 4.18928 2.75613 2.54417 2.0044 3.92006 1.94756
threshold=0.00090630701743066322 0 52.946125030517585 -3.4999999999999996 18.396368980407718 268.11334228515631 3.3186441659927373 52.684926986694343 0.23867208510637286 0.15651877969503405 0.047635944560170181 0.0092108468525111693 -0.14804514497518537 1.5876884460449221 0.76744762063026439 0.010312102269381286 0.58475250005722057 1.0714367032051089 1 0.054459346458315856 0.2763346284627915 18.113891601562504 0.11289014667272569 -0.13388190418481824 0.052782483398914344 0.03061280865222216 0.99034190177917492 0.075993169099092497 305.66441345214849 0.8174307942390443
decision_type=2 9 2 8 2 2 8 2 8 10 2 2 10 10 8 2 10 10 9 8 8 2 2 10 10 8 10 8 2 10
left_child=5 2 4 -3 -2 21 7 20 9 10 11 12 -6 14 -14 16 -4 -18 -5 -20 23 -1 -12 -7 29 26 -26 -13 -29 -25
right_child=1 3 15 18 8 6 -8 -9 -10 -11 22 27 13 -15 -16 -17 17 -19 19 -21 -22 -23 -24 24 25 -27 -28 28 -30 -31
leaf_value=0.00095012893002445714 0.024847773616412706 0.020835931313161953 0.025183555482935754 0.0015371534854915104 -0.020135606388866328 -0.011799335950008929 0.030513771352107009 -0.021638511922218131 -0.019427484157547477 0.024347771777408666 0.018737677252378862 -0.028766477120166892 0.013432685398756156 0.02813398709489837 -0.013477946953457481 0.026755302373479142 -0.018939058878036073 0.016445459358461464 -0.0054316993613932104 -0.030149114133040875 -0.020534343658877959 -0.018240819651345039 -0.0022621724426983244 0.022590072896849379 0.016867131344612072 -0.019447662629684673 -0.013293344249915844 -0.026685699948156564 0.0064113919359177598 0.0022881725334817421
leaf_weight=6.5139037612825623 9.3928937986493093 7.9129768013954163 7.0123326033353832 6.1982689499855042 4.0749936439096919 7.5740571320056906 4.2014802992343894 10.377467095851896 9.4251682572066766 6.2415512762963763 9.4347206950187701 9.8897614963352662 7.5886337794363543 5.9639026746153823 6.9721104949712762 20.683901529759169 5.2601194940507394 6.496306523680687 9.7038930095732194 11.669952727854257 3.7768070865422478 33.066305616870522 7.6997836902737609 10.203354241326453 5.1900906134396827 6.6156746521592078 3.3120880424976349 5.0657967831939477 6.2159318886697292 7.253431422635912
leaf_count=102 50 54 32 60 40 81 18 122 100 47 53 131 61 44 123 112 43 51 72 94 56 556 37 83 55 116 52 56 79 108
internal_value=-0.000404916 0.00380687 0.00626588 -0.00523508 0.000906559 -0.00736784 -0.00194576 -0.00496354 -0.00223178 0.000355634 -0.00236863 -0.006996 0.00397095 0.00947022 0.00050902 0.0194464 0.0104457 0.000369965 -0.0150169 -0.0196715 -0.000630087 -0.0151369 0.00969654 0.00169584 0.00509163 -0.00626759 0.00495539 -0.0193431 -0.00941283 0.0147355
internal_weight=260.988 162.903 127.418 35.4851 87.9652 98.0847 58.5045 54.303 78.5724 69.1472 62.9056 45.7711 24.5996 20.5246 14.5607 39.4527 18.7688 11.7564 27.5721 21.3738 43.9255 39.5802 17.1345 40.1487 32.5746 15.1179 8.50218 21.1715 11.2817 17.4568
internal_count=2688 1339 1059 280 821 1349 691 673 771 671 624 534 268 228 184 238 126 94 226 166 551 658 90 495 414 223 107 266 135 191
cat_boundaries=0 1 2
cat_threshold=1585 4
is_linear=0
shrinkage=0.03


Tree=78
num_leaves=31
num_cat=2
split_feature=1 7 14 6 6 3 1 1 3 1 1 0 0 9 6 1 1 7 0 0 10 1 7 9 6 1 1 6 9 6
split_gain=6.8916 5.11167 5.93569 5.30765 6.76188 4.99829 4.7863 3.75824 3.82267 5.22276 4.73848 4.57761 4.90644 4.2579 5.76571 3.66355 5.17384 3.26731 3.05196 2.88094 4.04806 2.52997 2.41936 2.35616 2.1469 2.03665 2.29367 2.0044 1.92782 2.57739
threshold=0.00090630701743066322 -5.4999999999999991 0 51.104207992553718 36.596654891967781 3.1364108324050908 0.013569353614002468 -0.00010237461174256167 0.56653288006782543 -0.0064350664615631095 -0.23201002925634381 15.500000000000002 7.5000000000000009 -0.01583845820277929 32.112770080566413 0.057946631684899337 0.0066975220106542119 -1.0000000180025095e-35 9.5000000000000018 9.5000000000000018 1 0.011706571560353042 5.5000000000000009 0.071452643722295775 50.858745574951179 0.0087502133101224917 0.0049758991226553926 30.737538337707523 0.19530879706144336 49.552991867065437
decision_type=2 8 9 2 2 10 2 2 10 2 2 10 10 8 2 2 2 10 10 10 9 2 10 10 2 2 2 2 10 2
left_child=7 6 -3 4 15 23 -2 8 11 10 -10 12 -1 14 17 16 -4 -12 -18 24 -21 25 -15 -6 -11 26 -5 -20 29 -25
right_child=1 2 3 21 5 -7 -8 -9 9 19 13 -13 -14 22 -16 -17 18 -19 27 20 -22 -23 -24 28 -26 -27 -28 -29 -30 -31
leaf_value=-0.0029335403232213287 0.028287902390668224 -0.011324760100142687 0.021169948388832661 -0.0010730026375226106 -0.024375076036253548 0.015072487469940615 0.001423249566860904 -0.029305663979907654 0.01992766983274492 0.0047044191716586218 -0.0063656819189808608 -0.016020727945441654 0.023995280026591376 -0.028912490523906948 -0.02151858087108318 0.016118745463609464 0.0047347418630570804 0.026454672032086082 -0.0021319774826113191 -0.0018316103340033549 0.032656627897089577 0.022476150807536573 0.0023288985331298842 0.020970979090148823 -0.025004727575166356 -0.0080536976396936959 0.021023904019857875 -0.029730004008516216 -0.013760168284224697 -0.011371570046930433
leaf_weight=11.80559409409762 12.899317596107723 15.983366118744016 6.0968531444668796 7.1338752917945447 11.375463521108033 5.5251911282539359 10.655590642243622 4.9033219441771498 2.5711076594889155 4.1483091004192856 4.8675894439220428 6.7106005623936644 11.164535183459519 19.577491123229269 9.3067845720797759 22.682021789252758 7.7513949461281326 4.4295827299356478 3.9579603038728219 6.6925656609237194 4.4972653277218324 15.986365441232918 2.3422172702848902 3.4146207738667753 3.0920491144061089 5.5813250951468936 9.0569200776517373 5.5807588547468185 12.390380527824162 3.5470675844699144
leaf_count=87 71 125 55 62 169 25 80 63 23 58 59 77 80 432 179 116 54 60 35 82 48 93 37 47 45 34 61 68 178 47
internal_value=0.000271924 0.00408535 0.00179779 0.0042111 0.000246029 -0.00930628 0.016688 -0.00603829 -0.00448315 -0.00870321 -0.0143214 0.00426314 0.0106101 -0.016922 -0.00589171 0.00780097 -0.000596246 0.0103219 -0.00900927 0.00449463 0.0135713 0.0137129 -0.0256183 -0.0140268 -0.00947784 0.00657401 0.0117917 -0.0195675 -0.0070451 0.00513354
internal_weight=255.727 159.618 136.064 120.08 82.3217 36.2527 23.5549 96.109 91.2057 61.525 43.0948 29.6807 22.9701 40.5237 18.604 46.069 23.387 9.29717 17.2901 18.4302 11.1898 37.7585 21.9197 30.7275 7.24036 21.7721 16.1908 9.53872 19.3521 6.96169
internal_count=2650 1320 1169 1044 794 466 151 1330 1267 1023 790 244 167 767 298 328 212 119 157 233 130 250 469 441 103 157 123 103 272 94
cat_boundaries=0 1 2
cat_threshold=258 4
is_linear=0
shrinkage=0.03


Tree=79
num_leaves=31
num_cat=3
split_feature=5 3 3 6 9 6 6 2 10 8 5 5 3 2 10 9 10 2 9 9 8 8 9 3 3 3 5 5 3 2
split_gain=6.62244 8.51664 4.72966 4.41573 2.91984 4.18994 4.70917 3.38117 2.8003 2.74873 4.56512 4.98287 4.10697 3.73542 3.38922 7.1338 2.69381 2.62746 3.21306 2.57821 3.67523 2.32845 2.25162 3.97559 6.14128 5.83379 2.04589 4.62084 1.91138 2.93223
threshold=185.39875793457034 3.1364108324050908 0.66135850548744213 16.900479316711429 0.22904596477746966 33.418319702148445 32.263656616210945 6.5000000000000009 0 -0.0093491435982286913 311.92922973632818 282.62524414062506 0.88497468829154979 2.5000000000000004 1 0.055875398218631751 2 24.500000000000004 0.14454689621925357 0.14719259738922122 -0.14804514497518537 0.03130301088094712 0.1116263195872307 1.7939363718032839 1.1364904642105105 0.91818156838417064 282.62524414062506 212.23610687255862 0.30664058029651647 13.500000000000002
decision_type=2 8 10 2 10 2 2 10 9 10 2 2 10 8 9 8 9 10 8 10 8 10 10 10 10 10 2 2 10 10
left_child=-1 2 4 -4 5 6 26 -7 -3 10 11 12 -5 -11 19 -16 -6 18 -12 20 -14 -15 23 24 25 -23 27 -2 -9 -30
right_child=1 8 3 9 16 7 -8 28 -10 13 17 -13 14 21 15 -17 -18 -19 -20 -21 -22 22 -24 -25 -26 -27 -28 -29 29 -31
leaf_value=-0.025091662392120937 0.014287434009347781 0.03055218619421661 0.027124369394759922 -0.018202719247037157 -0.019094957714580887 -0.0011666110284498127 -0.021394683064183365 0.031428513661931515 0.0085072076648827436 0.015883829509191417 -0.024080081464121331 0.023091242937687974 -0.018070299839090361 -0.022198645370614615 0.015957210664338486 -0.024912730131281677 0.0028173513829795362 0.0096853786106568494 0.0054476763013771015 0.025423059533992213 0.018384709896210921 -0.012663337165181388 -0.014775422387862029 0.014246185120184883 -0.025133540578726927 0.023518122687426587 0.018822551600637324 -0.01725894939269795 -0.0020995019934100952 0.020226252706778972
leaf_weight=7.9953969828784457 7.8926045745611244 9.0529128015041351 3.0034338980913153 8.0049742758274061 6.8152155317366123 10.299248829483984 6.7455277051776639 7.3912579044699696 13.043209105730057 4.2574528567492953 12.412139063701034 9.3493719100952131 3.6614435277879238 12.110494734719394 6.3488850072026288 7.1452997289597953 13.67505286820233 3.4070647954940787 3.9780628699809357 7.6060515232384214 4.3479903526604158 7.7592416889965552 23.153761560097337 8.3245088607072812 10.356087625026701 6.4417142812162638 6.2779801636934272 6.8848656378686428 7.4623808898031738 15.865531969815491
leaf_count=99 54 40 17 83 49 69 80 39 61 60 200 91 38 180 65 92 99 23 50 57 42 129 398 80 182 100 42 51 54 88
internal_value=0.000205987 0.00110083 -0.000633314 -0.00403157 0.00474214 0.00767907 -0.00131089 0.0136584 0.0184709 -0.00489578 -0.000458983 0.00468335 -0.000437869 -0.00889463 0.00488965 -0.00590954 -0.00502025 -0.0121729 -0.0170123 0.0140158 0.00156365 -0.01065 -0.00780864 -0.00261163 -0.00866003 0.00421644 0.00580166 -0.000572462 0.0185088 0.0132917
internal_weight=261.069 253.074 230.978 141.668 89.3097 68.8194 27.801 41.0184 22.0961 138.665 66.2613 46.464 37.1146 72.4033 29.1097 13.4942 20.4903 19.7973 16.3902 15.6155 8.00943 68.1458 56.0353 32.8816 24.557 14.201 21.0555 14.7775 30.7192 23.3279
internal_count=2712 2613 2512 1887 625 477 227 250 101 1870 741 468 377 1129 294 157 148 273 250 137 80 1069 889 491 411 229 147 105 181 142
cat_boundaries=0 1 2 3
cat_threshold=4 4 1
is_linear=0
shrinkage=0.03


Tree=80
num_leaves=31
num_cat=3
split_feature=14 1 1 11 3 7 7 2 2 1 1 7 1 3 3 9 9 1 2 9 9 2 0 10 3 0 1 1 1 1
split_gain=6.41679 12.6787 6.02545 5.79033 5.62784 4.31632 3.96432 3.63778 4.59444 5.29026 3.61895 3.52869 3.4373 3.32132 5.16415 3.67678 10.2463 3.88234 3.67069 2.8911 4.63234 3.54562 2.60497 2.89165 2.39049 2.98183 2.9389 2.34075 6.76348 1.83749
threshold=0 0.0077926099766045817 -0.079186607152223573 1 4.5223801136016855 1.0000000180025095e-35 -1.4999999999999998 7.5000000000000009 16.500000000000004 0.034071890637278564 0.0068218964152038106 -2.4999999999999996 -0.0056721041910350314 0.46241356432437902 2.2621635198593144 -0.03908619470894336 -0.013741764239966868 0.0038277106359601025 22.500000000000004 0.18794573843479159 0.080326158553361907 3.5000000000000004 8.5000000000000018 2 0.67925539612770092 14.500000000000002 -0.0013311993097886441 0.004649306647479535 0.0092108468525111693 0.013569353614002468
decision_type=9 2 2 1 8 10 8 10 10 2 2 10 2 10 10 10 10 2 8 10 10 10 8 9 10 10 2 2 2 2
left_child=1 13 -2 4 7 6 29 19 11 10 12 -9 -10 -1 15 -15 -17 18 22 20 21 -4 -18 -24 26 -26 -13 -5 -29 -3
right_child=2 5 3 27 -6 -7 -8 8 9 -11 -12 24 -14 14 -16 16 17 -19 -20 -21 -22 -23 23 -25 25 -27 -28 28 -30 -31
leaf_value=0.0091733344946221106 -0.024766379589730114 0.015080801107558934 -0.0039487908931687549 -0.025839301497190267 0.029049534592099479 -0.0035665751623998434 0.024903791936862353 -0.024969825763569129 -0.0092750476083423 0.02998947611977848 -0.023010971124858993 0.020731833686601413 0.020203961490248137 -0.022827999915948614 0.013097731759374745 0.033934566361756076 -0.027339043033331113 -0.030370739521292336 0.014592726263670971 0.021049300490756366 -0.023594305818252337 0.025088908779157603 0.01874578797858837 -0.012682631785253543 -0.019786318226474493 0.0097275016023378128 -0.0085500180338520908 0.011539240564032291 -0.020715417565432118 -0.0072316945630628727
leaf_weight=17.744018994271755 9.6775423437356931 5.7795209288597089 7.4486774280667358 9.0071418490260857 5.9825963377952567 7.5727003719657651 37.710546873509884 9.4141665697097761 5.9509541504085099 5.4720328152179709 4.2093206569552413 5.2267987728118896 6.4871972426772135 12.779136603698133 10.019107870757578 4.3972181715071192 5.1654468979686579 6.1571232974529257 5.6240752376615992 10.802586356177924 3.9051408264785996 6.235422819852829 2.9995093084871769 6.7593334652483463 9.9360457193106395 3.5861715655773869 5.2960070744156855 9.0269939638674277 13.374749166890977 5.6500154621899128
leaf_count=115 215 42 85 133 27 91 242 111 116 29 62 47 65 173 56 31 95 72 71 74 55 55 42 129 153 57 35 79 112 40
internal_value=0.00170077 0.00616966 -0.0029352 -0.00124606 0.00285462 0.0171126 0.0203069 0.00100437 -0.00345586 0.00696477 -0.00187397 -0.010347 0.00645927 -0.00175956 -0.00546017 -0.00989473 -0.00403529 -0.0112864 -0.00442395 0.00955604 0.00174474 0.0100903 -0.0120566 -0.00217819 -0.00385346 -0.0118282 0.00653157 -0.0103906 -0.0077804 0.00435654
internal_weight=259.397 128.358 131.04 121.362 89.9531 56.7128 49.1401 83.9705 55.5787 22.1195 16.6475 33.4592 12.4382 71.645 53.901 43.8818 31.1027 26.7055 20.5484 28.3918 17.5892 13.6841 14.9243 9.75884 24.045 13.5222 10.5228 31.4089 22.4017 11.4295
internal_count=2709 1199 1510 1295 971 415 324 944 675 272 243 403 181 784 669 613 440 409 337 269 195 140 266 171 292 210 82 324 191 82
cat_boundaries=0 1 2 3
cat_threshold=1617 5 4
is_linear=0
shrinkage=0.03


Tree=81
num_leaves=31
num_cat=0
split_feature=3 1 9 3 7 8 3 1 8 0 9 0 8 8 3 6 8 0 8 9 9 6 1 6 6 3 1 3 5 0
split_gain=7.40855 5.8081 5.03343 4.82131 5.48193 3.86558 6.24206 3.58965 3.31048 3.92705 4.01899 3.32992 3.43752 2.69237 2.42273 3.62677 3.31937 5.24693 4.06986 3.08144 5.01013 2.53062 2.22701 2.07158 2.58058 2.05695 1.9327 1.86193 1.85718 1.77573
threshold=2.7024371623992924 0.0042029945179820069 0.032480256631970413 0.39261625707149511 -24.499999999999996 -0.066117975860834108 0.6723327934741975 -0.0026437448104843493 -0.086042959243059144 7.5000000000000009 0.15778549015522006 14.500000000000002 -0.13967320322990415 0.0080776116810739058 1.4620903134346011 49.86413764953614 0.12673619389533999 9.5000000000000018 -0.096794549375772462 0.24368029832839969 0.071452643722295775 53.824871063232429 0.025003143586218361 32.462585449218757 37.135625839233406 0.44418853521347051 -0.21100931614637372 0.57286566495895397 241.33645629882815 11.500000000000002
decision_type=8 2 10 10 10 8 10 2 8 10 10 10 8 8 10 2 10 10 8 10 10 2 2 2 2 10 2 10 2 10
left_child=1 5 -2 29 -5 8 7 13 9 -1 11 -11 -13 -7 15 16 18 -18 -6 20 21 -17 -16 -20 -25 -15 -8 -27 -4 -3
right_child=2 3 28 4 14 6 26 -9 -10 10 -12 12 -14 25 22 19 17 -19 23 -21 -22 -23 -24 24 -26 27 -28 -29 -30 -31
leaf_value=-0.020404567540904774 -0.0017487539787168446 0.0078713739715545721 0.012877128684010291 0.025026487548826814 0.0085611827556376138 0.021098115268678184 0.0070297796387645316 -0.016972405257062732 0.02020356712220741 0.011236117804536653 0.0203452448035535 -0.026699704192925812 0.0081680682843954799 -0.011552541017778655 -0.015751775354553157 0.026843131461405954 0.02578224386491728 -0.011889203194713812 -0.02805642584656479 0.026393282729762525 -0.014987466842592553 0.0028991270645960005 0.0021649409296103342 0.0054773606930767545 -0.020173355867016428 0.019212625512386453 -0.020893984451924159 -0.0057810589136869728 0.032844793744426448 0.025880880431544132
leaf_weight=7.2426016144454506 11.001028485596182 12.58207328617573 10.859620399773123 6.7101827263832083 7.2342204712331295 5.9856594763696203 1.9259455427527417 7.8156907595694056 6.0292165391147128 6.111587259918454 7.455572146922349 6.485032431781292 3.2762829065322858 7.796153614297519 15.514641560614111 6.1380438730120721 6.1683270558714849 5.3838179185986519 7.7002719193697038 6.3495566546916953 7.5472759343683711 9.5863744989037496 9.6895629651844484 6.1869853101670724 6.295195497572422 4.9479060471057874 32.130067700520158 4.2267110738903284 9.1694209128618223 8.8020456135272962
leaf_count=86 55 58 51 37 65 54 26 67 56 61 80 84 39 60 191 45 37 58 83 44 66 56 71 68 114 46 768 56 44 43
internal_value=0.00104716 -0.000884261 0.0145408 0.00351739 0.000705901 -0.00615651 -0.0105038 -0.000623131 0.00161825 -0.00257098 0.0035768 -0.00503841 -0.0153252 0.00541923 -0.00127968 0.00166239 -0.00431561 0.00867717 -0.00990287 0.00941097 0.00388093 0.0132919 -0.00904407 -0.0166129 -0.00799595 -0.000977084 -0.0191593 0.00826163 0.0231456 0.0161094
internal_weight=254.347 223.317 31.0301 121.889 100.504 101.428 64.8281 30.7721 36.6003 30.5711 23.3285 15.8729 9.76132 22.9564 93.7943 68.5901 38.9688 11.5521 27.4167 29.6213 23.2717 15.7244 25.2042 20.1825 12.4822 16.9708 34.056 9.17462 20.029 21.3841
internal_count=2669 2519 150 1036 935 1483 1077 283 406 350 264 184 123 216 898 636 425 95 330 211 167 101 262 265 182 162 794 102 95 101
is_linear=0
shrinkage=0.03


Tree=82
num_leaves=31
num_cat=1
split_feature=3 1 14 1 2 8 7 8 3 3 8 7 2 7 8 5 0 8 0 1 4 2 5 7 8 8 0 8 1 1
split_gain=6.31387 4.09478 8.82121 5.53091 6.19086 4.85399 4.7928 3.57193 4.71395 3.33096 2.9523 2.8498 6.04686 3.60989 4.05054 2.74312 2.6734 2.22896 4.93941 4.4487 4.27438 2.89449 2.53726 2.34441 3.95139 2.31651 5.03112 3.65095 2.2887 2.20228
threshold=4.0206308364868173 0.0077926099766045817 0 0.096224866807460799 5.5000000000000009 0.071715757250785842 1.0000000180025095e-35 0.15411201864480975 0.46241356432437902 0.64096614718437206 0.12204518541693689 3.5000000000000004 8.5000000000000018 6.5000000000000009 -0.019519021734595295 318.00239562988287 3.5000000000000004 -0.072363134473562227 6.5000000000000009 -0.017778947018086907 9.2426066800044298e-15 10.500000000000002 277.16662597656256 -1.0000000180025095e-35 0.0081883147358894365 -0.13967320322990415 12.500000000000002 -0.29463022947311396 -0.0092334379442036135 -0.0060865930281579486
decision_type=8 2 9 2 8 10 8 8 10 10 10 10 8 8 10 2 8 10 8 2 10 10 2 8 10 10 10 10 2 2
left_child=1 7 6 5 -5 9 -3 10 -9 -4 11 17 -13 14 -14 -10 -11 19 20 -1 -19 22 -21 24 -20 26 -23 -28 -22 -25
right_child=-2 2 3 4 -6 -7 -8 8 15 16 -12 12 13 -15 -16 -17 -18 18 23 21 28 25 -24 29 -26 -27 27 -29 -30 -31
leaf_value=-0.021301110440479998 0.017055201668736482 0.018842059562590375 0.00065314496074299745 -0.010315819196683038 0.025772882591967982 0.0019995987131039583 -0.0084620349880288794 0.01154703170967836 -0.027022147653461278 -0.0015591379061181082 0.011669904120632178 0.035875593584138422 0.031247452945062978 -0.025731107922325098 -0.01441764773423536 0.0056177355037796981 -0.028681181150276756 0.026709287229407394 0.014033191630758338 0.0065676155124441207 0.008602556106944546 0.025765490202626112 -0.021257611241085744 -0.009750307987520716 -0.020239110546556097 0.021050493967747164 0.012530561580431102 -0.01889899266412751 -0.016216240932239345 -0.030712353661032647
leaf_weight=6.744817614555358 18.268820613622665 37.873236861079931 6.7143923230469253 6.8322810567915413 8.8119356483221054 18.473070804029703 6.2032951451838008 4.0201879814267185 14.185588674619796 4.1825537364929941 11.529389005154369 3.8920802269130919 2.6059304662048808 3.4054432827979317 2.5516625512391347 2.371156306937336 16.264004247263074 4.0202501229941818 4.7333660218864662 4.6619081571698171 4.9606626685708752 4.7425649128854301 5.6068336367607117 9.0122941900044662 5.4880615882575512 8.3663193657994288 4.3780871853232375 8.1223938632756454 6.902728410437704 11.762897968292242
leaf_count=102 87 245 40 47 43 147 84 28 298 44 139 43 29 56 63 30 198 41 49 54 47 26 60 164 102 66 37 84 77 156
internal_value=0.00053342 -0.000792965 0.00361364 -0.00397312 0.0103391 -0.00984808 0.0121921 -0.00425701 -0.0154536 -0.0176909 -0.00210967 -0.00376606 0.0091875 -0.00542583 0.00998272 -0.0222939 -0.0234645 -0.00565026 -0.0100928 -0.000644648 0.00338859 0.00371092 -0.00916342 -0.0168911 -0.00453197 0.00902359 0.00235412 -0.00777851 -0.00597631 -0.0224844
internal_weight=257.688 239.419 105.355 61.2782 15.6442 45.634 44.0765 134.065 20.5769 27.161 113.488 101.958 12.4551 8.56304 5.15759 16.5567 20.4466 89.5032 46.8803 42.6229 15.8836 35.8781 10.2687 30.9966 10.2214 25.6094 17.243 12.5005 11.8634 20.7752
internal_count=2686 2599 848 519 90 429 329 1751 356 282 1395 1256 191 148 92 328 242 1065 636 429 165 327 114 471 151 213 147 121 124 320
cat_boundaries=0 1
cat_threshold=529
is_linear=0
shrinkage=0.03


Tree=83
num_leaves=31
num_cat=1
split_feature=5 3 3 6 9 1 1 1 5 9 2 9 9 1 1 14 2 8 1 6 6 9 5 8 5 6 5 5 5 3
split_gain=5.25148 5.29455 5.90189 4.7249 3.81564 5.55518 4.93061 6.25615 3.66286 4.47709 4.57567 3.49198 3.43531 3.58567 3.45426 3.30721 8.2164 4.70598 3.54601 4.20501 6.61132 3.0347 2.66338 4.41153 2.6352 1.96506 3.38639 2.17492 1.83209 1.71221
threshold=196.55893707275393 3.5634698867797856 0.61347514390945446 16.900479316711429 -0.013741764239966868 -0.081561144441366182 -0.010663954075425862 -0.21100931614637372 210.78999328613284 -0.031007526442408558 5.5000000000000009 0.037508174777030952 0.083096962422132506 0.017115097492933277 0.031993450596928603 0 13.500000000000002 -0.17348890751600263 0.057946631684899337 52.113500595092781 31.934405326843265 0.052356872707605369 232.27383422851565 -0.22774737328290937 234.58794403076175 52.946125030517585 283.21345520019537 318.00239562988287 224.72235107421878 1.1896691322326662
decision_type=2 8 10 2 10 2 2 2 2 8 10 10 10 2 2 9 10 10 2 2 2 10 2 8 2 2 2 2 2 10
left_child=-1 2 15 -4 5 -5 7 -6 -7 10 -10 -8 21 22 -15 18 24 -18 19 20 -2 29 28 -24 -17 26 -12 -28 -14 -13
right_child=1 -3 3 4 6 8 11 -9 9 -11 25 12 13 14 -16 16 17 -19 -20 -21 -22 -23 23 -25 -26 -27 27 -29 -30 -31
leaf_value=-0.018926458440089302 0.023440175984909647 0.017447305835069687 0.030952570022788058 -0.026770201511760881 0.022284652995963824 0.026213739447745042 -0.021180665253181005 -0.029810194093242641 0.024523752864098327 0.02433781051541133 -0.02326519773608916 0.0095487113385504113 -0.0080201056241816435 0.018882144187810378 -0.0064902311410962726 -0.028453365320509089 -0.0077818253703210499 0.022734463867170884 0.034107979304024941 0.02274272796824698 -0.0082820302729592257 0.021562080037833296 0.0053236781002879308 -0.020859668827881067 -0.0055419591215331125 0.0045345836068123547 0.012038163738281839 -0.011741369698023014 0.017478558702288118 -0.017997668563285944
leaf_weight=10.977181812748311 7.7767219804227379 16.243999794125557 2.544669695198535 4.3199113458394995 1.6801258176565159 5.6640117969363919 8.9975770190358144 13.305127955973147 4.0801821015775195 5.8918346092104903 9.7198835369199568 3.0810944959521285 4.5844038464128953 8.0160292051732558 9.6043062061071378 6.8566566072404411 6.2945718616247204 12.280012313276528 5.5615559667348853 13.06844589859247 17.162562808021903 8.0999992676079255 7.176973158493638 22.931937983259562 12.138723358511923 10.081551175564526 5.8406693991273624 6.0078384503722191 3.7231196332722902 3.1564151328057051
leaf_count=127 51 76 13 93 23 64 122 364 36 44 129 36 65 65 59 48 37 78 26 72 148 83 60 372 80 75 70 86 50 45
internal_value=0.000475673 0.00141498 0.000210214 -0.00334005 -0.00414444 0.00238582 -0.00770354 -0.0229407 0.00554868 0.00218748 -0.00202824 -0.00457715 -0.00218733 -0.00554901 0.0054466 0.00666974 -0.00105443 0.0125238 0.010978 0.00962014 0.00213209 0.0104566 -0.0106026 -0.0146479 -0.0148216 -0.00609748 -0.0110479 5.25168e-06 0.00405756 -0.00495151
internal_weight=256.868 245.891 229.647 148.508 145.963 51.6059 94.3571 14.9853 47.286 41.622 35.7301 79.3719 70.3743 56.0368 17.6203 81.1393 37.57 18.5746 43.5693 38.0077 24.9393 14.3375 38.4164 30.1089 18.9954 31.6499 21.5684 11.8485 8.30752 6.23751
internal_count=2697 2570 2494 1954 1941 597 1344 387 504 440 396 957 835 671 124 540 243 115 297 271 199 164 547 432 128 360 285 156 115 81
cat_boundaries=0 1
cat_threshold=560
is_linear=0
shrinkage=0.03


Tree=84
num_leaves=31
num_cat=3
split_feature=1 2 8 6 7 5 8 2 6 14 1 6 1 5 6 1 1 8 10 8 5 6 6 5 7 0 10 8 8 6
split_gain=5.58211 7.5321 7.5052 5.29382 4.41513 4.29531 4.24178 4.08428 3.3944 4.56658 7.88229 5.27724 4.95277 3.94253 3.76481 5.28892 3.36506 3.2383 3.01692 3.60356 5.67393 2.88265 3.49428 2.79728 2.77536 2.55106 3.09027 2.18701 2.10767 2.53591
threshold=-0.0083915349096059782 10.500000000000002 0.15411201864480975 48.673913955688484 1.0000000180025095e-35 276.17088317871099 0.11999552696943284 17.500000000000004 32.556694030761726 0 0.0078605599701404589 50.724925994873054 0.12055447325110437 305.66441345214849 53.092546463012702 0.027807219885289673 -0.0035810554400086399 0.0092767304740846174 1 -0.0040630181320011607 283.54275512695318 32.340337753295906 52.976987838745124 240.35963439941409 -5.4999999999999991 6.5000000000000009 2 -0.093571562319993959 0.0055124771315604457 33.418319702148445
decision_type=2 10 8 2 10 2 10 10 2 9 2 2 2 2 2 2 2 8 9 8 2 2 2 2 10 10 9 10 8 2
left_child=1 2 3 5 6 -1 7 8 -2 10 13 -11 14 23 15 17 -15 -12 24 20 -20 -6 -23 -10 -9 26 -8 -26 29 -3
right_child=4 28 -4 -5 21 -7 25 18 9 11 12 -13 -14 16 -16 -17 -18 -19 19 -21 -22 22 -24 -25 27 -27 -28 -29 -30 -31
leaf_value=0.0029771279925626254 -0.015931557305515185 0.003582940648334732 -0.022300102350732893 -0.017216672207637201 0.0047114522159984688 0.031355106297269425 0.018768376820299023 0.012077085373361756 -0.0047072035482584188 0.0058528131354195481 -0.02351705875369314 -0.030631270538508046 -0.0087527221206065309 0.0099199691848392037 0.030618086187295199 0.027813202520753123 -0.021210643711711611 0.013517367924520253 0.0045147021487850275 -0.0031842804462360306 0.035795721559713202 -0.022726933948236959 0.010673806616457704 0.02370771991227081 -0.022658627509325339 0.019356660142650771 -0.0062984632589569737 0.0018399730905958598 -0.026241296695042327 -0.025744315496397194
leaf_weight=9.5901557039469534 11.933416336774824 6.5868161618709546 7.186593476682904 4.0306197311729184 8.8055230248719472 9.1013736966997367 6.3721950817853212 9.3626681938767433 6.9726560339331645 5.1914447024464598 4.2985345218330648 8.73890348151326 5.8277991004288188 3.3165704160928735 14.098392575979231 5.1930085960775614 13.854061368852854 2.7070292569696894 10.112954020500185 6.810989078134301 10.561895016580818 12.493007116019724 2.9221177306026211 4.280784085392952 4.7105276398360729 23.594083171337843 10.217709708958866 7.3835977502167225 15.119702737778427 3.2261457573622465
leaf_count=119 95 105 136 60 84 83 46 62 65 55 66 86 39 36 77 39 171 40 69 56 61 182 34 38 40 200 62 73 350 48
internal_value=0.000772929 -0.00762038 0.00255868 0.0110297 0.00310368 0.0176857 0.0047677 0.00218486 -0.00174382 0.000710363 0.0044123 -0.0105124 0.0151027 -0.00627301 0.0205164 0.00740616 -0.0149826 -0.00930561 0.00901733 0.015417 0.0214091 -0.0086672 -0.0161309 0.00715443 0.00049801 0.0132034 0.00384936 -0.00870368 -0.0194588 -0.00754799
internal_weight=254.601 54.8414 29.9087 22.7221 199.76 18.6915 175.539 135.355 86.4126 74.4792 60.5488 13.9303 32.1248 28.4241 26.297 12.1986 17.1706 7.00556 48.9426 27.4858 20.6748 24.2206 15.4151 11.2534 21.4568 40.184 16.5899 12.0941 24.9327 9.81296
internal_count=2677 901 398 262 1776 202 1476 1168 807 712 571 141 261 310 222 145 207 106 361 186 130 300 216 103 175 308 108 113 503 153
cat_boundaries=0 1 2 3
cat_threshold=1585 4 4
is_linear=0
shrinkage=0.03


Tree=85
num_leaves=31
num_cat=0
split_feature=5 3 3 1 7 1 6 9 9 9 1 5 0 2 2 1 1 1 2 1 0 1 2 0 9 9 2 5 2 2
split_gain=5.88689 6.49843 7.16969 4.71064 7.34995 3.166 2.80487 4.4981 8.37214 5.68702 4.34768 3.46503 5.21387 3.9773 3.12065 2.65091 2.48726 2.41395 2.8799 4.435 3.46627 2.04596 1.85017 4.34865 2.34311 1.6815 1.52063 1.45919 1.75887 1.30504
threshold=193.26018524169925 2.7785327434539799 0.48337301611900335 -0.0064350664615631095 1.0000000180025095e-35 -0.21100931614637372 53.420833587646491 0.22904596477746966 0.14454689621925357 0.096550125628709807 0.012417792808264496 321.43739318847662 21.500000000000004 13.500000000000002 4.5000000000000009 0.027807219885289673 0.0090521671809256094 -0.079186607152223573 8.5000000000000018 -0.018921537324786183 6.5000000000000009 0.0077926099766045817 7.5000000000000009 9.5000000000000018 0.090407151728868498 0.043321570381522186 6.5000000000000009 313.01953125000006 13.500000000000002 6.5000000000000009
decision_type=2 8 10 2 10 2 2 10 10 8 2 2 10 10 8 2 2 2 8 2 10 2 10 10 10 10 8 2 10 10
left_child=-1 2 21 5 6 -4 7 8 9 11 27 12 14 16 -5 -10 -13 -7 19 20 -19 22 -2 -24 -25 -6 -9 28 -8 -3
right_child=1 29 3 4 25 17 10 26 15 -11 -12 13 -14 -15 -16 -17 -18 18 -20 -21 -22 -23 23 24 -26 -27 -28 -29 -30 -31
leaf_value=-0.021093151044963159 -0.0081550443907956356 0.004394179802121115 0.018039900831797826 0.011768597350392646 -0.006838148903168851 -0.02848243424791385 -0.0062343449632539837 -0.001620469620214116 0.0072665743592710101 -0.029388059118569666 0.022163925582754488 -0.016200342754495941 0.019131195735766476 0.02626927606597481 -0.015607722730940986 0.038130390744947257 0.014873809210968396 -0.0060509070965546587 -0.017835175228845888 -0.023912523225489413 0.033003146696128589 0.016329051278189045 0.02392002229573751 -0.0097500197841257075 0.013642293703945964 -0.029025929798696698 -0.017859959061768689 -0.012590047326352683 0.014671808107021105 0.01989327578358473
leaf_weight=10.724150275811551 7.7425872869789627 7.8212540745735195 1.8768282309174527 3.7895872779190674 5.754479717463254 8.9832005482166988 6.0896763093769604 7.9826555624604252 4.9142310041934234 5.227602269500486 12.064716823399065 4.4215060733258706 5.5913451984524718 7.6608818471431732 20.038489269092679 5.7094315439462662 3.0791182182729244 3.3161604851484299 15.435144646093248 2.8588783293962496 3.4238507132977247 18.960432417690754 8.4832812026143092 10.300781976431606 4.8619781620800486 8.3095766082406026 15.068288901820777 5.2160696052014819 6.6247352287173271 16.050116896629333
leaf_count=125 52 36 24 48 81 249 60 69 64 71 62 58 41 71 217 28 31 55 330 53 46 95 46 79 35 157 184 48 49 78
internal_value=-0.000339904 0.000681035 -0.00100291 -0.00405432 -0.00131252 -0.0134971 0.00129013 -0.00155394 0.0027714 -0.00253021 0.00900055 0.00119482 -0.00479614 0.0123972 -0.0109552 0.025707 -0.00319485 -0.0157026 -0.0101988 0.00260488 0.0154889 0.00878822 0.00386963 0.00797809 -0.00186924 -0.0210041 -0.0125373 -0.000559492 0.00493416 0.015196
internal_weight=248.381 237.657 213.786 163.436 127.542 35.8941 113.478 83.4831 60.4322 49.8085 29.9952 44.5809 29.4194 15.1615 23.8281 10.6237 7.50062 34.0172 25.034 9.59889 6.74001 50.3491 31.3886 23.646 15.1628 14.0641 23.0509 17.9305 12.7144 23.8714
internal_count=2642 2517 2403 2096 1339 757 1101 882 629 537 219 466 306 160 265 92 89 733 484 154 101 307 212 160 114 238 253 157 109 114
is_linear=0
shrinkage=0.03


end of trees

feature_importances:
closing_rate_s_per_s=426
gap_at_checkpoint=355
track_temperature=345
wind_head_component_mps=323
wind_cross_component_mps=267
speed_at_activation_kmh=220
defender_tyre_life_laps=178
tyre_life_delta_laps=172
attacker_tyre_life_laps=124
p_eligible=65
tyre_compound_pair=51
attacker_tyre_compound=43
defender_tyre_compound=7
corner_type=4

parameters:
[boosting: gbdt]
[objective: binary]
[metric: binary_logloss]
[tree_learner: serial]
[device_type: cpu]
[data_sample_strategy: bagging]
[data: ]
[valid: ]
[num_iterations: 2000]
[learning_rate: 0.03]
[num_leaves: 31]
[num_threads: 2]
[seed: 42]
[deterministic: 1]
[force_col_wise: 0]
[force_row_wise: 1]
[histogram_pool_size: -1]
[max_depth: -1]
[min_data_in_leaf: 40]
[min_sum_hessian_in_leaf: 0.001]
[bagging_fraction: 0.8]
[pos_bagging_fraction: 1]
[neg_bagging_fraction: 1]
[bagging_freq: 1]
[bagging_seed: 400]
[bagging_by_query: 0]
[feature_fraction: 0.8]
[feature_fraction_bynode: 1]
[feature_fraction_seed: 30056]
[extra_trees: 0]
[extra_seed: 12879]
[early_stopping_round: 0]
[early_stopping_min_delta: 0]
[first_metric_only: 0]
[max_delta_step: 0]
[lambda_l1: 0]
[lambda_l2: 1]
[linear_lambda: 0]
[min_gain_to_split: 0]
[drop_rate: 0.1]
[max_drop: 50]
[skip_drop: 0.5]
[xgboost_dart_mode: 0]
[uniform_drop: 0]
[drop_seed: 17869]
[top_rate: 0.2]
[other_rate: 0.1]
[min_data_per_group: 100]
[max_cat_threshold: 32]
[cat_l2: 10]
[cat_smooth: 10]
[max_cat_to_onehot: 4]
[top_k: 20]
[monotone_constraints: ]
[monotone_constraints_method: basic]
[monotone_penalty: 0]
[feature_contri: ]
[forcedsplits_filename: ]
[refit_decay_rate: 0.9]
[cegb_tradeoff: 1]
[cegb_penalty_split: 0]
[cegb_penalty_feature_lazy: ]
[cegb_penalty_feature_coupled: ]
[path_smooth: 0]
[interaction_constraints: ]
[verbosity: -1]
[saved_feature_importance_type: 0]
[use_quantized_grad: 0]
[num_grad_quant_bins: 4]
[quant_train_renew_leaf: 0]
[stochastic_rounding: 1]
[linear_tree: 0]
[max_bin: 255]
[max_bin_by_feature: ]
[min_data_in_bin: 3]
[bin_construct_sample_cnt: 200000]
[data_random_seed: 175]
[is_enable_sparse: 1]
[enable_bundle: 1]
[use_missing: 1]
[zero_as_missing: 0]
[feature_pre_filter: 1]
[pre_partition: 0]
[two_round: 0]
[header: 0]
[label_column: ]
[weight_column: ]
[group_column: ]
[ignore_column: ]
[categorical_feature: 10,11,12,13,14,15]
[forcedbins_filename: ]
[precise_float_parser: 0]
[parser_config_file: ]
[objective_seed: 16083]
[num_class: 1]
[is_unbalance: 0]
[scale_pos_weight: 1]
[sigmoid: 1]
[boost_from_average: 1]
[reg_sqrt: 0]
[alpha: 0.9]
[fair_c: 1]
[poisson_max_delta_step: 0.7]
[tweedie_variance_power: 1.5]
[lambdarank_truncation_level: 30]
[lambdarank_norm: 1]
[label_gain: ]
[lambdarank_position_bias_regularization: 0]
[eval_at: ]
[multi_error_top_k: 1]
[auc_mu_weights: ]
[num_machines: 1]
[local_listen_port: 12400]
[time_out: 120]
[machine_list_filename: ]
[machines: ]
[gpu_platform_id: -1]
[gpu_device_id: -1]
[gpu_device_id_list: ]
[gpu_use_dp: 0]
[num_gpu: 1]

end of parameters

pandas_categorical:[["HARD", "INTERMEDIATE", "MEDIUM", "SOFT"], ["FAST_RIGHT", "HAIRPIN_RIGHT", "SLOW_LEFT", "STRAIGHT"], ["HARD", "MEDIUM", "SOFT", "__missing__"], ["__missing__"], ["HARD|HARD", "HARD|MEDIUM", "HARD|SOFT", "INTERMEDIATE|SOFT", "MEDIUM|HARD", "MEDIUM|MEDIUM", "MEDIUM|SOFT", "SOFT|HARD", "SOFT|MEDIUM", "SOFT|SOFT", "__missing__"], ["False"]]
