tree
version=v4
num_class=1
num_tree_per_iteration=1
label_index=0
max_feature_idx=14
objective=binary sigmoid:1
feature_names=attacker_tyre_life_laps closing_rate_s_per_s defender_tyre_life_laps gap_at_checkpoint p_eligible track_temperature tyre_life_delta_laps wind_cross_component_mps wind_head_component_mps attacker_tyre_compound corner_type defender_tyre_compound sector tyre_compound_pair wet_track_flag
feature_infos=[2:50] [-1.1336562633514404:3.5283358097076416] [2:49] [0.0035868913400918245:1.9979550838470459] [0:1] [16.899999618530273:56.491111755371094] [-29:43] [-0.76255232095718384:0.71598261594772339] [-0.77373647689819336:0.7215760350227356] -1:2:0:3 -1:2:0:3:1 -1:1:0:2:3 none -1:5:0:9:4:1:8:6:2:7:10 none
tree_sizes=3303 3469 3446 3418 3400 3435 3443 3409 3430 3324 3417 3421 3397 3443 3418 3414 3425 3426 3453 3445 3434 3415 3414 3411 3411 3439 3447 3422 3430 3433 3433 3454 3407 3428 3408 3396 3418 3411 3425 3419 3401 3431 3414 3442 3414 3427 3457 3432 3449 3425 3420 3435 3429 3417 3416 3450 3427 3413 3429 3433 3399 3439 3415 3450 3416 3415 3436 3457 3427 3426 3434 3417 3430 3420 3448 3422 3432 3450 3434 3435 3422 3436 3457 3448 3447 3427 3445 3423 3422 3449 3455 3436 3455 3451

Tree=0
num_leaves=31
num_cat=0
split_feature=3 1 5 1 1 7 6 4 1 3 3 6 5 1 6 5 5 2 6 1 7 5 2 5 5 3 6 2 3 4
split_gain=268.29 202.146 51.3992 34.9021 33.3878 32.2407 25.4352 21.0382 17.1874 16.6765 12.8023 11.475 10.2629 9.94414 8.59306 3.97386 5.89216 4.96596 3.69306 3.45071 3.41622 4.606 5.34482 3.31507 3.29975 0.723903 0.648725 0.726957 0.517212 5.16205
threshold=0.56911990046501171 0.0010961646912619474 53.265357971191413 0.027807219885289673 0.016444201581180099 0.15162380784749988 -16.999999999999996 0.73733583092689525 0.0099341254681348818 0.19112025946378711 0.72706806659698497 -1.0000000180025095e-35 17.877986907958988 0.096224866807460799 -1.0000000180025095e-35 49.762075424194343 54.730865478515632 6.5000000000000009 -3.4999999999999996 0.0023837219923734669 0.12673619389533999 54.19874572753907 14.500000000000002 49.21080398559571 36.437219619750984 0.39915610849857336 -4.4999999999999991 8.5000000000000018 1.1930445432662966 0.00037112015706952667
decision_type=2 2 2 2 2 10 10 2 2 2 2 8 2 2 10 2 2 10 10 2 8 2 8 2 2 2 10 10 2 2
left_child=1 9 3 14 6 10 -2 28 12 -1 -6 -11 -9 23 -3 17 19 -14 -19 -17 21 22 24 26 -13 -16 -12 -28 29 -8
right_child=4 2 -4 -5 5 -7 7 8 -10 11 13 20 15 -15 25 16 -18 18 -20 -21 -22 -23 -24 -25 -26 -27 27 -29 -30 -31
leaf_value=-1.6553188455334162 -1.6765178471034985 -1.6375204447213429 -1.5653147643426324 -1.596642796845819 -1.6649742918632466 -1.6360039983168488 -1.7003588542900869 -1.6817441157669624 -1.6734625191751322 -1.6761635322921629 -1.7132515235123988 -1.704635003251459 -1.7031215552720451 -1.6806753549606435 -1.6761635322921629 -1.710847987841619 -1.7326796757537593 -1.7068875671642931 -1.7335117953333687 -1.6827780275352873 -1.7335520210182704 -1.7326796757537593 -1.7213936482329801 -1.6995799432899741 -1.6759372772444132 -1.6929182328423795 -1.7172246467601116 -1.7346741964774244 -1.7339340858112349 -1.7312607431530844
leaf_weight=5.2141094207763663 9.7764551639556867 5.6051676273345974 14.469153642654417 10.688924312591551 5.2141094207763663 6.3872840404510489 5.4748148918151847 5.9962258338928214 8.3425750732421857 7.2997531890869141 5.2141094207763716 8.0818696022033745 7.6908113956451407 6.3872840404510489 7.2997531890869158 7.9515168666839617 5.3444621562957755 5.8658730983734122 31.675714731216431 6.1265785694122314 6.5176367759704581 5.3444621562957755 8.2122223377227765 5.3444621562957755 5.3444621562957755 5.7355203628540039 6.3872840404510507 8.8639860153198224 83.295397996902466 34.022063970565796
leaf_count=40 75 43 111 82 40 49 42 46 64 56 40 62 59 49 56 61 41 45 243 47 50 41 63 41 41 44 49 68 639 261
internal_value=-1.70125 -1.65694 -1.61158 -1.63819 -1.71695 -1.69328 -1.72187 -1.72419 -1.71195 -1.70114 -1.70454 -1.708 -1.71684 -1.7119 -1.6662 -1.72037 -1.70862 -1.72517 -1.72957 -1.69811 -1.7155 -1.7102 -1.70357 -1.72016 -1.69214 -1.68231 -1.72544 -1.7287 -1.73192 -1.72702
internal_weight=345.174 89.813 43.7985 29.3294 255.361 43.7985 211.562 201.786 78.9938 46.0145 37.4112 40.8004 70.6512 32.1971 18.6404 64.655 19.4226 45.2324 37.5416 14.0781 33.5007 26.983 21.6386 25.8098 13.4263 13.0353 20.4654 15.2513 122.792 39.4969
internal_count=2648 689 336 225 1959 336 1623 1548 606 353 287 313 542 247 143 496 149 347 288 108 257 207 166 198 103 100 157 117 942 303
is_linear=0
shrinkage=1


Tree=1
num_leaves=31
num_cat=1
split_feature=4 1 5 1 1 4 6 8 1 5 8 6 5 6 7 4 13 7 8 7 2 1 8 5 1 6 8 1 8 7
split_gain=161.124 168.308 47.9125 45.6115 35.3183 22.4484 19.8508 21.1548 18.2166 26.3392 18.1189 14.9119 9.06428 7.20441 6.80082 5.53836 5.45723 7.15434 4.67313 4.65404 4.16871 2.47386 2.32122 3.83513 2.01936 1.69299 2.55962 1.58033 0.690888 0.686604
threshold=0.99999997019767772 0.0042029945179820069 52.113500595092781 0.096224866807460799 0.027807219885289673 0.78672158718109142 -1.0000000180025095e-35 0.13734652847051623 0.0064637907780706891 50.348297119140632 0.17623112350702289 -14.499999999999998 33.873342514038093 -1.0000000180025095e-35 0.097385562956333174 0.96096298098564159 0 0.083001147955656066 0.040080392733216293 -0.072363134473562227 6.5000000000000009 -0.17497552186250684 -0.014709395356476305 32.142530441284187 0.01664349623024464 1.0000000180025095e-35 0.066486384719610228 -0.0098140183836221678 0.1617880463600159 -0.066117975860834108
decision_type=2 2 2 2 2 2 10 8 2 2 8 8 2 10 8 2 9 10 10 10 8 2 10 2 2 8 10 2 10 8
left_child=3 6 4 5 13 11 7 -2 15 14 -6 -1 22 -3 -10 -7 27 18 -18 -20 -17 -13 23 -8 29 26 -26 -14 -15 -23
right_child=1 2 -4 -5 10 8 12 -9 9 -11 -12 21 16 28 -16 20 17 -19 19 -21 -22 24 -24 -25 25 -27 -28 -29 -30 -31
leaf_value=0.020210036749829151 0.056638324505250789 0.036730766623639603 0.10322346483884073 0.045319416737388978 0.10579168259228346 0.007829856540180315 0.0063590660445059909 -0.011502525960943375 -0.016027711949791884 0.070837817095649569 0.029276969170807556 -0.0056793167896748882 -0.029750718094633262 -0.0048781305954168604 0.023139712513292519 0.0017910679810627527 -0.00063975653171109812 -0.014473867566627446 0.0084651145634579653 0.047917402208546796 -0.026603926666365522 -0.024059646685504737 -0.030910981896881375 -0.02452487034370493 -0.022482771021364367 -0.03007467757859042 0.0024968416817879356 -0.0080958520646639987 0.0084355851050132297 -0.031616431159651473
leaf_weight=5.552766427397728 8.4918170273303968 7.7766557782888404 19.718182370066643 9.4462032318115217 7.9276798814535123 6.7525928169488898 5.5887669771909732 6.7158060669898978 10.107599049806595 5.2567479014396659 5.5291909277439117 5.2506233453750601 5.2846703231334686 7.0005051791667956 5.2327063530683526 5.5913815498352077 6.0371627658605602 6.3990690708160392 5.2601139098405838 5.8981138020753843 23.564410522580147 36.800615727901459 13.569283381104468 7.7643449455499649 6.3644857704639417 5.5918944329023388 7.0441531985998154 7.9628002047538775 5.2651268094778061 81.471601262688637
leaf_count=42 64 58 141 71 57 52 43 51 78 40 40 41 41 53 40 43 46 49 40 45 183 288 105 60 49 43 54 61 40 637
internal_value=-3.92534e-05 0.0258901 0.0665917 -0.0160998 0.0426626 -0.0191424 -0.00202753 0.0276937 -0.00298397 0.0189567 0.0785529 -0.0252471 -0.00943413 0.0159772 -0.00206889 -0.0157417 0.000327734 0.00786071 0.0208311 0.0315451 -0.0212796 -0.0271466 -0.0223261 -0.0120563 -0.0279207 -0.0171865 -0.0100973 -0.0107036 0.00104198 -0.0294866
internal_weight=346.217 132.189 53.2173 214.028 33.4992 204.582 78.9719 15.2076 56.5054 20.5971 13.4569 148.076 63.7643 20.0423 15.3403 35.9084 36.8419 23.5945 17.1954 11.1582 29.1558 142.523 26.9224 13.3531 137.273 19.0005 13.4086 13.2475 12.2656 118.272
internal_count=2655 994 389 1661 248 1590 605 115 436 158 97 1154 490 151 118 278 282 180 131 85 226 1112 208 103 1071 146 103 102 93 925
cat_boundaries=0 1
cat_threshold=387
is_linear=0
shrinkage=0.03


Tree=2
num_leaves=31
num_cat=0
split_feature=3 1 6 1 5 5 7 1 3 6 1 4 5 1 5 7 7 1 6 6 7 2 5 8 7 7 7 2 8 8
split_gain=197.265 160.748 48.0197 39.9644 30.2004 28.4178 27.4908 19.4629 18.5574 13.7665 13.3855 12.9192 12.8966 11.5695 7.72886 6.02563 15.1262 5.98157 4.53667 4.25245 4.07555 3.96002 3.30366 1.94041 1.13991 1.07193 3.07497 0.547466 0.184609 0.0522484
threshold=0.56911990046501171 0.0010961646912619474 -19.499999999999996 0.015092996880412103 53.092546463012702 53.265357971191413 0.15162380784749988 0.018472000025212768 0.19112025946378711 -1.0000000180025095e-35 0.090036813169717803 0.73733583092689525 51.139064788818366 0.0049758991226553926 17.877986907958988 0.0080776116810739058 -0.021622797474265095 -0.0035810554400086399 -2.4999999999999996 -28.499999999999996 0.071715757250785842 6.5000000000000009 37.387369155883796 0.11447200551629068 0.15651877969503405 -0.066117975860834108 -0.086042959243059144 8.5000000000000018 -0.01583845820277929 0.20494873076677325
decision_type=2 2 10 2 2 2 10 2 2 10 2 2 2 2 2 10 10 2 10 10 10 10 2 8 10 8 10 10 10 8
left_child=1 8 19 11 6 7 10 9 -1 -3 20 25 14 -14 -13 16 17 -10 -16 -2 27 -20 -17 -11 -23 26 28 -5 -4 -30
right_child=2 5 3 4 -6 -7 -8 -9 15 23 -12 12 13 -15 18 22 -18 -19 21 -21 -22 24 -24 -25 -26 -27 -28 -29 29 -31
leaf_value=0.044740436810929381 0.021412162273505939 0.067348531275943382 -0.017840366621970631 -0.016151548929804575 0.065396325658909488 0.11178097108608731 0.046002691299979172 0.084863791071980527 -0.026319537835507615 0.02194316312620901 0.019817750251931592 0.012546362674897574 -0.0091817760468868286 0.040637020838587744 -0.0018965817360605229 -0.028564534309247047 0.04204648942251471 0.010532588938594338 -0.0075136377734807075 0.064001344086153461 -0.0015711937264500111 -0.033068878430834572 -0.0021424527835660775 -0.0021224870814763146 -0.017366101398901899 -0.030622264584984845 -0.00095684983595251669 -0.033082744052518119 -0.031198678197924785 -0.018590220111868158
leaf_weight=5.7822623401880255 5.4148073494434357 5.4418256580829647 9.6758917868137377 5.525299668312079 6.1660064160823813 15.595647633075712 7.8711547106504431 12.402721405029295 9.5894174575805646 5.3463032096624383 7.7344219386577597 5.9690977483987799 9.5165264755487424 6.1223875433206549 8.9921389222145063 12.999960444867613 5.2574673146009454 5.6343865543603906 9.9225752353668195 5.375093072652815 6.2427745461463919 28.199630096554756 6.3685732185840598 5.4388764351606378 9.3639624267816526 79.570441097021103 5.2850165367126456 14.613423511385916 15.335773080587385 6.5404705703258541
leaf_count=43 41 39 77 43 45 103 58 85 75 40 57 45 74 44 69 101 40 43 76 40 48 221 49 41 74 636 42 114 122 52
internal_value=0.000511143 0.0384553 -0.0130404 -0.0158563 0.00847385 0.0785383 -0.00121234 0.0572683 -0.00124323 0.0324745 -0.0131055 -0.0218925 -0.0122182 0.0115916 -0.0182697 -0.00884743 0.00252654 -0.0128719 -0.0216882 0.0462573 -0.0231291 -0.0253196 -0.0204084 0.0106567 -0.0297063 -0.0282227 -0.0223671 -0.0294213 -0.0258138 -0.0284065
internal_weight=343.294 89.8574 253.437 242.647 48.1531 44.2254 41.9871 28.6297 45.6321 16.227 34.1159 194.494 78.0863 15.6389 62.4474 39.8498 20.4813 15.2238 56.4783 10.7899 26.3815 47.4862 19.3685 10.7852 37.5636 116.408 36.8372 20.1387 31.5521 21.8762
internal_count=2637 659 1978 1897 365 308 320 205 351 120 262 1532 603 118 485 308 158 118 440 81 205 371 150 81 295 929 293 157 251 174
is_linear=0
shrinkage=0.03


Tree=3
num_leaves=31
num_cat=0
split_feature=3 1 6 1 5 1 7 6 7 3 4 4 1 5 5 5 1 3 6 0 7 7 5 4 7 7 1 3 3 3
split_gain=201.183 122.658 46.7207 36.8155 23.5561 20.5452 18.0458 12.9228 11.5143 11.4578 10.923 10.9129 14.433 21.5808 10.9054 8.60058 9.93483 8.16993 6.82458 3.5731 3.38978 7.92319 2.25271 2.13505 1.8935 1.81368 0.846059 0.842503 0.628863 4.70768
threshold=0.56911990046501171 0.0010961646912619474 -19.499999999999996 0.016444201581180099 53.265357971191413 0.017942148260772232 0.15162380784749988 -1.0000000180025095e-35 -0.15962549299001691 1.0976350307464602 0.00013491065328707921 0.85795158147811901 0.0081543130800128 49.552991867065437 17.877986907958988 32.532375335693366 0.025862181559205059 0.19112025946378711 -1.0000000180025095e-35 12.500000000000002 0.039807986468076713 -0.021622797474265095 39.300983428955085 0.98367813229560863 -0.066117975860834108 -0.086042959243059144 0.0097460197284817713 0.44316416978836065 1.1930445432662966 1.1340510249137881
decision_type=2 2 10 2 2 2 10 8 8 2 2 2 2 2 2 2 2 2 8 8 8 10 2 2 8 10 2 2 2 2
left_child=1 7 10 11 5 18 8 -1 -5 15 -2 24 14 -14 -13 -10 -17 -9 -3 -20 21 22 -19 -16 25 26 -4 -6 29 -26
right_child=2 4 3 6 27 -7 -8 17 9 -11 -12 12 13 -15 23 16 -18 20 19 -21 -22 -23 -24 -25 28 -27 -28 -29 -30 -31
leaf_value=0.034412006875902949 0.010676700054672491 0.049790736863187447 -0.026131213404883943 0.035840852693296524 0.11025406651846327 0.07649364339086101 0.048287543417317787 0.024617943132446477 -0.020167457694868569 -0.027127815221423063 0.070090903401516413 0.017313859298920157 -0.016327464636362331 0.053907561197483085 -0.0075663199362579238 -0.0059699199743480031 0.048532149814086649 -0.0027023002614823218 -0.006845422881036429 0.02516295483585523 -0.024840244180246645 0.018819350015103771 -0.027675744039755357 -0.025622761123135763 -0.03082308783005068 -0.0051163842059522993 -0.0099926988459072396 0.065228944447393064 -0.033309728152547763 -0.0011457604362877464
leaf_weight=7.624027892947197 5.5764357149600965 5.6836217641830444 26.379511669278148 5.3670242205262184 11.217234000563623 14.123685196042059 7.2396293878555289 5.5353927761316291 5.2706268206238809 14.22834339737892 5.5594489723443985 5.8984179198741904 8.7009016498923284 5.7219802588224402 7.8574161753058425 5.2658774554729444 5.4663633853197098 5.6053733900189417 5.4181092232465788 5.5004434585571298 11.132159486413004 7.3769975006580344 7.6055886447429657 49.37933561205864 21.539443798363212 6.1562132164835921 5.1856882199645034 6.9484672695398322 55.412161581218243 6.2166051939129821
leaf_count=56 41 39 213 40 69 92 51 40 41 111 40 44 67 40 62 40 40 44 40 41 89 56 60 390 175 49 42 43 453 50
internal_value=-1.39905e-05 0.0372759 -0.0139591 -0.0167881 0.0696461 0.0507247 0.00827861 0.00126257 -0.0009551 -0.00842601 0.0436699 -0.0222135 -0.0131681 0.0132254 -0.0193098 0.00881952 0.0235607 -0.00624339 0.0257024 0.0100378 -0.0122167 -0.00455653 -0.0180154 -0.0233165 -0.027861 -0.021019 -0.0238682 0.0973338 -0.0306776 -0.0244472
internal_weight=346.193 93.7711 252.421 241.286 48.8916 30.7259 42.8379 44.8795 35.5982 30.2312 11.1359 198.448 77.5581 14.4229 63.1352 16.0029 10.7322 37.2555 16.6022 10.9186 31.7201 20.588 13.211 57.2368 120.89 37.7214 31.5652 18.1657 83.1682 27.756
internal_count=2658 669 1989 1908 324 212 323 345 272 232 81 1585 603 107 496 121 80 289 120 81 249 160 104 452 982 304 255 112 678 225
is_linear=0
shrinkage=0.03


Tree=4
num_leaves=31
num_cat=0
split_feature=3 6 6 2 3 4 5 5 5 2 4 7 6 0 5 5 2 0 7 0 5 6 7 7 5 7 7 3 2 7
split_gain=187.318 36.0655 28.4007 20.4917 18.1268 16.9665 14.731 17.1979 12.9608 10.4289 8.36983 7.62341 5.54419 5.20805 5.13802 4.45979 3.15989 4.66989 3.42802 6.28485 2.91699 2.84024 2.82032 3.38508 3.44437 2.81331 2.74142 2.42904 1.21505 0.472505
threshold=0.56911990046501171 1.0000000180025095e-35 -19.499999999999996 19.500000000000004 0.35368618369102484 0.78672158718109142 50.988521575927741 17.877986907958988 53.795074462890632 9.5000000000000018 0.99815168976783764 0.079775385558605208 -1.0000000180025095e-35 4.5000000000000009 53.983249664306648 39.052267074584968 7.5000000000000009 5.5000000000000009 0.15651877969503405 18.500000000000004 38.472324371337898 -6.4999999999999991 0.20405811071395877 -0.21984501928091046 40.998418807983406 0.016082670539617542 0.23522826284170154 1.3657719492912295 22.500000000000004 0.32317762076854711
decision_type=2 10 8 8 2 2 2 2 2 10 2 8 10 10 2 2 10 10 10 10 2 10 10 8 2 10 8 2 10 8
left_child=1 3 -2 4 13 21 7 -7 11 -3 -8 20 -5 -1 -12 -15 17 -9 28 -20 -6 27 23 24 -23 -11 -24 -4 -18 -28
right_child=2 9 5 12 8 6 10 16 -10 25 14 -13 -14 15 -16 -17 18 -19 19 -21 -22 22 26 -25 -26 -27 29 -29 -30 -31
leaf_value=0.027538679643353808 0.041917699980856607 0.025623681989426002 -0.020296532082068192 0.089162432205130648 0.032147682370022579 0.029056844288091861 0.041730741191937475 -0.018405457960809519 0.041109229156619999 -0.0020756906156327391 0.019441797196570399 -0.015251371542444379 0.042285162325495056 0.03702485132500135 -0.012963434168451382 0.077065815554758915 -0.028484451734743184 0.012323004013022405 0.014750660621741553 -0.025948578729667951 0.0024396125932337385 0.0038473238576201773 0.0054785065677468141 -0.028116651681002872 -0.02308123199156983 -0.030699229913131287 -0.02585580313044614 0.0058963835212967729 -0.01194163267457978 -0.012530941109347118
leaf_weight=7.9823139235377338 6.749024972319603 6.3603888824582127 5.3862442001700384 9.5095782428979891 6.1017487794160861 6.9481587260961524 6.0415233150124559 9.8279309049248713 13.266623280942438 5.4252607226371747 7.2340829819440851 9.4599369838833791 7.0286254659295073 7.6548986881971386 8.4865428209304792 9.855723097920416 31.29357422888279 6.6624514162540427 5.6814824342727643 6.0900039598345757 5.4232129752635956 6.8072355315089252 5.019403301179409 100.40370242297649 9.4585575014352781 6.6902506500482559 6.0963906198740005 5.6678667888045311 6.9488182216882697 9.8257804438471812
leaf_count=55 47 45 43 62 43 51 45 75 88 41 53 70 47 53 64 67 251 52 44 49 40 54 40 825 77 53 50 44 55 79
internal_value=-0.00134597 0.0343685 -0.0149319 0.043372 0.0341652 -0.0166699 -0.00668476 -0.0130839 0.0190328 -0.0031229 0.0145397 0.00384112 0.0727869 0.0530108 0.00221925 0.0625074 -0.0178518 -0.00599579 -0.0215668 -0.00668828 0.0194791 -0.0229777 -0.0241586 -0.0260262 -0.0122415 -0.0190173 -0.013042 -0.00749141 -0.0258594 -0.0188593
internal_weight=345.387 94.7586 250.629 76.2827 59.7445 243.88 95.2146 73.4524 34.2515 18.4759 21.7621 20.9849 16.5382 25.4929 15.7206 17.5106 66.5043 16.4904 50.0139 11.7715 11.525 148.665 137.611 116.669 16.2658 12.1155 20.9416 11.0541 38.2424 15.9222
internal_count=2662 664 1998 525 416 1951 739 577 241 139 162 153 109 175 117 120 526 127 399 93 83 1212 1125 956 131 94 169 87 306 129
is_linear=0
shrinkage=0.03


Tree=5
num_leaves=31
num_cat=1
split_feature=3 1 5 1 7 1 3 5 1 8 7 5 5 0 7 7 0 8 13 1 1 3 1 8 8 5 1 7 7 3
split_gain=171.396 122.616 35.9256 27.5758 24.7766 21.8662 15.4386 22.0812 24.4412 10.1262 9.56954 13.4866 9.06637 7.93113 7.69198 6.57795 5.85651 9.35431 5.38466 13.2451 5.09998 4.25936 3.92882 3.34773 2.88076 2.65618 2.16283 1.95778 6.9954 1.51675
threshold=0.65546888113021862 0.0010961646912619474 53.265357971191413 0.025003143586218361 0.12426119670271875 0.025862181559205059 1.1930445432662966 50.988521575927741 0.0069413925521075734 0.081479489803314223 0.0080776116810739058 54.19874572753907 36.947896957397468 13.500000000000002 -0.13967320322990415 0.10969203338027002 11.500000000000002 0.03061280865222216 0 -0.031495653092861169 -0.01450296677649021 0.46121214330196386 0.0023837219923734669 -0.034575477242469781 0.072060175240039839 37.069194793701179 0.014871336054056885 -0.066117975860834108 -0.091623045504093156 1.1478604078292849
decision_type=2 2 2 2 10 2 2 2 2 10 10 2 2 10 10 8 10 8 9 2 2 2 2 8 10 2 2 10 8 2
left_child=1 10 5 6 9 12 7 18 13 23 11 14 -3 -9 -1 -7 17 -12 19 -2 -16 -4 -21 -5 -14 -19 29 28 -8 -20
right_child=3 2 21 4 -6 15 27 8 -10 -11 16 -13 24 -15 20 -17 -18 25 26 22 -22 -23 -24 -25 -26 -27 -28 -29 -30 -31
leaf_value=-0.0064598693841449234 -0.027213263021741374 -0.0026705467918208916 0.10003276566595141 -0.0021905140815192022 0.0602644878135149 0.081387995265414986 -0.027342445829322517 -0.02869318880271042 0.045064742621131311 0.021501255719982355 0.02623446783195554 -0.029709632937869976 0.014736458157716749 0.0098213792776408772 0.012935594133934148 0.033970516034294081 -0.030326491611953488 -0.030398587075909055 -0.028367564282773094 0.039188258670502782 0.050163295057537742 0.056291569118740739 0.0032990992941998375 -0.031351139709284111 0.04476528780256521 -0.0021002552481076625 -0.0055898831286069995 -0.031866915374433813 0.0095884352190054797 -0.0085900322912500493
leaf_weight=6.3773253485560462 7.211637511849406 9.968140050768854 14.382706567645075 6.4203189462423325 6.2157147005200377 9.3877026438713056 23.281424917280674 9.1543255373835617 10.517880968749521 8.0275931879878026 5.3965554833412188 5.3366940021514884 6.1894035190343848 8.415208734571932 7.7495964020490682 6.6395315974950817 12.307963095605372 6.1398937255144137 54.32870426774025 5.1071136295795423 6.3777758851647341 8.3209088742732984 5.3522064834833145 7.375165902078157 8.3349640965461713 5.4032501131296158 5.2571361884474745 61.582814641296864 5.1628643497824696 4.8747203499078742
leaf_count=48 58 72 81 51 44 58 192 74 75 61 41 42 44 66 58 41 98 48 447 40 46 51 42 56 59 40 42 518 42 40
internal_value=-0.000296226 0.0288658 0.0570346 -0.0154699 0.0120573 0.0385236 -0.0193651 -0.0116707 0.0110068 -0.00371206 -0.00390285 0.00921552 0.0193993 -0.0107105 0.0202569 0.0648933 -0.0154149 -0.00349398 -0.0194651 0.00128417 0.031947 0.0870527 0.0227137 -0.0188453 0.0337424 -0.0183759 -0.0219317 -0.0285535 -0.0205412 -0.0269088
internal_weight=346.597 118.312 63.2234 228.285 28.0388 40.5197 200.246 110.219 28.0874 21.8231 55.0891 25.8414 24.4925 17.5695 20.5047 16.0272 29.2477 16.9397 82.1315 17.671 14.1274 22.7036 10.4593 13.7955 14.5244 11.5431 64.4606 90.0271 28.4443 59.2034
internal_count=2675 827 406 1848 212 274 1636 884 215 168 421 194 175 140 152 99 227 129 669 140 104 132 82 107 103 88 529 752 234 487
cat_boundaries=0 1
cat_threshold=722
is_linear=0
shrinkage=0.03


Tree=6
num_leaves=31
num_cat=0
split_feature=3 1 6 1 8 4 1 8 3 6 8 3 7 8 7 4 1 8 3 7 0 6 7 1 7 4 7 7 1 8
split_gain=141.442 105.681 24.5834 26.2367 27.795 15.5143 17.9304 21.4575 15.4141 13.3103 12.6061 10.3558 10.1792 10.2374 9.04181 8.7752 7.35298 5.81326 2.63253 3.26802 2.5416 2.34449 1.89541 1.56935 2.78539 7.29073 1.69372 4.41307 1.47455 1.74861
threshold=0.65546888113021862 0.0010961646912619474 -19.499999999999996 0.057946631684899337 -0.22655964642763135 0.73733583092689525 0.0099341254681348818 0.22691270709037784 0.37902624905109411 -1.0000000180025095e-35 0.071452643722295775 0.19839937239885333 -0.10171368345618247 0.011566820554435255 0.13196761906147006 0.96096298098564159 0.019193449057638649 0.076101142913103118 0.3673833459615708 -0.0025545718381181355 22.500000000000004 -14.499999999999998 -0.039796525612473481 -0.0056721041910350314 0.12204518541693689 4.333020115154796e-05 -0.066117975860834108 -0.099180757999420152 -0.001634406275115907 0.15778549015522006
decision_type=2 2 8 2 10 2 2 10 2 8 10 2 8 8 10 2 2 10 2 10 10 10 10 2 10 2 8 8 2 10
left_child=1 9 -2 5 -5 21 15 16 14 10 -1 -11 -10 -14 22 -7 -8 -15 19 -13 28 -4 -3 -23 26 -26 27 -25 29 -17
right_child=2 8 3 4 -6 6 7 -9 12 11 -12 18 13 17 -16 20 -18 -19 -20 -21 -22 23 -24 24 25 -27 -28 -29 -30 -31
leaf_value=0.04849799949096284 0.041258155361022918 0.058954256622154907 -0.0036435684641633521 -0.030105897343427324 0.048642037053968426 0.010744772825326142 0.016039075928748554 0.060311473142333455 0.063732083562737643 0.019572791688228414 -0.0088690153918269433 -0.020183078757142467 0.052271160773899809 -0.010799579212178667 0.031948907363788581 -0.022586748854791845 -0.029830839267704228 0.023476026555986178 -0.022886637899056438 0.010052895211992239 -0.0046908441544269283 -0.030220502646440033 0.094872407166393502 -0.025706373608260891 -0.022578474856189679 0.018682078807812925 -0.030619334503732529 0.0011469962855133054 -0.030312869511270109 -0.0036059515178624522
leaf_weight=6.4811833798885328 6.0231175273656845 11.983532860875133 4.8238299787044516 5.5179926231503478 10.04025214910507 8.8870190978050214 5.4560088813304919 5.8990139812231055 8.8237662017345411 7.1808360964059821 5.9056307449936867 5.2761320397257805 7.7379531189799327 6.1582037508487728 6.8623604476451865 13.948536597192286 5.2155530080199242 11.584749802947043 26.307792462408543 5.7056815922260267 8.0638071969151479 54.158169627189636 9.8491696715354919 19.331466592848301 11.537009559571745 4.6879766434431067 29.714937649667263 7.4407949000597027 18.721949830651287 6.7860998809337607
leaf_count=44 41 70 37 42 72 70 40 42 55 51 44 41 48 41 43 115 40 80 211 44 66 466 58 163 96 39 255 61 151 55
internal_value=-0.000371885 0.0258515 -0.0143163 -0.0160158 0.0205813 -0.0188843 -0.00764557 0.0190217 0.0522952 -0.00384646 0.0225279 -0.0115267 0.0368497 0.0254854 0.0688975 -0.0156744 -0.00701421 0.0116382 -0.0178702 -0.00494584 -0.0207348 -0.0250076 0.0786031 -0.0257851 -0.0221163 -0.0102644 -0.0252828 -0.0184705 -0.0238167 -0.0168264
internal_weight=346.111 119.857 226.254 220.23 15.5582 204.672 72.978 16.5706 62.9997 56.8573 12.3868 44.4704 34.3047 25.4809 28.6951 56.4074 10.6716 17.743 37.2896 10.9818 47.5204 131.694 21.8327 126.87 72.7122 16.225 56.4872 26.7723 39.4566 20.7346
internal_count=2681 830 1851 1810 114 1696 579 122 395 435 88 347 224 169 171 457 80 121 296 85 387 1117 128 1080 614 135 479 224 321 170
is_linear=0
shrinkage=0.03


Tree=7
num_leaves=31
num_cat=0
split_feature=3 1 1 6 3 2 3 6 4 1 5 7 1 5 5 6 7 5 2 6 7 3 3 7 5 7 5 5 6 7
split_gain=143.173 76.2417 29.1403 26.0842 15.4049 15.4647 12.8048 11.1056 10.5318 14.9886 19.2043 19.2653 8.00761 6.77987 9.43841 4.51999 3.70144 4.2198 5.18534 3.60683 3.08494 2.91384 1.37012 4.13508 8.10667 1.08024 2.37175 1.07025 1.16952 1.04303
threshold=0.65546888113021862 0.0010961646912619474 0.096224866807460799 -19.499999999999996 0.522781401872635 4.5000000000000009 0.18408729881048205 -1.0000000180025095e-35 0.73733583092689525 0.0064637907780706891 51.104207992553718 0.12426119670271875 0.013256099540740253 49.32011795043946 31.422763824462894 -2.4999999999999996 0.12673619389533999 54.19874572753907 14.500000000000002 -6.4999999999999991 -0.0014256411814130841 1.3657719492912295 1.1930445432662966 0.088134810328483595 37.269767761230476 -0.066932357847690568 38.204950332641609 50.988521575927741 1.5000000000000002 -0.01363668357953429
decision_type=2 2 2 8 2 8 2 8 2 2 2 10 2 2 2 10 8 2 8 10 10 2 2 10 2 8 2 2 10 10
left_child=1 6 3 -2 5 -3 -1 -8 19 15 11 -11 -6 14 -7 -10 17 18 20 21 -9 -5 23 25 -25 26 -21 28 -17 -16
right_child=2 4 -4 8 12 13 7 16 9 10 -12 -13 -14 -15 29 27 -18 -19 -20 22 -22 -23 -24 24 -26 -27 -28 -29 -30 -31
leaf_value=0.038319768745197949 0.039741267033837589 0.013321667689209121 0.033636540041574597 -0.020237240643079454 0.0059103704225356929 0.076332745513026365 0.01943291731173899 0.022282740778473795 0.0067741355935688032 -0.026503145765470533 0.048014950117430927 0.034511336978830444 0.045899304194393996 0.079930691163539194 0.038853704046845322 -0.028797754155018854 -0.030778071742099615 -0.029575416703340737 -0.018025611301356308 -0.001546073177628294 -0.0039456318274334332 0.0086548015236979602 -0.027843899739660193 -0.023151204088809971 0.023312878272562995 -0.032278288872628548 -0.027191318316606893 -0.011702978555828946 -0.013604100790795713 0.017476963046063575
leaf_weight=5.8945458233356467 6.1460405290126801 6.7567342519760123 9.8128521144390088 5.4870073497295362 11.104688093066217 6.6427117288112667 11.473530054092405 6.8700447455048552 4.847583979368209 13.579727470874792 6.848046049475669 5.8731842786073676 7.0106737911701194 18.12693002820015 6.9037969708442688 24.457250170409679 7.5398437902331308 5.4123005270957938 9.816579729318617 5.4584949538111669 7.7650298997759917 5.272365503013134 83.937128752470016 7.2592028230428678 4.7439355924725533 13.837304748594763 7.493257611989975 9.460804805159567 9.099983796477316 6.776852145791052
leaf_count=40 41 42 69 46 76 39 80 52 39 110 45 42 45 99 42 204 63 44 79 46 61 42 730 63 39 120 63 76 76 43
internal_value=-0.000581931 0.0260105 -0.0146791 -0.0170429 0.0481603 0.0575358 -1.52014e-06 -0.00529864 -0.018906 -0.00965463 0.00833735 -0.00729509 0.0229777 0.0647708 0.0481348 -0.0195091 -0.0131935 -0.00790046 -0.00212925 -0.023936 0.00900428 -0.00654738 -0.0253952 -0.0195303 -0.00440685 -0.0259041 -0.0172687 -0.0225575 -0.0251905 0.0301763
internal_weight=341.708 118.094 223.614 213.801 63.3224 45.207 54.7719 48.8773 207.655 74.1666 26.301 19.4529 18.1154 38.4503 20.3234 47.8656 37.4038 29.864 24.4517 133.489 14.6351 10.7594 122.729 38.7922 12.0031 26.7891 12.9518 43.018 33.5572 13.6806
internal_count=2656 805 1851 1782 386 265 419 379 1741 592 197 152 121 223 124 395 299 236 192 1149 113 88 1061 331 102 229 109 356 280 85
is_linear=0
shrinkage=0.03


Tree=8
num_leaves=31
num_cat=1
split_feature=3 1 1 10 3 1 8 2 2 1 3 1 3 3 3 8 1 1 8 8 2 0 8 1 8 2 1 0 1 2
split_gain=134.367 108.479 29.0091 24.9323 22.6061 12.5036 14.3653 10.3236 9.92967 9.92574 8.6296 6.27594 6.27116 5.09034 5.06072 4.92215 6.85212 4.81195 3.7737 5.54139 6.86311 4.2001 3.62953 3.51793 3.5096 6.93102 3.03858 2.76313 2.42464 2.25939
threshold=0.56911990046501171 0.0010961646912619474 0.0077926099766045817 0 1.3120248913764956 0.057946631684899337 0.22840820997953418 41.500000000000007 4.5000000000000009 -0.01450296677649021 0.39033365249633795 -0.0037613816093653436 0.89929264783859264 1.1930445432662966 1.1478604078292849 0.1856794357299805 0.011112705804407598 0.020301518961787227 0.072060175240039839 0.024030849337577823 15.500000000000002 9.5000000000000018 -0.021279271692037579 0.017942148260772232 0.071452643722295775 11.500000000000002 0.043773271143436439 11.500000000000002 -0.0064350664615631095 14.500000000000002
decision_type=2 2 2 1 2 2 10 8 8 2 2 2 2 2 2 8 2 2 8 10 10 10 10 2 8 8 2 10 2 8
left_child=1 9 7 4 5 6 17 13 -3 22 11 -11 23 14 18 16 29 -4 19 20 21 -2 -1 -5 -6 -26 -14 -12 -23 -10
right_child=2 8 3 12 24 -7 -8 -9 15 10 27 -13 26 -15 -16 -17 -18 -19 -20 -21 -22 28 -24 -25 25 -27 -28 -29 -30 -31
leaf_value=-0.0049105997580222759 -0.019987255674138005 0.023967483019292572 0.015638964327941266 0.012067129606197439 -0.022139079252297394 0.06761270842339441 0.053651662778123978 0.01991973748861027 0.030817634355903616 0.042303030386569407 -0.024745686752709425 0.00066580586626978301 -0.031613808756160239 -0.027956683747908977 0.0075115680811283121 0.040065639898509933 0.081903027688924851 -0.015982192366946292 -0.024047674251486073 0.0095956131854585611 -0.032348416150925416 -0.0055991953905050679 -0.028514296624541299 -0.017193478880947573 -0.019464915891310313 0.025953122617575576 -0.004394191605283186 0.0043353596992349594 0.021490586111505137 0.061913153653664052
leaf_weight=10.864405356347563 7.344203054904944 9.3081947267055494 12.460515432059774 7.2957552894949895 8.414040155708788 6.2537711709737769 7.3761828020215026 4.9950066581368437 8.5866758525371516 6.7187063843011856 5.1359696015715581 5.6938808038830775 20.158963501453403 59.951818607747555 6.9014437496662131 13.212413087487219 19.229399159550667 5.4528277814388266 46.734329380095005 8.5167519152164441 13.191254071891306 5.3232625797390947 13.138113744556902 5.6761289313435555 5.1773065254092225 4.9399351477622995 4.9024347439408293 5.159429207444191 4.9181044921278927 6.8065033853054056
leaf_count=82 61 58 92 56 66 43 51 36 50 48 40 41 174 537 58 78 103 43 394 70 112 45 105 41 44 38 36 40 40 39
internal_value=0.000125006 0.0285784 -0.011955 0.00183138 0.0142895 0.0321793 0.0211786 -0.019612 0.0559327 -0.00535634 0.00868256 0.0246769 -0.0144704 -0.0210247 -0.0163026 0.0615346 0.0683727 0.00567738 -0.0182774 -0.010988 -0.0168067 -0.00403535 -0.0184541 -0.00105068 -0.00893434 0.00305104 -0.0266621 -0.0110784 0.00816434 0.0475054
internal_weight=349.838 103.854 245.984 88.1079 50.0746 31.5433 25.2895 157.876 57.1432 46.7105 22.708 12.4126 38.0333 152.881 92.9293 47.835 34.6226 17.9133 86.0279 39.2936 30.7768 17.5856 24.0025 12.9719 18.5313 10.1172 25.0614 10.2954 10.2414 15.3932
internal_count=2721 684 2037 684 377 229 186 1353 328 356 169 89 307 1317 780 270 192 135 722 328 258 146 187 97 148 82 210 80 85 89
cat_boundaries=0 1
cat_threshold=12
is_linear=0
shrinkage=0.03


Tree=9
num_leaves=30
num_cat=1
split_feature=3 1 1 6 10 3 5 4 6 7 1 5 5 7 1 5 7 8 4 5 7 3 1 0 1 5 8 7 6
split_gain=134.086 79.406 39.7514 31.8673 21.9544 20.5028 22.3259 15.334 14.6182 10.7802 9.34205 11.3169 11.25 8.22562 8.27499 5.65847 5.46595 5.26961 4.14454 4.59363 4.09103 11.7617 5.9317 1.90568 1.58078 0.891123 0.705445 0.449066 0.108115
threshold=0.56911990046501171 0.0049758991226553926 0.01664349623024464 -19.499999999999996 0 1.4518623352050783 32.495632171630866 0.73733583092689525 -1.4999999999999998 0.095073565840721144 0.0077926099766045817 18.071282386779789 50.009799957275398 0.13196761906147006 0.017115097492933277 37.968566894531257 0.079775385558605208 0.083096962422132506 0.98367813229560863 43.607994079589851 -0.036014175042510026 0.33309699594974523 -0.0055147104430943719 14.500000000000002 -0.16677708923816678 41.506412506103523 0.42050254344940191 0.096711404621601119 -3.4999999999999996
decision_type=2 2 2 8 1 2 2 2 8 10 2 2 2 8 2 2 8 10 2 2 8 2 2 10 2 2 10 10 8
left_child=1 8 3 -2 5 6 9 24 -1 -4 11 -9 -12 14 17 -6 20 -3 19 -13 22 -22 -10 27 -5 -18 28 -20 -26
right_child=2 13 4 7 15 -7 -8 10 16 -11 12 18 -14 -15 -16 -17 25 -19 23 -21 21 -23 -24 -25 26 -27 -28 -29 -30
leaf_value=0.034847281978292372 0.044341622291557525 0.058525719664738476 -0.0079488983395087191 -0.0095072925406027957 0.0047787598720437684 -0.0087037204233887545 0.08819590787475072 0.020875731482233567 -0.02434179280311935 0.04646673119712201 -0.010419511570846137 -0.019894873880815206 0.037850971309139399 0.027397072743391822 0.079955162528252757 -0.032203389990731343 -0.02469129077925877 0.023139430486314942 -0.019564995431477342 0.016913427540294054 -0.010467869974909857 0.041836758713986781 0.0085484743497022328 -0.030553004223610705 -0.021743213488777453 -0.007424863309799825 -0.01337042974705234 -0.0086198305059370772 -0.030538776885832026
leaf_weight=9.925923287868498 6.0767749100923538 11.859842509031298 5.7733572944998794 5.183330886065959 5.1207565218210211 7.0277953222393981 7.2009985148906699 5.9939517006278029 7.8092593476176217 5.8873606249690056 10.050072044134142 5.3891785219311696 6.2558713704347602 9.5678292661905271 16.913255900144577 10.696272961795328 8.3212687075138074 8.2652592062950117 16.918912202119831 4.8566806092858315 7.4476989060640317 6.4025636166334152 10.391396366059785 21.776804260909557 13.53022115677595 5.4296565875411025 4.9092578440904608 7.2108863219618788 85.931814059615135
leaf_count=65 39 64 46 46 41 54 48 45 63 38 79 46 39 56 86 86 70 47 141 39 54 47 72 187 121 39 44 61 775
internal_value=-0.00049084 0.0280244 -0.0129326 -0.0186306 0.0133985 0.0249289 0.0498188 -0.0208898 0.00365008 0.0210251 -0.0105699 -0.0158253 0.0092168 0.0564802 0.0630753 -0.0129548 -0.00371092 0.0457761 -0.0200396 -0.00249473 0.00315319 0.0149001 -0.00609636 -0.0238188 -0.0281175 -0.0188391 -0.0289427 -0.0167673 -0.0295706
internal_weight=338.124 102.334 235.79 194.084 41.7065 25.8895 18.8617 188.007 55.7278 11.6607 78.4524 62.1464 16.3059 46.6062 37.0384 15.817 45.8018 20.1251 56.1525 10.2459 32.0509 13.8503 18.2007 45.9066 109.555 13.7509 104.371 24.1298 99.462
internal_count=2638 663 1975 1662 313 186 132 1623 410 84 637 519 118 253 197 127 345 111 474 85 236 101 135 389 986 109 940 202 896
cat_boundaries=0 1
cat_threshold=12
is_linear=0
shrinkage=0.03


Tree=10
num_leaves=31
num_cat=1
split_feature=4 13 5 2 8 5 7 4 5 2 2 5 5 7 0 0 5 0 8 4 5 8 2 4 7 2 7 5 8 7
split_gain=104.104 18.991 26.5559 16.0399 11.5182 12.7259 12.525 11.2279 14.7374 8.92534 8.75795 6.89174 6.14285 7.27961 10.8328 5.44388 7.54957 5.42396 4.80549 4.43685 4.3402 4.1242 5.28941 3.18493 2.73999 5.61867 2.54957 1.90836 1.52825 1.46238
threshold=0.99997916817665111 0 49.32011795043946 23.500000000000004 0.080326158553361907 32.142530441284187 0.095073565840721144 0.78672158718109142 51.139064788818366 6.5000000000000009 19.500000000000004 33.418319702148445 51.104207992553718 0.20405811071395877 6.5000000000000009 4.5000000000000009 36.573274612426765 10.500000000000002 0.19210744649171832 2.1120055748724556e-07 40.998418807983406 0.22691270709037784 20.500000000000004 0.95487722754478466 -0.21984501928091046 17.500000000000004 -0.050540065392851823 31.31425762176514 -0.087438531219959245 0.3483483642339707
decision_type=2 9 2 8 8 2 10 2 2 10 10 2 2 8 10 10 2 10 10 2 2 10 8 2 8 8 8 2 10 10
left_child=7 2 3 17 5 -3 10 15 9 -9 11 -7 13 14 -6 16 19 -2 -16 -1 -13 22 28 -11 25 -17 -18 -19 -4 -26
right_child=1 4 21 -5 12 6 -8 8 -10 23 -12 20 -14 -15 18 24 26 27 -20 -21 -22 -23 -24 -25 29 -27 -28 -29 -30 -31
leaf_value=0.025322544821039173 0.014895893091191346 0.042021009354361039 0.029247268064675827 0.04253650266770978 0.028660538647339213 -0.03146703855793552 0.036303365355187266 0.017660896020362714 0.026377513360259248 -0.0038134468540414004 0.028645937071197961 0.017919858938946636 -0.028851192181714769 -0.022924611643836704 0.01036232462198919 -0.02258284802028351 -0.0016669052896364754 -0.0017815828402429779 -0.020756877034471856 -0.0096514862222463003 -0.011453035090043761 0.071918448905994067 0.015758382090572419 -0.028839668226114539 -0.025343475615242476 0.013835413151593862 -0.02871895346753528 -0.023199969729781653 0.056751006195068066 -0.0082157965331943351
leaf_weight=6.5058769881725329 10.67124915122986 11.515964232385157 6.5600420236587569 10.277092583477495 11.460914090275766 8.0272945165634209 8.8809198066592199 5.8642262220382717 10.98957373946905 6.8115253672003773 5.4945540428161612 6.8636218681931522 7.1040330678224555 8.394832067191599 6.8526544645428684 9.402631171047684 4.5665300264954567 7.934104844927786 9.6995635181665403 5.0438762083649635 9.6787369623780233 7.7390130907297126 6.9028939753770819 15.443658523261545 94.829455852508545 5.1825334802269944 9.9967175275087339 6.4103575125336647 12.796494387090206 5.9722865447401992
leaf_count=54 73 75 40 68 79 64 61 45 76 55 38 50 50 61 51 83 39 62 79 41 65 47 44 135 852 41 88 47 77 52
internal_value=-0.000289748 0.017017 0.0276844 0.0128319 0.0054535 0.0156475 0.00699214 -0.015942 -0.00165885 -0.0131455 -0.00255627 -0.0103815 -0.00522927 2.79583e-05 0.00745934 -0.0198504 -0.00713154 -0.000537492 -0.00801709 0.0104971 0.00106092 0.0502053 0.0414026 -0.0216734 -0.0226427 -0.00958496 -0.0208885 -0.0122413 0.0493245 -0.0244194
internal_weight=343.873 163.264 69.2912 35.2928 93.9731 50.4611 38.9451 180.609 39.109 28.1194 30.0642 24.5697 43.512 36.408 28.0131 141.5 26.113 25.0157 16.5522 11.5498 16.5424 33.9984 26.2594 22.2552 115.387 14.5852 14.5632 14.3445 19.3565 100.802
internal_count=2692 1131 458 250 673 353 278 1561 311 235 217 179 320 270 209 1250 222 182 130 95 115 208 161 190 1028 124 127 109 117 904
cat_boundaries=0 1
cat_threshold=1553
is_linear=0
shrinkage=0.03


Tree=11
num_leaves=31
num_cat=0
split_feature=3 1 1 6 5 1 7 5 1 3 1 1 4 5 5 2 8 5 3 6 2 3 1 5 6 2 1 1 2 2
split_gain=124.804 83.8878 21.7662 20.4362 17.6054 21.1013 16.8536 17.2354 9.1693 8.46068 9.43149 6.64807 6.01117 5.5528 7.84474 4.33035 4.06565 3.60868 3.49665 3.0003 2.38845 2.22931 1.49968 1.3858 1.37762 1.12528 4.95717 5.62588 1.04683 0.87277
threshold=0.65546888113021862 0.0010961646912619474 0.015092996880412103 -16.999999999999996 48.830354690551765 0.019967474043369297 0.15651877969503405 53.092546463012702 0.090036813169717803 0.39033365249633795 -0.01450296677649021 -0.0037613816093653436 0.73733583092689525 50.648374557495124 53.334682464599616 4.5000000000000009 -0.013741764239966868 18.338701248168949 0.46121214330196386 -1.4999999999999998 19.500000000000004 0.51101231575012218 -0.0035810554400086399 32.21278381347657 -2.4999999999999996 17.500000000000004 -0.0098140183836221678 0.005528713809326292 6.5000000000000009 5.5000000000000009
decision_type=2 2 2 10 2 2 10 2 2 2 2 2 2 2 2 10 10 2 2 10 10 2 2 2 10 10 2 2 10 8
left_child=1 9 3 -2 5 21 7 8 20 10 16 -12 25 17 -15 -11 -1 -14 -6 -17 29 -3 -21 -7 -19 -5 -27 -28 -26 -4
right_child=2 4 6 12 18 23 -8 -9 -10 15 11 -13 13 14 -16 19 -18 24 -20 22 -22 -23 -24 -25 28 26 27 -29 -30 -31
leaf_value=0.0057103186072648823 0.023452174820795382 0.013651390078077049 -0.012785012783971737 -0.028842765767819353 0.069591871801356092 0.060937592673793957 0.037958394960395644 0.040148082267658952 0.011438237980837948 0.0078877037193251683 0.043369874449411268 0.00069154896008185901 0.0029995366323543843 0.026348869880867348 -0.015025064662248531 -0.0022342847414957958 -0.023454288549421439 -0.0075195256714541796 0.042382883093303722 -0.032237138659077361 -0.0040909621376419179 -0.0064681829812591992 -0.010456765154131045 0.033279404549645841 -0.010176146283741472 -0.031697286119252911 0.012445326148516057 -0.024894223852490387 -0.027679757088375091 -0.032256272496778905
leaf_weight=8.5392600968480092 8.5927640944719297 12.041552200913431 4.6201157942414346 73.439518161118031 19.987086236476898 9.9691982269287127 9.0935617089271528 5.2755206897854796 8.5939127355813962 5.3579941466450718 6.9410847201943398 5.6584857776761037 5.3867060914635649 5.8375627771019927 9.4020245969295484 6.2250898629427018 7.0818692222237614 5.7554399743676177 14.53135125339031 12.424009725451475 4.973919264972209 7.2298600673675528 5.257670171558849 7.8076543509960166 5.2445489913225201 13.271372251212599 6.8024146258831006 5.8619944602251053 26.275858491659164 13.920590847730635
leaf_count=64 59 76 38 691 98 51 61 34 62 42 47 40 42 44 72 44 57 48 83 105 41 51 42 44 43 126 63 54 235 122
internal_value=-0.000444851 0.0227208 -0.0145641 -0.0196228 0.0441683 0.028552 0.00352267 -0.0056244 -0.0141304 -0.0042789 0.00732105 0.0256632 -0.0221095 -0.0140284 0.00146992 -0.0153373 -0.00812714 -0.0194715 0.0596534 -0.0206502 -0.0235604 0.0061566 -0.0266671 0.0512093 -0.0227123 -0.0266313 -0.0195311 -0.00539507 -0.0251699 -0.0283069
internal_weight=341.4 129.052 212.348 165.87 71.5667 37.0483 46.4776 37.3841 32.1085 57.4855 28.2207 12.5996 157.277 57.9021 15.2396 29.2648 15.6211 42.6626 34.5184 23.9068 23.5146 19.2714 17.6817 17.7769 37.2758 99.3753 25.9358 12.6644 31.5204 18.5407
internal_count=2679 844 1835 1477 403 222 358 297 263 441 208 87 1418 484 116 233 121 368 181 191 201 127 147 95 326 934 243 117 278 160
is_linear=0
shrinkage=0.03


Tree=12
num_leaves=31
num_cat=0
split_feature=3 6 6 6 5 3 8 4 5 5 5 3 3 3 8 4 5 3 8 3 5 5 5 0 6 5 5 4 5 5
split_gain=121.629 27.5041 20.8194 15.0291 14.2493 11.5301 25.3848 10.182 13.0056 11.1504 9.26632 8.76487 8.37572 8.28801 18.4409 6.17249 3.19946 2.81466 2.50779 1.84905 1.69781 1.65888 2.8432 6.58907 4.9444 1.79589 3.19565 1.79433 1.3361 5.01281
threshold=0.65546888113021862 -19.499999999999996 1.0000000180025095e-35 -10.499999999999998 36.847028732299812 0.35368618369102484 0.080326158553361907 0.78672158718109142 50.988521575927741 18.338701248168949 36.437219619750984 0.47952021658420568 1.3989965915679934 0.50140693783760082 -0.023557555861771103 0.99815168976783764 52.598661422729499 0.27440479397773748 0.072060175240039839 0.42487226426601415 52.976987838745124 19.023676872253422 36.573274612426765 4.5000000000000009 -3.4999999999999996 32.495632171630866 30.882366180419925 7.3461556282516948e-10 32.598609924316413 37.187438964843757
decision_type=2 10 10 10 2 2 8 2 2 2 2 2 2 2 8 2 2 2 10 2 2 2 2 10 10 2 2 2 2 2
left_child=2 12 3 -1 19 16 13 21 9 -9 -8 -12 -2 14 -7 -10 17 18 -5 -4 -15 -3 23 -23 -24 26 -25 -27 -11 -30
right_child=1 7 4 5 -6 6 10 8 15 28 11 -13 -14 20 -16 -17 -18 -19 -20 -21 -22 22 24 25 -26 27 -28 -29 29 -31
leaf_value=0.06402553485170949 0.047002423081770925 -0.031068966985424482 -0.0090647926749309049 0.018609898881668679 0.031557214765403963 0.040261281033745204 -0.03178079468884961 0.019305430897230354 0.036801088699757963 -0.026644400462640026 0.028096706348551964 -0.011577226901670916 -0.00032610663425968812 0.054779638070815005 -0.021226235802700562 6.2835934774566675e-05 0.051188694553946465 0.011778618672426869 0.045309050793270973 -0.030807387914087769 0.027723286654659503 0.012308244655603 0.0054989716081607276 -0.0010119106333268339 -0.026469448698716792 -0.017804373187635461 -0.029309674392317041 0.0043800583001736317 0.0044781732199601762 -0.022468235256094087
leaf_weight=8.8511293828487378 6.9031296074390394 19.736251324415207 9.1800363585352915 7.5781537070870462 6.1141895204782477 9.6338281705975515 7.8139407560229328 6.7055746763944617 6.0109848976135245 18.326937712728977 7.6645127907395389 10.984358131885527 5.8370688557624817 10.77961862832308 6.6493288278579739 9.9757922962307912 11.706175006926058 7.7258479669690123 10.121992766857145 6.3266811966896048 7.190795235335826 6.6739646568894377 4.3440843597054473 4.5395248904824284 61.686849467456341 6.5484827235341054 17.640677340328693 5.2318924218416214 8.222104452550413 21.191278770565987
leaf_count=48 44 187 69 47 42 59 60 50 41 161 49 74 41 71 44 75 63 52 59 51 43 56 38 42 579 61 162 45 68 180
internal_value=-0.000347064 -0.0144097 0.022554 0.0279498 -0.00413298 0.0240718 0.0155989 -0.017204 -0.00790667 -0.0148522 -0.00638738 0.00532848 0.0268727 0.0322839 0.0153771 0.0152296 0.0371538 0.0289996 0.0354845 -0.0192646 0.0459852 -0.0222819 -0.0203826 -0.013561 -0.0243156 -0.0188515 -0.0238116 -0.00838003 -0.0199477 -0.0150362
internal_weight=337.895 209.575 128.321 106.7 21.6209 97.8486 60.7164 196.834 70.4327 54.4459 26.4628 18.6489 12.7402 34.2536 16.2832 15.9868 37.1322 25.426 17.7001 15.5067 17.9704 126.402 106.665 40.6345 66.0309 33.9606 22.1802 11.7804 47.7403 29.4134
internal_count=2661 1830 831 669 162 621 400 1745 575 459 183 123 85 217 103 116 221 158 106 120 114 1170 983 366 617 310 204 106 409 248
is_linear=0
shrinkage=0.03


Tree=13
num_leaves=31
num_cat=1
split_feature=4 1 5 5 1 6 6 13 5 1 0 5 5 8 5 5 6 5 1 8 2 4 4 8 8 1 2 8 4 5
split_gain=77.6094 77.2531 37.6547 31.7602 31.7153 22.7463 12.7208 11.2403 9.45088 15.922 8.74013 10.4595 7.93544 6.99696 11.2841 8.60277 3.51903 3.44289 3.05218 2.58699 2.34781 1.62391 3.44984 1.67378 3.38149 1.59144 1.4076 1.70041 1.17691 0.891
threshold=0.78672158718109142 0.0048211875837296256 50.189250946044929 18.396368980407718 0.096224866807460799 -8.4999999999999982 -16.999999999999996 0 38.938272476196296 0.070295058190822615 14.500000000000002 44.10101509094239 32.462585449218757 -0.023557555861771103 32.142530441284187 35.665649414062507 -1.0000000180025095e-35 18.496431350708011 0.010312102269381286 0.23877459019422534 11.500000000000002 5.6489232520107187e-05 0.030617413111031059 -0.01583845820277929 0.15740822255611422 0.00090630701743066322 5.5000000000000009 0.20157121866941455 0.27673526108264929 31.824123382568363
decision_type=2 2 2 2 2 8 8 9 2 2 10 2 2 8 2 2 8 2 2 8 10 2 2 8 10 2 10 10 2 2
left_child=4 5 3 -3 6 -2 -1 20 9 12 11 13 29 14 -9 17 -12 -15 -4 -10 -7 -8 23 -23 -25 -24 -13 -28 -27 -5
right_child=1 2 18 8 -6 7 21 10 19 -11 16 26 -14 15 -16 -17 -18 -19 -20 -21 -22 22 25 24 -26 28 27 -29 -30 -31
leaf_value=0.021068037191685176 0.045279335362203868 0.063053746166094812 0.038191687321909251 -0.0022696149033334537 0.037088722134844168 0.032759589146115625 -0.026056886504219667 0.045934653229498273 6.034187332744897e-05 0.052850637409623667 -6.7145329893753301e-05 -0.031495356232412945 0.020532852866454784 -0.00043532200493007266 -0.0036189385830007964 0.019245997875628661 -0.026923979006030808 -0.031263952893512102 0.062640607329213727 -0.025624883496733433 0.0065778383757785375 0.0065661026216238833 -0.031562563063018405 -0.028288575197935224 0.005799282545495511 -0.0037603892780607214 -0.0016480849367887258 -0.022933385591706257 -0.023489695885718562 -0.017983884976466573
leaf_weight=5.3145238757133484 6.6186833530664444 9.227933466434477 14.415604062378405 5.3786969259381356 8.0252975001931173 6.8057496100664139 82.153594851493835 6.7296804264187804 5.7883214280009252 6.1583218574523917 5.0375238284468651 7.6228878721594837 10.579594835638998 5.1215815320611027 8.6067439541220647 6.7142677158117285 33.475931897759438 8.1110575124621374 23.40551470965147 8.0235032886266691 6.1242304816842079 5.7056277021765709 12.721840791404249 4.6877714693546277 4.3276992067694664 5.9805397763848287 6.2176206484436971 6.8558311015367508 4.8159676045179367 8.6616223305463773
leaf_count=35 41 50 81 40 55 47 792 48 43 33 39 59 73 39 69 50 286 67 118 58 45 52 122 43 39 54 48 57 43 60
internal_value=4.43786e-05 0.0115927 0.0319462 0.0153589 -0.0176712 -0.00489802 -0.0214322 -0.00837871 0.00432192 0.0134637 -0.0114796 -0.00495592 0.00193332 0.00499541 0.0196061 -0.00663791 -0.0235017 -0.0202009 0.0545457 -0.0155833 0.0126442 -0.0234664 -0.0173788 -0.00546859 -0.0129801 -0.0243067 -0.0213694 -0.0136467 -0.0138062 -0.0125151
internal_weight=339.414 205.681 91.6391 53.818 133.733 114.042 125.708 107.423 44.5901 30.7782 94.4931 55.9797 24.6199 35.2833 15.3364 19.9469 38.5135 13.2326 37.8211 13.8118 12.93 120.393 38.2394 14.7211 9.01547 23.5183 20.6963 13.0735 10.7965 14.0403
internal_count=2686 1451 556 357 1235 895 1180 854 307 206 762 437 173 273 117 156 325 106 199 101 92 1145 353 134 82 219 164 105 97 100
cat_boundaries=0 1
cat_threshold=148
is_linear=0
shrinkage=0.03


Tree=14
num_leaves=31
num_cat=0
split_feature=3 1 1 8 5 1 6 6 4 1 5 3 8 5 7 0 7 3 4 8 5 0 1 0 7 5 1 7 5 1
split_gain=94.7806 78.7575 20.0148 18.8361 11.978 16.2697 15.3751 11.6143 10.7982 8.10905 8.73362 6.56569 6.50865 5.4553 8.65951 6.31139 6.12426 10.0842 5.11713 5.08963 5.55094 3.06933 3.9475 4.79096 2.79724 5.5721 3.70396 2.79471 2.36111 2.2175
threshold=0.65546888113021862 0.0010961646912619474 0.025003143586218361 0.060492698103189475 53.265357971191413 0.025862181559205059 -1.0000000180025095e-35 -19.499999999999996 0.73733583092689525 0.0064637907780706891 50.348297119140632 0.46946182847023016 -0.054574819281697266 54.19874572753907 -0.0014256411814130841 11.500000000000002 -0.042106870561838143 0.39915610849857336 0.99999824166297924 0.03061280865222216 37.387369155883796 19.500000000000004 -0.001634406275115907 13.500000000000002 -0.066117975860834108 38.204950332641609 -0.031495653092861169 0.10969203338027002 32.263656616210945 0.0017341906786896291
decision_type=2 2 2 10 2 2 8 10 2 2 2 2 8 2 8 10 10 2 2 8 2 10 2 8 8 2 2 8 2 2
left_child=1 13 7 12 5 6 -3 -2 24 21 18 -6 -4 14 16 19 17 -1 -11 -16 -21 22 23 28 25 26 -9 -7 -10 -28
right_child=2 4 3 -5 11 27 -8 8 9 10 -12 -13 -14 -15 15 -17 -18 -19 -20 20 -22 -23 -24 -25 -26 -27 29 -29 -30 -31
leaf_value=0.022479301258782076 0.013509640490239099 0.041949492451100523 0.0068955122650135332 0.036596610401378016 0.066308274004141521 0.059070270678871856 -0.0035829892373625727 -0.021520579940035638 0.0016230123975649606 0.0067848426702269262 0.030201417960471016 0.031016126377698194 -0.030987061371540826 -0.030717478083303964 0.017855886623459646 -0.029971543200639678 0.034254241075822853 -0.023771386662091727 -0.029262924603296603 -0.03030716084309764 0.0088560214915422795 -0.027840655688225247 -0.024001361219355342 0.018979182698107881 -0.028436164240929127 -0.026451157871196292 0.023123072462132282 0.028693271473676434 -0.022582876743718505 -0.004967029669195858
leaf_weight=7.7457938864827174 9.8100104555487615 9.4747478067874891 7.6101010367274284 12.124843135476111 17.649835035204891 11.808983758091925 18.011303201317791 4.1325696855783454 6.463922783732416 7.7462140396237391 7.4268573299050322 10.38863457739353 7.1230538412928599 6.8448788896203032 6.2670825123786953 11.847162023186682 5.8702484145760527 7.2402282133698463 5.1111996024847031 6.485736124217512 5.1304067075252533 13.52308566868305 10.824087187647821 5.8046081662178031 71.335603326559067 19.217746362090111 4.3047743961215037 7.7720743119716671 6.9130985289812088 4.2775173410773277
leaf_count=54 65 54 61 84 79 58 119 40 52 65 44 54 57 55 43 99 41 58 42 54 37 124 96 51 708 184 40 41 61 40
internal_value=-0.000668761 0.0189962 -0.013491 0.0103377 0.0390181 0.028702 0.0130342 -0.0171467 -0.0190163 -0.00911165 0.00634333 0.0547505 -0.012225 -0.00740681 -0.00371834 -0.0139233 0.0108002 4.48945e-05 -0.00862281 -0.00226763 -0.0136793 -0.0162943 -0.0103605 -0.00185518 -0.0249907 -0.016664 -0.00102128 0.0489931 -0.011587 0.0100653
internal_weight=336.286 132.537 203.749 26.858 75.1056 47.0671 27.4861 176.891 167.081 63.8131 20.2843 28.0385 14.7332 57.4315 50.5867 29.7304 20.8563 14.986 12.8574 17.8832 11.6161 43.5288 30.0057 19.1816 103.268 31.9326 12.7149 19.5811 13.377 8.58229
internal_count=2660 846 1814 202 405 272 173 1612 1547 535 151 133 118 441 386 233 153 112 107 134 91 384 260 164 1012 304 120 99 113 80
is_linear=0
shrinkage=0.03


Tree=15
num_leaves=31
num_cat=0
split_feature=4 1 1 5 5 6 6 1 6 8 7 5 8 8 5 5 5 5 5 8 1 2 5 4 7 5 2 8 2 2
split_gain=75.2724 76.9288 29.0883 27.6121 34.057 22.1153 17.3797 12.4042 8.28472 6.39151 5.74936 5.26484 3.97125 5.18677 7.09973 7.41258 6.4433 4.33353 3.43543 3.42969 3.26054 2.99186 2.41805 2.06618 5.96567 11.3865 2.98106 5.32887 2.45189 1.48805
threshold=0.78672158718109142 0.0048211875837296256 0.096224866807460799 49.32011795043946 18.338701248168949 -8.4999999999999982 -14.499999999999998 0.047635944560170181 -5.4999999999999991 0.099720984697341933 0.15411201864480975 18.299908638000492 0.27623905241489416 -0.23246189206838605 52.684926986694343 33.418319702148445 38.606920242309577 32.112770080566413 50.230779647827156 0.02612062077969313 0.016444201581180099 14.500000000000002 48.209159851074226 5.6489232520107187e-05 0.083001147955656066 32.532375335693366 14.500000000000002 0.21658082306385043 24.500000000000004 4.5000000000000009
decision_type=2 2 2 2 2 8 8 2 10 8 8 2 10 10 2 2 2 2 2 8 2 10 2 2 10 2 8 10 8 8
left_child=2 5 6 4 -3 -2 -1 8 -6 -9 11 -7 13 -13 15 17 -17 19 -18 -15 21 -10 -14 26 29 -26 -8 28 -28 -25
right_child=1 3 -4 -5 7 10 23 9 20 -11 -12 12 22 14 -16 16 18 -19 -20 -21 -22 -23 -24 24 25 -27 27 -29 -30 -31
leaf_value=0.025237180814689435 0.041574202663000132 0.069011782571782088 0.037086284162156716 0.05065880212468616 0.024135472748940519 0.018920550255647137 -0.030735715962199858 0.043809759537283749 -0.029875414197779653 0.0053517122688567674 -0.02221776427388894 0.014415380834019526 -0.0067660870020028255 0.01354522819734914 -0.029718570047497745 0.027581582145086943 -0.016421225430589052 -0.031565868230959832 0.012093311938370486 -0.017798309028568656 0.0032013773539614067 -0.0034922673649236519 0.017899820589145691 -0.0076383101994776156 -0.022997088322390807 0.029556986039641023 -0.027731408940395996 0.011176780940246274 -0.0055355622560278308 -0.028203939439259591
leaf_weight=6.3238848894834518 7.647528387606144 8.5505105257034284 7.5721680372953406 40.239470258355141 5.9675038754940024 6.7698636800050727 48.624258622527122 8.3080276474356634 9.7582904249429792 7.2215732559561721 20.527656838297844 6.1661320701241484 5.4901494905352575 4.6014615148305911 15.399489142000673 7.0852573812007931 8.8749487996101362 10.221755981445311 5.283297896385192 6.2547577396035194 7.4708543792366973 6.5001369789242736 7.4331939890980721 4.7991095110774067 7.4384967237710935 5.6221325770020485 19.421829864382751 4.3576133325695983 6.4854524806141844 20.275679841637611
leaf_count=42 45 44 50 204 42 52 489 46 73 42 176 45 45 36 122 51 74 90 37 53 54 48 58 45 72 50 196 40 62 196
internal_value=0.000933403 0.0122273 -0.0167757 0.0320756 0.0174994 -0.0046068 -0.0203538 0.00647819 -0.00496203 0.0273317 -0.00836241 -0.00473703 -0.00703851 -0.01009 -0.0129087 -0.00624731 0.00615152 -0.0184561 -0.00568488 -0.00449126 -0.0129596 -0.0201409 0.00768779 -0.0230105 -0.0164221 0.000118731 -0.0259499 -0.0175239 -0.0225873 -0.0247117
internal_weight=336.692 205.772 130.921 94.0164 53.7769 111.755 123.348 45.2264 29.6968 15.5296 104.108 83.5803 76.8104 63.8871 57.721 42.3215 21.2435 21.078 14.1582 10.8562 23.7293 16.2584 12.9233 117.025 38.1354 13.0606 78.8892 30.2649 25.9073 25.0748
internal_count=2679 1437 1242 553 349 884 1192 305 217 88 839 663 611 508 463 341 162 179 111 89 175 121 103 1150 363 122 787 298 258 241
is_linear=0
shrinkage=0.03


Tree=16
num_leaves=31
num_cat=1
split_feature=3 6 6 6 2 2 3 5 8 4 13 3 0 5 5 0 4 4 0 2 8 2 6 5 5 8 0 8 8 8
split_gain=92.7474 19.7786 15.1354 12.6164 22.9208 11.0139 10.471 9.82764 12.5209 9.05078 12.816 8.8999 6.78495 4.63736 5.13109 4.54879 4.50554 7.34809 2.41314 3.88896 4.90547 2.07281 1.94741 3.2249 5.90168 3.49309 7.13438 2.4909 8.15626 6.66459
threshold=0.65546888113021862 1.0000000180025095e-35 -19.499999999999996 -4.4999999999999991 13.500000000000002 8.5000000000000018 0.27875271439552313 53.265357971191413 0.03061280865222216 0.86846381425857555 0 0.71559211611747753 9.5000000000000018 35.665649414062507 49.86413764953614 2.5000000000000004 0.9999835491180421 0.99919170141220104 14.500000000000002 8.5000000000000018 0.037508174777030952 13.500000000000002 1.0000000180025095e-35 32.180639266967781 38.204950332641609 0.17623112350702289 10.500000000000002 -0.054574819281697266 -0.18499501794576642 0.063626531511545195
decision_type=2 10 8 10 10 10 2 2 8 2 9 2 8 2 2 8 2 2 10 8 10 10 8 2 2 10 8 10 10 8
left_child=1 3 -2 4 -1 -3 21 8 12 15 11 -11 -8 -10 -15 -4 17 -13 19 -12 -21 -5 23 -17 27 -26 -27 28 -25 -29
right_child=2 5 9 6 -6 -7 7 -9 13 10 18 16 -14 14 -16 22 -18 -19 -20 20 -22 -23 -24 24 25 26 -28 29 -30 -31
leaf_value=0.0027757313840866883 0.028185260191218794 0.023172365019852804 0.002135665596887942 0.043611500610805244 0.068278331558643726 -0.021411511723574549 0.043889450887647556 0.02683450458451047 -0.024334229272510575 -0.015545514771518712 -0.02457941230425385 0.023663854321228712 0.0028230223799553919 0.012594743174121244 -0.019333709127824783 -0.028401338847150834 0.036865527255588643 -0.016421752611081232 -0.028641373718586636 -0.015627954373686026 0.020180098141741817 0.021332831618478147 -0.028078180904441044 -0.017887763176297228 -0.02822946347381295 -0.026820110883065174 0.012747002152213105 -0.029843393480891899 0.032743795414795059 0.0066702622343857041
leaf_weight=7.5219474136829403 6.7832989394664764 6.4057837575674084 8.0008049085736257 14.054605454206468 12.769751712679861 14.512199230492113 7.1201933175325367 25.268360771238804 9.5892577916383761 8.1579201146960276 10.75550212711096 10.065796285867693 6.7997057810425767 11.218028314411642 6.2006416469812384 21.757372036576271 7.6947098895907393 5.6767616197466841 14.784475296735762 7.0356746241450292 5.0249181091785431 9.6477331444621068 29.776276998221874 4.7294671759009361 25.675949618220329 8.0132156983017886 6.6967746764421472 7.2406299635767919 4.824781998991968 9.2685737088322657
leaf_count=43 40 41 71 79 68 120 45 142 73 63 88 74 49 76 44 220 59 48 135 60 42 54 291 45 253 80 62 71 42 85
internal_value=-0.000434347 0.0191305 -0.0131669 0.0241732 0.0452679 -0.00732413 0.0189661 0.0125051 0.00322926 -0.0147404 -0.00590697 0.00775641 0.0253627 -0.0086766 0.000796356 -0.0195074 0.0193455 0.00909152 -0.0153297 -0.0123001 -0.00030609 0.035774 -0.0209807 -0.0182969 -0.0146164 -0.0216661 -0.00914225 -0.00329582 0.00836044 -0.0101338
internal_weight=333.071 131.108 201.963 110.19 20.2917 20.918 89.8985 66.1962 40.9278 195.18 69.1958 31.5952 13.9199 27.0079 17.4187 125.984 23.4373 15.7426 37.6006 22.8161 12.0606 23.7023 117.983 88.2068 66.4494 40.3859 14.71 26.0635 9.55425 16.5092
internal_count=2663 834 1829 673 111 161 562 429 287 1789 569 244 94 193 120 1220 181 122 325 190 102 133 1149 858 638 395 142 243 87 156
cat_boundaries=0 1
cat_threshold=659
is_linear=0
shrinkage=0.03


Tree=17
num_leaves=31
num_cat=1
split_feature=3 6 6 2 3 3 10 5 2 2 3 8 8 5 3 3 0 8 5 2 5 8 6 5 3 8 5 5 2 5
split_gain=93.8365 19.7136 14.2498 11.4129 11.0062 10.3115 10.0887 13.531 8.1755 7.77071 7.49295 5.32661 9.00226 4.50501 4.12538 7.71979 3.07415 3.05441 2.91039 3.99553 5.77041 5.78631 2.73917 3.19713 2.91339 2.62429 11.8515 4.88912 2.80576 1.85719
threshold=0.56911990046501171 1.0000000180025095e-35 -19.499999999999996 19.500000000000004 0.96934980154037487 0.35368618369102484 0 18.338701248168949 5.5000000000000009 8.5000000000000018 1.3065455555915835 0.23313938081264499 0.073832970112562193 42.875749588012702 0.45663827657699591 0.51978892087936412 18.500000000000004 0.16010808199644092 38.204950332641609 4.5000000000000009 32.495632171630866 -0.054574819281697266 -2.4999999999999996 53.795074462890632 1.2246589660644533 0.060492698103189475 37.269767761230476 41.137786865234382 7.5000000000000009 36.156560897827156
decision_type=2 10 10 8 2 2 1 2 10 10 2 10 10 2 2 2 8 8 2 10 2 10 10 2 2 10 2 2 10 2
left_child=1 3 10 5 6 -1 11 -8 -7 -3 -2 12 -4 -5 -10 -16 -11 25 19 29 -21 -22 -20 -24 -25 27 -27 28 -9 -6
right_child=2 9 4 13 18 8 7 17 14 16 -12 -13 -14 -15 15 -17 -18 -19 22 20 21 -23 23 24 -26 26 -28 -29 -30 -31
leaf_value=0.034397816176880244 0.037412815058274415 0.022716638096777042 0.016985698061168401 0.061837430296483524 0.010886163207188987 -0.010367092123212266 0.017500742776623241 -0.0022836012526227215 0.030320825341912931 -0.030707810154715555 -0.0060197277957357064 0.028001942759118947 -0.026186223625443043 0.029875367704561364 -0.014902840800510587 0.026918806676227064 -0.002871400828939209 -0.027349773476035233 -0.0046000868590366584 -0.024155965822787558 0.019869105058360519 -0.015340902029348451 -0.031244827395351973 0.0015981996073070848 -0.025295671652483767 0.030655060804449703 -0.028785826677205816 0.0075913300161077673 -0.029126516904066493 -0.011806194208697749
leaf_weight=30.524911686778069 6.9851288795471174 5.4260310679674175 10.764203988015657 10.284274347126486 6.8910115361213666 10.993707992136477 10.717078775167463 4.6368121579289499 14.000613622367384 6.3172079101204845 6.0362443625926971 10.075551025569437 5.8961991593241683 11.893412217497824 6.7843388766050321 7.2226181104779243 7.4210785627365121 20.29858472943306 6.2064537182450286 36.736819908022881 5.6536808013916042 10.42950004339218 35.974571287631989 6.6765360012650472 6.6519970744848251 4.9813987389206869 5.095695436000824 5.2416346892714492 16.060708165168762 4.5285049080848694
leaf_count=173 41 33 75 52 60 71 76 38 86 51 41 70 47 62 44 43 60 181 58 376 50 102 368 65 70 41 46 37 143 43
internal_value=-0.000146828 0.0223504 -0.0112069 0.0280808 -0.0130823 0.0215553 -0.00530346 -0.0106619 0.0108953 -0.00510297 0.0182856 0.00872841 0.00108932 0.0467254 0.019311 0.00701903 -0.0168863 -0.0180936 -0.0190791 -0.0143176 -0.0177389 -0.00252507 -0.0242385 -0.0265701 -0.0126526 -0.0122789 0.000712327 -0.0171649 -0.0234954 0.00166128
internal_weight=337.407 110.868 226.538 91.7039 213.517 69.5262 93.7679 67.0319 39.0013 19.1643 13.0214 26.736 16.6604 22.1777 28.0076 14.007 13.7383 56.3148 119.749 64.2395 52.82 16.0832 55.5096 49.3031 13.3285 36.0162 10.0771 25.9392 20.6975 11.4195
internal_count=2703 675 2028 531 1946 417 754 562 244 144 82 192 122 114 173 87 111 486 1192 631 528 152 561 503 135 305 87 218 181 103
cat_boundaries=0 1
cat_threshold=8
is_linear=0
shrinkage=0.03


Tree=18
num_leaves=31
num_cat=1
split_feature=3 1 1 6 4 1 6 1 4 1 8 8 10 6 8 1 1 3 7 7 1 6 1 7 7 7 7 1 8 1
split_gain=70.7695 55.9562 22.7235 19.3737 10.4496 11.2089 9.01633 9.6632 8.7846 7.9132 6.38332 5.73785 5.73482 5.90992 5.47335 4.34865 3.43082 3.60612 3.41498 3.34867 3.02995 2.84009 2.40847 4.99843 1.80732 5.67269 1.54907 1.41612 1.40204 0.892105
threshold=0.65546888113021862 0.00090630701743066322 0.090036813169717803 -19.499999999999996 0.73733583092689525 0.008400904946029188 -4.4999999999999991 0.017115097492933277 0.96096298098564159 0.036769453436136253 -0.014709395356476305 0.2763346284627915 0 -1.0000000180025095e-35 0.22840820997953418 0.019193449057638649 0.0053422136697918185 0.52788183093070995 -0.0014256411814130841 -0.050540065392851823 -0.042147278785705559 -14.499999999999998 0.015417926013469698 0.13605728000402453 -0.066117975860834108 -0.086042959243059144 -0.1892600134015083 -0.13210777193307874 0.1380880028009415 -0.019284252077341076
decision_type=2 2 2 8 2 2 10 2 2 2 8 8 1 8 10 2 2 2 10 10 2 10 2 10 8 8 8 2 10 2
left_child=1 11 3 -2 21 8 -3 10 -6 -9 -8 12 19 -14 15 -7 -12 -18 29 -1 -10 -5 24 28 25 -23 -22 -26 -24 -15
right_child=2 6 -4 4 5 14 7 9 20 -11 16 -13 13 18 -16 -17 17 -19 -20 -21 26 22 23 -25 27 -27 -28 -29 -30 -31
leaf_value=-0.0014806152646469793 0.034380208279193927 0.058103691104462341 0.027968484842001998 0.0011571223142650506 0.012037982174150273 0.014072152215889585 0.03455587306275168 0.059737629109678475 -0.0028593885430062858 0.02380048820437632 0.022829739081155317 -0.030456356229823907 0.011492040753436345 0.004601044514112136 0.030938721569727837 -0.014801643686504056 0.012192738625276079 -0.014521496203666483 -0.0266577848599883 0.026532472480578034 -0.0059151992300252483 -0.022138005262500315 -0.026956910966748435 0.013908161187997465 -0.01020555773206573 0.01354471182298707 -0.026805048484220502 -0.02858639657377254 -0.0046291311813207812 -0.011508816670388092
leaf_weight=6.046665847301484 6.4844369441270828 11.774401932954786 11.947105102241037 4.9029367417097083 8.6160881072282773 9.1163517907261902 13.745781898498533 12.538106828927996 7.6544518098235121 13.047481372952459 9.3556218743324298 6.3467068672180167 7.6494718417525291 5.1217465773224831 6.9538965895771971 7.7612258419394484 9.5978418886661547 6.9686438292264929 14.092035077512262 9.0657326057553274 4.3425317630171776 22.75822876393795 8.0788665190339106 4.6132181808352462 5.605667531490325 4.1212603822350529 27.533276557922367 54.91730260848999 4.1780829206109038 5.4917615130543727
leaf_count=44 37 57 79 39 70 65 69 59 69 63 57 52 48 40 46 60 50 45 120 64 37 236 79 38 61 39 255 593 38 43
internal_value=0.000587364 0.017659 -0.0106365 -0.0132298 -0.0151134 -0.00612055 0.0338953 0.0287161 -0.0143536 0.0429959 0.0186749 -0.00577561 -0.00191532 -0.00806057 0.0104207 0.000709173 0.00928294 0.000768514 -0.0174618 0.0098281 -0.020261 -0.0209329 -0.0219727 -0.010668 -0.0240093 -0.0163774 -0.0242257 -0.0270775 -0.0202692 -0.00400792
internal_weight=330.427 130.842 199.585 187.638 181.153 71.9778 77.0279 65.2535 48.1463 25.5856 39.6679 53.8141 47.4674 32.355 23.8315 16.8776 25.9221 16.5665 24.7055 15.1124 39.5303 109.176 104.273 16.8702 87.4025 26.8795 31.8758 60.523 12.2569 10.6135
internal_count=2652 811 1841 1762 1725 602 400 343 431 122 221 411 359 251 171 125 152 95 203 108 361 1123 1084 155 929 275 292 654 117 83
cat_boundaries=0 1
cat_threshold=1
is_linear=0
shrinkage=0.03


Tree=19
num_leaves=31
num_cat=1
split_feature=1 5 1 5 6 1 8 6 9 5 1 1 5 2 7 5 2 7 5 1 0 1 8 0 1 2 0 8 1 5
split_gain=57.565 27.2539 32.6905 30.6844 21.5543 15.045 13.235 10.2548 9.83047 8.32139 7.89939 6.9471 5.2939 4.583 4.56241 6.44104 5.10769 7.87503 4.43834 5.26499 5.3521 4.10972 3.40254 3.83474 4.04075 2.49864 2.64344 2.45388 4.19837 2.51028
threshold=0.00090630701743066322 53.265357971191413 0.014561230782419445 18.338701248168949 -6.4999999999999991 0.047635944560170181 -0.22655964642763135 -19.499999999999996 0 54.224636077880866 0.096224866807460799 0.0032111828913912181 54.321058273315437 11.500000000000002 0.039807986468076713 52.684926986694343 9.5000000000000018 -0.021622797474265095 49.101280212402351 0.0064637907780706891 13.500000000000002 -0.0042248512618243686 -0.025473586283624169 8.5000000000000018 -0.0078207761980593187 16.500000000000004 7.5000000000000009 0.083096962422132506 -0.061202881857752793 32.515048980712898
decision_type=2 2 2 2 8 2 10 10 9 2 2 2 2 10 8 2 10 10 2 2 10 2 8 10 2 8 10 10 2 2
left_child=7 3 8 -2 -5 11 -7 -1 9 -3 -8 13 -10 -6 15 16 17 -9 19 20 -13 27 23 -16 -25 26 -20 28 -18 -30
right_child=1 2 -4 4 5 6 10 14 12 -11 -12 18 -14 -15 22 -17 21 -19 25 -21 -22 -23 -24 24 -26 -27 -28 -29 29 -31
leaf_value=0.01964719378827684 0.046665742454027395 0.023794016598437374 0.067197016363029508 0.036937094997058752 -0.0092382655672711509 -0.016113258388162122 0.0077608902211986899 -0.0061610147662559556 0.0093347376100439469 -0.018032356667360659 0.048122913530310389 -0.020168025973966133 0.044608735657015876 0.023561311794488327 0.0046493033218774956 -0.024899479937771255 -0.028626182137844777 0.033658926532466549 -0.0076245568261832167 -0.023218584640762943 0.018665701249157143 0.0071116265971337186 -0.02653066094923243 -0.027435585759079589 0.0043190636767824952 -0.01704110178391231 0.013179486182192302 -0.030455647193455469 0.015984325704944419 -0.011147945988519266
leaf_weight=6.8649972379207602 12.959234744310377 5.7253440022468594 14.143889039754866 11.728576034307478 6.114880330860613 7.3693328723311451 8.5987740531563777 11.807834140956404 7.6146863475441924 10.815647169947622 8.9340776950120908 5.0731415599584562 8.3408283740282041 7.6837416738271713 8.1338799968361872 18.155905596911907 5.4425290524959591 5.9634771421551696 10.617046304047113 40.205290488898754 5.7379429191350937 7.5446561127901068 43.343227840960026 13.176071509718897 4.5067482292652121 7.4043159559369078 9.4778787642717344 7.7732380256056777 4.9194485321640986 5.3960762172937393
leaf_count=41 72 38 65 74 53 50 50 106 50 78 49 41 46 63 71 166 55 46 85 356 49 61 428 131 41 63 81 74 41 46
internal_value=0.000177505 0.0110406 0.0306816 0.00441552 -0.000157155 -0.00414983 0.0161258 -0.0141198 0.0132568 -0.00302383 0.0298147 -0.00973349 0.0293178 0.00938406 -0.0159531 -0.0101324 -0.00425428 0.00828253 -0.013169 -0.0183297 0.000278142 -0.0114584 -0.0213674 -0.0120328 -0.0195444 -0.00328783 0.0023474 -0.0174595 -0.00961387 0.00206047
internal_weight=331.573 188.545 46.6404 141.904 128.945 117.216 24.9022 143.028 32.4965 16.541 17.5329 92.3142 15.9555 13.7986 136.163 67.0032 48.8473 17.7713 78.5156 51.0164 10.8111 31.0759 69.1599 25.8167 17.6828 27.4992 20.0949 23.5313 15.7581 10.3155
internal_count=2670 1363 277 1086 1014 940 149 1307 212 116 99 791 96 116 1266 595 429 152 675 446 90 277 671 243 172 229 166 216 142 87
cat_boundaries=0 1
cat_threshold=1
is_linear=0
shrinkage=0.03


Tree=20
num_leaves=31
num_cat=0
split_feature=3 1 6 1 5 8 6 5 1 5 7 2 3 8 6 3 7 8 1 1 5 7 7 1 3 7 6 1 2 2
split_gain=85.5045 49.8474 16.4031 9.85775 13.7093 9.65704 8.95472 9.15298 8.72622 14.838 18.6889 7.71681 7.50577 6.26305 13.6642 4.64135 4.20602 3.78068 6.35266 5.26057 3.84722 3.49474 4.11052 2.65218 2.04915 1.88211 2.40828 1.95985 1.5625 1.35022
threshold=0.65546888113021862 0.00090630701743066322 -6.4999999999999991 0.017115097492933277 36.947896957397468 0.1507057920098305 -1.0000000180025095e-35 52.976987838745124 0.0099341254681348818 53.265357971191413 0.15162380784749988 20.500000000000004 0.19839937239885333 0.13450501114130023 -1.0000000180025095e-35 0.45032694935798651 0.13196761906147006 -0.01583845820277929 -0.0064350664615631095 0.0030139299342408781 31.911806106567386 0.0080776116810739058 -0.050540065392851823 0.090036813169717803 0.95321106910705578 -0.21984501928091046 8.5000000000000018 0.008400904946029188 8.5000000000000018 13.500000000000002
decision_type=2 2 10 2 2 10 8 2 2 2 10 10 2 8 8 2 8 8 2 2 2 10 10 2 2 8 8 2 8 10
left_child=1 12 5 4 -3 11 -6 -8 17 10 23 -2 -1 14 -14 -9 -5 18 20 -20 29 22 -16 24 -10 -19 27 -27 -15 -4
right_child=2 3 8 16 6 -7 7 15 9 -11 -12 -13 13 28 21 -17 -18 25 19 -21 -22 -23 -24 -25 -26 26 -28 -29 -30 -31
leaf_value=0.021273535687626043 -0.029137508120902562 -0.0060462972879941753 0.0073782113991532556 0.05220176541454824 0.058674564140231568 0.036489206758257398 -0.00073924178366626965 0.048135615055393516 -0.011723444413114095 0.031308797346678741 0.024766982666159485 0.014558787533237989 0.033886127180732292 -0.009961181736818793 -0.014088431496070716 0.017329054519283321 0.022206560742202518 -0.0071759518850622629 0.018794802957924499 -0.013684525704518112 -0.029627575653700961 -0.021330322946012639 0.019312374751119629 -0.0046947689493428615 -0.030636842601975987 -0.027316617375094655 -0.00084050448255604162 -0.0047779232874285583 -0.03142637350409213 -0.014750137711190129
leaf_weight=8.3347693458199483 5.1963110193610209 10.413290232419966 4.1705587729811686 25.707571551203728 8.3346041589975339 7.9821329787373534 9.8239732608199137 10.100210458040239 9.2994284778833407 7.652737818658351 9.2651230543851835 7.8468612283468246 6.9735841900110245 6.3977326229214642 6.3655953630805016 10.211720660328863 7.6120308190584174 6.9610452502965927 8.148080535233019 7.8416817784309378 15.208917431533335 12.798424154520033 5.0344888567924553 7.7053043916821471 19.596032984554768 64.924909323453903 3.6575835123658171 4.1639823317527762 8.5902087837457657 3.8672900646924973
leaf_count=55 46 65 42 116 43 52 64 44 75 50 66 56 41 55 52 51 39 69 79 74 163 112 36 55 202 673 37 39 73 39
internal_value=0.000772721 0.0188592 -0.0120365 0.0334689 0.0240418 0.0125313 0.032133 0.0231438 -0.0150866 -0.004906 -0.0114876 -0.00368474 -0.00338505 -0.00819414 -0.000353111 0.0341876 0.0461959 -0.0195882 -0.0115053 0.0029984 -0.0211935 -0.0111734 0.00102988 -0.0210797 -0.0251457 -0.0233753 -0.0248071 -0.0260458 -0.0234599 -0.00372254
internal_weight=330.186 136.698 193.488 82.2034 48.8838 21.0253 38.4705 30.1359 172.463 53.5186 45.8659 13.0432 54.4948 46.16 31.1721 20.3119 33.3196 118.944 39.2365 15.9898 23.2468 24.1985 11.4001 36.6008 28.8955 79.7075 72.7465 69.0889 14.9879 8.03785
internal_count=2663 846 1817 422 267 154 202 159 1663 448 398 102 424 369 241 95 155 1215 397 153 244 200 88 332 277 818 749 712 128 81
is_linear=0
shrinkage=0.03


Tree=21
num_leaves=31
num_cat=2
split_feature=3 6 6 2 3 10 2 6 2 3 2 4 4 7 0 7 7 7 9 2 4 0 7 7 7 2 0 3 3 2
split_gain=68.7261 16.3868 14.9144 13.1916 8.7292 9.53796 6.22151 10.1046 8.80359 5.54583 6.01902 5.08465 9.18338 5.79882 4.39145 4.13855 2.98067 2.95374 2.56309 2.35492 2.8736 2.11185 2.03702 1.9415 2.90695 2.81138 2.77541 2.51744 6.63744 1.80971
threshold=0.65546888113021862 -6.4999999999999991 -1.0000000180025095e-35 13.500000000000002 0.37902624905109411 0 8.5000000000000018 1.0000000180025095e-35 4.5000000000000009 1.4518623352050783 28.500000000000004 0.73733583092689525 0.94116947054862987 -0.2435142323374748 7.5000000000000009 -0.0025545718381181355 0.15651877969503405 0.25344048440456396 1 11.500000000000002 0.99958381056785595 17.500000000000004 0.049505358561873443 -0.066932357847690568 0.088134810328483595 17.500000000000004 25.500000000000004 1.1930445432662966 1.0294157266616824 5.5000000000000009
decision_type=2 10 10 8 2 1 10 10 10 2 8 2 2 8 10 10 10 10 9 10 2 10 10 8 10 10 8 2 2 8
left_child=2 9 3 -1 6 18 8 15 -4 10 -2 23 -13 -14 -7 -8 19 -18 -6 20 -15 -16 -5 25 -25 -3 -27 28 -26 -22
right_child=1 11 4 22 5 14 7 -9 -10 -11 -12 12 13 16 21 -17 17 -19 -20 -21 29 -23 -24 24 27 26 -28 -29 -30 -31
leaf_value=0.0064492283510952427 0.00038208595182248232 -0.01785507756841502 0.0088119957727976102 0.033616430105797387 0.0068643885004291685 0.003650634088742491 0.030494007471110047 -0.020146300330575673 0.045302568438901604 -0.0081517503372041285 0.037927019687597437 0.016248678341516287 0.013956525510020483 0.0064091605696552714 -0.028014430542655511 0.00018714906312063004 0.012804125702922614 -0.01733329666941907 0.027237645023426158 -0.02606291740005242 -0.029683952730938528 -0.006533713033167428 0.059631871809117588 -0.028463384724034643 -0.027513160643306282 0.016948689756174189 -0.012901652169383179 -0.02038958293624198 0.016208890030203236 -0.0046680970547397106
leaf_weight=11.597501844167708 6.7085813656449327 23.538642331957817 11.314460426568987 12.821798771619799 11.485352277755737 10.151424147188665 10.808630287647251 7.2483928427100173 13.108460888266562 7.7839545905590048 8.0615380331873894 10.493707440793512 5.5379713699221611 5.5678164809942272 11.323673583567144 6.1949846670031556 5.2266258597373945 4.5310489013791084 11.693250477313995 23.820762060582638 5.3840004578232739 7.3339165970683089 8.8669572323560697 34.915666960179806 4.5102714821696264 4.345806106925008 4.9031527191400537 25.957032069563866 6.2407037317752838 5.1395018398761758
leaf_count=68 58 241 66 66 67 70 60 60 72 59 47 80 39 46 91 41 43 42 67 218 45 62 44 381 48 42 49 276 62 46
internal_value=-0.000507602 -0.0119584 0.0159294 0.0330823 0.0099878 0.00136742 0.018982 0.00773263 0.0294091 0.011676 0.0219797 -0.0151419 -0.00841225 -0.0133054 -0.00901761 0.0200759 -0.0165605 -0.00150077 0.0126231 -0.0201156 -0.0103016 -0.0203327 0.0464117 -0.0192566 -0.0221163 -0.01254 0.00140931 -0.0154843 -0.0029139 -0.0189319
internal_weight=326.616 192.667 133.949 33.2863 100.663 51.9876 48.6749 24.252 24.4229 22.5541 14.7701 170.113 65.7014 55.2077 28.809 17.0036 49.6698 9.75767 23.1786 39.9121 16.0913 18.6576 21.6888 104.411 71.6237 32.7876 9.24896 36.708 10.751 10.5235
internal_count=2656 1822 834 178 656 357 299 161 138 164 105 1658 559 479 223 101 440 85 134 355 137 153 110 1099 767 332 91 386 110 91
cat_boundaries=0 1 2
cat_threshold=8 1
is_linear=0
shrinkage=0.03


Tree=22
num_leaves=31
num_cat=0
split_feature=3 1 1 5 5 5 5 5 3 8 5 1 5 5 1 2 1 2 1 0 1 3 2 4 4 1 8 1 5 1
split_gain=69.1619 46.9339 13.8974 11.244 9.03182 11.9162 7.85367 11.4645 10.0602 9.10011 7.82995 14.2998 12.8947 11.9567 8.75111 9.38834 7.11934 6.03688 7.44534 5.66223 5.04407 3.27792 4.49728 2.09977 4.67356 1.97469 1.6089 3.32477 1.49779 1.25142
threshold=0.65546888113021862 0.00090630701743066322 -0.0064350664615631095 18.473527908325199 48.830354690551765 38.963422775268562 52.684926986694343 36.599782943725593 0.37411597371101385 -0.023557555861771103 50.913091659545906 0.0099341254681348818 52.598661422729499 53.675596237182624 0.090036813169717803 24.500000000000004 -0.0013311993097886441 17.500000000000004 0.018472000025212768 10.500000000000002 -0.17497552186250684 0.54019680619239818 8.5000000000000018 0.99713608622550975 0.99999588727951061 -0.00052209419663995494 0.060492698103189475 0.017640627920627597 41.506412506103523 0.0090521671809256094
decision_type=2 2 2 2 2 2 2 2 2 8 2 2 2 2 2 10 2 8 2 8 2 2 10 2 2 2 10 2 2 2
left_child=1 6 20 -4 5 17 7 9 -9 19 14 12 -12 -13 15 25 -14 18 -3 -1 -2 22 -6 -22 -25 28 -27 -28 -5 -24
right_child=2 4 3 10 21 -7 -8 8 -10 -11 11 13 16 -15 -16 -17 -18 -19 -20 -21 23 -23 29 24 -26 26 27 -29 -30 -31
leaf_value=0.029309807392043814 0.0075512134442953637 -0.0037741424012681852 0.031111895561490108 -0.015885527008444852 0.02621756790021601 -0.013927197201886206 -0.027093246479619155 0.042285291574453383 -0.0040844308991177481 -0.024390265233392154 0.026475952086893316 -0.002038127902356357 0.011409523282905292 0.05132960715488067 0.013392286780523928 0.013635679265237587 -0.029637561216263038 0.046165829299381081 0.031360121723391629 -0.0079419352252930227 -0.028272952811372758 0.022389359911290669 0.036969270087546455 0.0069338649516854861 -0.02696049689093909 -0.028744901776535704 -0.021884482758750427 0.00048221368531201709 0.0055739124661333085 0.063998610281375323
leaf_weight=5.3707654327154133 4.1366694346070281 8.8490227162838035 6.0521850138902655 5.8605402633547765 10.60718582570553 7.0637778714299193 10.314502276480196 8.0369516760110837 7.5837174654006949 16.403505288064483 5.8190190419554737 6.986989311873911 4.282446168363097 7.0431624129414558 9.2705178931355459 7.6866207793354979 16.422491282224655 9.9516350552439672 12.286098614335058 7.920713499188424 45.992203459143639 10.019262492656706 8.6383530944585818 5.6776424497365934 7.8382033035159111 22.821153298020363 26.921035334467888 7.5579525828361502 4.4100719913840294 11.586760789155958
leaf_count=34 42 56 41 58 48 47 81 50 57 142 48 55 39 45 64 66 151 49 58 65 510 53 40 55 75 229 279 65 44 48
internal_value=-0.000115836 0.0163499 -0.0115224 -0.00585807 0.0310698 0.0197384 -0.00473377 0.000830661 0.0208819 -0.0100537 -0.00787946 0.00291244 -0.0100113 0.0263852 -0.0130306 -0.0164184 -0.0210132 0.0275838 0.0171439 0.0081082 -0.0229222 0.0409276 0.0460592 -0.0251304 -0.0132256 -0.0199863 -0.0221551 -0.0171062 -0.00699412 0.0547398
internal_weight=329.411 134.632 194.779 131.134 79.0021 38.1505 55.6302 45.3157 15.6207 29.695 125.082 40.5541 26.524 14.0302 84.5279 75.2574 20.7049 31.0868 21.1351 13.2915 63.6447 40.8516 30.8323 59.508 13.5158 67.5708 57.3001 34.479 10.2706 20.2251
internal_count=2694 828 1866 1184 399 210 429 348 107 241 1143 338 238 100 805 741 190 163 114 99 682 189 136 640 130 675 573 344 102 88
is_linear=0
shrinkage=0.03


Tree=23
num_leaves=31
num_cat=3
split_feature=4 13 5 6 6 5 10 9 2 8 4 2 6 5 8 2 7 7 7 5 5 7 5 8 5 7 5 8 2 8
split_gain=44.7915 23.9895 24.8156 17.3011 12.6433 11.7926 7.09403 10.7884 6.65688 6.00425 5.34339 3.9384 5.49879 5.06996 3.52172 3.09388 3.03886 2.95134 3.98081 5.12888 3.27883 2.83083 6.18544 3.6943 3.48813 2.77434 4.76459 7.25988 2.82908 2.17089
threshold=0.78672158718109142 0 49.32011795043946 8.5000000000000018 -14.499999999999998 18.338701248168949 1 2 14.500000000000002 -0.2303948029875755 0.99985021352767955 13.500000000000002 -1.0000000180025095e-35 18.496431350708011 0.22691270709037784 4.5000000000000009 0.32317762076854711 0.20495289564132693 0.10649955272674562 32.329877853393562 32.11921691894532 -0.066117975860834108 37.968566894531257 0.16786827892065051 32.329877853393562 0.083001147955656066 37.968566894531257 0.22904596477746966 5.5000000000000009 -0.046477288007736199
decision_type=2 9 2 8 10 2 1 9 10 8 2 10 8 2 10 10 10 8 10 2 2 8 2 10 2 10 2 10 10 10
left_child=4 5 3 10 -1 -2 7 8 14 -8 -3 13 -13 -12 15 -7 21 18 20 -20 -11 22 24 -24 -6 -23 28 -28 -27 -22
right_child=1 2 -4 -5 16 6 9 -9 -10 17 11 12 -14 -15 -16 -17 -18 -19 19 -21 29 25 23 -25 -26 26 27 -29 -30 -31
leaf_value=0.015964708528823618 0.035143705591103025 -0.025992947351707405 0.034986757138684141 0.04688526795079296 -0.013029482288311403 -0.016810026130314085 0.013004463536721333 0.035374658961888517 -0.024198950046192061 0.0046596740930012308 0.013811129139484462 0.02531067281690268 -0.0070556862981170036 -0.019167808212859509 0.019878035177285522 0.007716307860554039 0.00054942661543599676 -0.027985723294335921 -0.014118232054302789 0.023629522476931591 -0.030550277590735721 -0.02894430929701329 -0.031033247320615878 -0.0019555236101801814 0.014226567499874601 -0.00035842110167832753 0.02698406425785372 -0.021956473222289285 -0.027219953203750979 -0.012393997632425009
leaf_weight=10.345582775771616 6.3175775557756415 6.4571195468306533 49.309485100209713 6.3814570158720008 6.4154201969504348 6.7567481324076715 7.3813159242272377 8.0271583870053274 7.7552672401070586 5.6160352155566207 5.5068489015102413 9.9371537342667562 7.6988506689667728 11.284214690327643 9.1603812724351865 10.529310569167135 7.6284613385796538 11.022589668631552 5.6561281904578191 5.3656262829899788 10.07793372869491 33.254807941615582 12.799732491374018 5.6970034539699546 8.8742692768573743 4.3149318918585804 4.4790046587586385 4.4451816007494926 19.055319510400295 18.443659208714969
leaf_count=69 37 58 276 35 67 48 44 51 69 43 40 60 66 83 71 77 75 90 45 38 82 376 140 58 81 41 46 48 215 126
internal_value=0.000199417 0.00852627 0.0184268 0.00460172 -0.0145603 -0.00157941 -0.00422884 0.00503496 -0.00145809 -0.00965103 -0.00295999 0.00197182 0.011561 -0.00818358 0.00584925 -0.00226552 -0.0176332 -0.0144907 -0.0106619 0.00469515 -0.0156126 -0.0190211 -0.0114265 -0.022637 0.00269237 -0.022705 -0.0156038 0.00285049 -0.0224786 -0.0196269
internal_weight=325.995 208.685 96.5751 47.2656 117.31 112.11 105.792 42.2289 34.2017 63.5633 40.8842 34.4271 17.636 16.7911 26.4464 17.2861 106.964 56.182 45.1594 11.0218 34.1376 99.3357 33.7864 18.4967 15.2897 65.5492 32.2944 8.92419 23.3703 28.5216
internal_count=2655 1439 618 342 1216 821 784 316 265 468 307 249 126 123 196 125 1147 424 334 83 251 1072 346 198 148 726 350 94 256 208
cat_boundaries=0 1 2 3
cat_threshold=482 1 4
is_linear=0
shrinkage=0.03


Tree=24
num_leaves=31
num_cat=2
split_feature=3 1 1 2 10 3 1 6 5 1 5 2 3 6 1 3 3 5 3 8 5 5 8 3 5 1 5 2 9 6
split_gain=57.9038 37.6501 26.6271 17.3694 11.9341 13.6138 10.0369 8.79908 8.36475 11.1846 6.28948 8.79682 5.8184 4.53848 4.52967 4.50195 6.6113 4.90767 4.29093 5.39685 5.44232 5.56301 3.03387 2.4285 2.2185 3.19855 1.95589 1.94238 1.40405 1.22361
threshold=0.56911990046501171 0.0010961646912619474 0.0077926099766045817 38.500000000000007 0 1.3852860331535342 0.057946631684899337 -24.499999999999996 32.532375335693366 0.01380946906283498 49.21080398559571 5.5000000000000009 0.18408729881048205 -1.4999999999999998 0.027807219885289673 0.89929264783859264 0.73562741279602062 36.156560897827156 1.1930445432662966 0.072060175240039839 30.380159378051761 36.431882858276374 -0.19074507057666776 0.41627198457717901 53.824871063232429 0.0023837219923734669 50.009799957275398 12.500000000000002 1 -6.4999999999999991
decision_type=2 2 2 8 1 2 2 10 2 2 2 8 2 10 2 2 2 2 2 8 2 2 10 2 2 2 2 10 9 10
left_child=1 12 7 4 5 6 8 -2 -4 -10 11 -3 -1 -14 -13 16 -6 -17 19 20 -9 -22 -15 -12 25 -23 -7 28 -24 -20
right_child=2 10 3 -5 15 26 -8 18 9 -11 23 14 13 22 -16 17 -18 -19 29 -21 21 24 27 -25 -26 -27 -28 -29 -30 -31
leaf_value=0.021885945077628931 0.017938717877765274 -0.0045336713076532141 -0.0096926802992289025 0.049223504762513984 -0.019963022166210945 -0.0019533377066417818 0.053348197097926334 0.014924689296301164 1.7987884243632368e-05 0.047216356873972916 0.050683594160781109 0.016292342201698465 0.011317742238826565 0.0085310619520685364 0.042773230021221284 0.0027359031349442888 0.02020208916276359 -0.031626871838400232 -0.006356188778866634 -0.021639259588310665 -0.026435739093009107 -0.0057328486343733642 -0.00039295157364842591 0.029752229707712782 -0.013875887744885768 0.023754248147312806 -0.025132159193787064 -0.026287178071208006 -0.017600766511515643 -0.027448028312473234
leaf_weight=6.0944187343120566 5.4471796825528136 8.3703445941209775 9.3203898221254367 6.1951699852943412 6.7308210879564268 6.4446942955255491 6.180420294404029 8.015379957854746 8.7165838778018969 8.3842504248023015 16.605509832501411 13.639799848198892 8.1680513471364957 4.4998867884278289 12.64568644762039 4.7038889378309277 6.0551251620054245 14.796270102262495 3.3716114312410346 40.501494206488132 12.218263722956182 7.2975041195750254 8.4561425149440765 16.559320718050003 6.446080967783927 4.6421195566654205 6.0736906677484512 10.406212732195852 7.712629571557053 42.153226777911186
leaf_count=37 32 46 73 36 51 59 36 67 63 51 69 78 49 33 55 43 47 157 31 405 132 63 66 76 59 39 61 94 62 503
internal_value=0.000638832 0.0179006 -0.00854261 0.0046378 0.00048711 0.00951489 0.0216149 -0.0169835 0.012517 0.0244886 0.0318864 0.0218675 -0.00325768 -0.0076093 0.0301327 -0.0114536 -0.00085611 -0.0236087 -0.0186403 -0.0141013 -0.00584936 -0.0115903 -0.012782 0.0414092 -0.000869972 0.00668149 -0.0142265 -0.0165694 -0.00914828 -0.0260561
internal_weight=326.852 113.158 213.694 83.6013 77.4061 45.12 32.6016 130.093 26.4212 17.1008 67.8207 34.6558 45.3373 39.2429 26.2855 32.2861 12.7859 19.5002 124.646 79.1208 38.6193 30.604 31.0749 33.1648 18.3857 11.9396 12.5184 26.575 16.1688 45.5248
internal_count=2673 665 2008 677 641 343 223 1331 187 114 324 179 341 304 133 298 98 200 1299 765 360 293 255 145 161 102 120 222 128 534
cat_boundaries=0 1 2
cat_threshold=12 4
is_linear=0
shrinkage=0.03


Tree=25
num_leaves=31
num_cat=2
split_feature=4 5 6 5 6 5 11 8 6 9 4 8 8 0 8 7 4 0 0 4 8 5 8 8 8 8 5 0 8 8
split_gain=55.7348 18.4491 17.6907 13.1482 11.7497 9.27989 7.09378 7.0766 6.67907 6.64092 6.51677 5.15358 4.38853 4.20267 4.04356 3.05339 2.38488 3.01476 6.11178 4.54185 2.46523 2.37833 2.14319 6.64444 1.99669 2.93763 1.91056 4.0114 3.35155 1.53435
threshold=0.78672158718109142 53.113670349121101 -14.499999999999998 18.338701248168949 -24.499999999999996 32.798503875732429 0 -0.10352222621440886 -1.0000000180025095e-35 1 0.99999997019767772 0.040080392733216293 0.22691270709037784 17.500000000000004 -0.19074507057666776 -0.13149033486843106 5.7890883753408683e-10 20.500000000000004 17.500000000000004 5.0368070958484179e-07 0.38374032080173498 32.329877853393562 -0.01583845820277929 -0.083460871130228029 -0.031007526442408558 0.1020694635808468 50.276121139526374 8.5000000000000018 0.19530879706144336 0.22691270709037784
decision_type=2 2 10 2 10 2 1 8 8 9 2 10 10 10 10 10 2 10 10 2 10 2 8 10 10 10 2 10 10 8
left_child=4 2 -2 8 -1 14 29 -7 -4 -8 12 -12 -9 26 21 -16 20 18 19 -18 -6 -5 23 -21 -17 -26 27 -13 -29 -3
right_child=1 6 3 5 16 7 9 10 -10 -11 11 13 -14 -15 15 24 17 -19 -20 22 -22 -23 -24 -25 25 -27 -28 28 -30 -31
leaf_value=0.018347962207393886 0.041728374164276445 0.030372740658709235 0.041311868946137753 0.015750255402790649 -0.025691849152525856 0.032662091183946619 -0.01616027528285514 -0.026246429359684229 0.0067596423404618624 0.017863379358351486 -0.0077838197597853665 0.022401903489581033 0.0037404508184281137 0.033177057980658092 0.0016506373561528066 -0.031908228764731116 0.0074191826236504731 -0.030013972720245037 0.016285710173175483 -0.027692072180553928 0.00029559370787066343 -0.010242036941217891 -0.024605228333500356 0.019275576688760857 -0.0016360003755274228 -0.02256164250745037 -0.0076818762057118328 0.013526163424732347 -0.01680773879239067 0.050252842758786921
leaf_weight=7.073490932583808 9.1156968027353269 28.15410053730011 8.4949943274259549 5.6486297324299795 52.671723268926144 5.9760809764266014 10.222870051860809 10.165595896542074 11.743353188037874 8.5629490315914154 15.307640090584753 11.761366367340093 6.8732507526874533 6.2586056664586058 6.682514250278472 9.4567141234874672 6.1464305147528639 8.6091858670115453 5.6509149372577658 4.8602225109934807 3.4754092469811431 5.1164862066507339 22.212732993066314 4.1032022908329946 9.8299523890018516 15.370262503623961 5.5106201171874991 5.4498981982469541 5.6841501370072365 7.6361980587244025
leaf_count=44 43 148 50 39 591 43 62 92 83 52 104 72 61 41 48 86 62 94 60 54 36 44 238 40 70 135 42 38 46 39
internal_value=-0.000490199 0.00872473 0.00336735 0.000692463 -0.0171982 -0.00299043 0.0235523 0.00390461 0.0225251 -0.000353795 0.000897471 0.00636906 -0.0146133 0.0126619 -0.0125405 -0.0167228 -0.0196795 -0.0144942 -0.0107732 -0.0151881 -0.0241062 0.00357602 -0.0197373 -0.00641492 -0.0202124 -0.0147731 0.00716731 0.0109132 -0.00206881 0.0281999
internal_weight=323.825 209.022 154.446 145.33 114.803 125.092 54.5761 72.9872 20.2383 18.7858 67.0111 49.9723 17.0388 34.6646 52.1046 41.3394 107.73 51.5827 42.9735 37.3226 56.1471 10.7651 31.1762 8.96342 34.6569 25.2002 28.406 22.8954 11.134 35.7903
internal_count=2657 1438 1137 1094 1219 961 301 539 133 114 496 343 153 239 422 339 1175 548 454 394 627 83 332 94 291 205 198 156 84 187
cat_boundaries=0 1 2
cat_threshold=1 1
is_linear=0
shrinkage=0.03


Tree=26
num_leaves=31
num_cat=2
split_feature=1 4 1 6 13 5 5 6 4 1 5 13 5 5 6 8 8 8 8 8 8 7 0 7 1 4 7 1 1 1
split_gain=50.3775 44.0676 14.3067 14.2792 13.1196 25.0389 11.8248 10.8991 10.3666 9.3435 8.50334 8.48163 8.48059 12.178 7.69153 3.15661 3.11322 4.54633 4.20471 3.62846 4.19606 3.03334 2.87407 2.63595 2.96048 2.41223 2.181 3.1892 2.16569 5.30507
threshold=0.0048211875837296256 0.99208062887191784 0.096224866807460799 -19.499999999999996 0 49.32011795043946 38.963422775268562 -1.0000000180025095e-35 5.6489232520107187e-05 0.027048617601394657 53.983249664306648 1 50.276121139526374 36.599782943725593 -6.4999999999999991 0.043321570381522186 -0.01583845820277929 0.052356872707605369 -0.042602596804499619 0.080326158553361907 0.15740822255611422 0.089925631880760207 14.500000000000002 -0.066117975860834108 -0.016951119527220723 0.99999842047691356 0.15162380784749988 0.0071704010479152211 -0.001634406275115907 -0.017778947018086907
decision_type=2 2 2 10 9 2 2 10 2 2 2 9 2 2 8 10 8 10 10 8 10 8 10 10 2 2 10 2 2 2
left_child=3 2 10 -1 5 6 9 -6 23 -3 14 12 13 -10 -2 -14 18 -18 28 -19 -21 22 -22 24 -5 -23 27 -16 29 -13
right_child=1 4 -4 8 7 -7 -8 -9 11 -11 -12 16 15 -15 26 -17 17 19 -20 20 21 25 -24 -25 -26 -27 -28 -29 -30 -31
leaf_value=0.023887367825422362 0.015490026364317221 0.0076388033437169399 0.026245474318494423 -0.026957714737175498 0.02729695798138811 0.056160742330430787 -0.013707621432051505 -0.01382181457024032 -0.002873877114899114 0.042057650752958149 0.017666587189379156 -0.013599684367168132 -0.020588115952705727 0.053477036277621973 0.00026495602544549288 0.0078694268656505917 -0.030999551725362284 0.011166974387929195 0.019621057917590699 -0.027998740356275063 -0.0087461837458154314 -0.00066021343949239884 0.013750104786650896 -0.030637225378384012 0.0036795137567201914 -0.027458358197440535 -0.0047561562088829987 -0.027085200629157553 -0.024934850720972443 0.016754285230553126
leaf_weight=9.6333456188440305 5.3378769531846046 13.14616033434868 9.7682994753122312 4.388473778963089 7.7643670588731792 30.529773287475109 7.3663010895252219 16.162846453487873 6.6248404979705828 15.925145149230955 6.8942164257168761 15.968919798731806 6.7267304062843305 5.9930102080106735 4.3602324053645125 5.6733069866895676 13.701909206807612 4.9660653024911916 4.543598271906375 13.058537527918807 12.888599127531061 4.5375126823782841 7.088518224656581 27.25588696449995 5.5586376264691335 8.3686087355017644 7.1704148054122916 29.846575230360031 5.1028461083769825 6.5036345645785323
leaf_count=52 36 94 62 52 39 138 57 88 61 75 60 144 53 42 47 44 119 45 38 122 114 47 65 345 62 80 66 316 41 55
internal_value=0.00134508 0.0136875 -0.00547812 -0.00996375 0.0269653 0.0317562 0.0188369 5.78024e-05 -0.0121519 0.0272649 -0.0116333 -0.00779553 0.00681575 0.0258523 -0.016237 -0.00795249 -0.011161 -0.0160633 -0.00448251 -0.0115234 -0.0141618 -0.00800268 -0.000488831 -0.0258307 -0.0110649 -0.0187617 -0.0205989 -0.0236905 -0.00900171 -0.00447561
internal_weight=322.855 154.272 63.3776 168.583 90.8946 66.9674 36.4376 23.9272 158.95 29.0713 53.6093 121.747 25.0179 12.6179 46.7151 12.4 96.7287 64.6098 32.119 50.9078 45.9418 32.8832 19.9771 37.203 9.94711 12.9061 41.3772 34.2068 27.5754 22.4726
internal_count=2659 1078 587 1581 491 364 226 127 1529 169 525 1070 200 103 465 97 870 592 278 473 428 306 179 459 114 127 429 363 240 199
cat_boundaries=0 1 2
cat_threshold=561 86
is_linear=0
shrinkage=0.03


Tree=27
num_leaves=31
num_cat=3
split_feature=3 6 2 6 4 13 9 3 2 4 13 4 3 0 0 8 8 3 0 2 0 8 8 8 8 0 8 2 0 4
split_gain=52.0954 10.9347 12.2458 10.2128 11.0023 8.68039 8.31318 5.81615 4.69646 4.36584 4.08738 4.65145 4.50134 4.15519 4.01883 3.70934 3.97562 3.28628 2.56818 3.09525 3.28212 2.45997 9.0301 3.11478 2.97311 2.40515 2.0118 1.64634 1.40148 0.965906
threshold=0.56911990046501171 1.0000000180025095e-35 19.500000000000004 -14.499999999999998 4.5639297896471482e-11 0 1 0.27440479397773748 8.5000000000000018 4.5848389529368214e-09 2 0.73733583092689525 0.83800312876701366 17.500000000000004 11.500000000000002 0.24617135524749759 0.38374032080173498 0.43829023838043218 21.500000000000004 18.500000000000004 14.500000000000002 -0.12068254873156546 -0.05283295921981334 0.15778549015522006 0.19808901101350787 9.5000000000000018 0.032480256631970413 23.500000000000004 18.500000000000004 0.89212098717689525
decision_type=2 10 8 10 2 9 9 2 10 2 9 2 2 10 10 8 10 2 10 10 10 10 10 10 10 10 8 10 8 2
left_child=1 2 5 25 -5 -1 7 -7 -3 -6 11 13 14 -11 -13 18 -17 -9 19 20 21 -12 -23 29 -25 -2 -21 -4 -10 -24
right_child=3 8 27 4 9 6 -8 17 28 10 15 12 -14 -15 -16 16 -18 -19 -20 26 -22 22 23 24 -26 -27 -28 -29 -30 -31
leaf_value=0.021626106069468166 0.023774090409724814 0.01644959863203416 0.046307517453690786 -0.023993707902102642 0.018320248076812547 0.029139776773368726 -0.018044923904209968 -0.011429477577675972 -0.025731995389635231 -0.022638365611487032 -0.021689033478776872 0.013978121101695424 0.023660550568836241 0.0065259944588264814 -0.013348710461310349 -0.029714319774887768 0.00043291546383534814 0.012190856735361379 -0.026054772812922133 -0.00414057381459524 -0.025234061300539595 0.022969747988251236 -0.026347960124564297 0.017542611178873964 -0.013158632671012757 0.001143807695684269 0.02076105467264077 0.024674310035405229 -0.0055028000249275379 -0.010535907262318091
leaf_weight=30.965832017362118 7.2776657268404987 4.9147323295474079 12.386076636612417 50.893798463046551 4.676687352359294 8.4452064782381076 13.449094474315642 9.6307529211044329 5.6240601986646626 10.462161697447302 6.5708460286259571 7.7295711040496888 9.2791029214858991 6.5413864701986304 9.8906309306621534 17.722869962453846 4.9490771293640128 9.5751754567027074 6.4825019240379325 5.8098501414060575 9.4498424679040891 8.2864020690321833 7.4869285672903265 4.750788174569605 4.6315992921590805 8.8548699989914876 4.3688780292868614 10.273683495819567 7.0896247029304513 9.8622751682996732
leaf_count=164 45 29 55 602 47 45 79 66 49 120 65 56 67 69 83 170 41 60 64 54 97 69 82 42 44 53 38 53 60 80
internal_value=-0.00126809 0.0150841 0.0190912 -0.0102175 -0.0121714 0.012721 0.00042063 0.00986515 -0.00631674 -0.00770076 -0.00873578 0.000174614 0.00788035 -0.0116793 -0.00125417 -0.011752 -0.0233932 0.000367046 -0.0092803 -0.00711377 -0.0101053 -0.00615597 -0.00272006 -0.0112247 0.00257934 0.0121445 0.00744869 0.0379567 -0.0156753 -0.0184235
internal_weight=318.332 112.354 94.7258 205.978 189.845 72.0661 41.1002 27.6511 17.6284 138.951 134.275 43.9029 26.8993 17.0035 17.6202 90.3719 22.6719 19.2059 67.6999 61.2174 51.0387 41.5888 35.018 26.7316 9.38239 16.1325 10.1787 22.6598 12.7137 17.3492
internal_count=2648 660 522 1988 1890 414 250 171 138 1288 1241 395 206 189 139 846 211 126 635 571 479 382 317 248 86 98 92 108 109 162
cat_boundaries=0 1 2 3
cat_threshold=529 4 401
is_linear=0
shrinkage=0.03


Tree=28
num_leaves=31
num_cat=1
split_feature=3 1 1 5 5 1 6 9 0 3 0 3 6 2 1 4 3 3 4 2 1 5 2 2 4 4 0 3 1 0
split_gain=48.4336 39.5147 22.2398 21.0411 16.1162 16.0047 15.5478 9.63877 7.73481 7.9834 12.4208 7.26633 6.68617 5.69897 4.8026 4.51983 4.51295 4.43265 3.81929 3.18685 3.02793 2.95928 2.55059 1.55703 2.83499 4.17819 3.03404 2.57585 2.11637 1.31531
threshold=0.56911990046501171 0.0010961646912619474 0.016444201581180099 53.713888168334968 37.135625839233406 0.096224866807460799 -16.999999999999996 0 13.500000000000002 0.39033365249633795 6.5000000000000009 1.1930445432662966 7.5000000000000009 5.5000000000000009 -0.044887863099575036 0.011427619494497778 0.50140693783760082 0.31853310763835913 0.99208062887191784 11.500000000000002 0.012158233672380449 18.396368980407718 24.500000000000004 12.500000000000002 0.98475667834281932 0.89212098717689525 14.500000000000002 0.67340296506881725 0.0066975220106542119 18.500000000000004
decision_type=2 2 2 2 2 2 8 9 10 2 10 2 10 8 2 2 2 2 2 10 2 2 8 10 2 2 10 2 2 10
left_child=1 8 6 4 5 7 -2 -4 9 10 -1 12 14 17 -8 -16 -11 -3 -9 -6 21 -17 -13 27 25 -25 -26 -23 -28 -10
right_child=2 13 3 -5 19 -7 11 18 29 16 -12 22 -14 -15 15 20 -18 -19 -20 -21 -22 23 -24 24 26 -27 28 -29 -30 -31
leaf_value=-0.0089809189656247079 0.023086371987457471 0.030282056467131963 0.03016201954013896 0.063015311218665826 -0.031289763924498767 0.049970300438746826 -0.025105446861608975 -0.029173772351594945 -0.027749361395437735 -0.03010299196620805 0.040815772509398836 -0.025307013781544967 0.022487820250624384 0.036896615214573457 0.016298644656228028 0.0088652616858723079 0.005794567332615885 -0.00018496104416653529 0.0031349434931027161 -0.0023862240031939071 0.0065839188571042906 -0.0010084478976991557 -0.0042010195211473408 -0.011315450593751749 0.004133589472961211 0.024526156787146119 -0.028191184154599945 -0.023021651046755302 -0.0030974753103295821 -0.0099634421484848922
leaf_weight=7.6972437426447931 9.9882804974913579 7.6399082988500622 5.6872732937335968 5.278126433491706 8.6815676391124708 8.1475842073559743 16.780818350613117 6.024978227913385 7.8566044047474888 5.5412700250744802 8.9457600116729719 46.861948110163212 4.7911563366651526 52.031603217124939 5.6628270000219336 5.0305201485753051 5.5606618672609329 8.5277145206928235 5.8682434558868408 5.593241609632968 8.4631352201104146 6.0721964985132244 6.2721609994769087 5.924928121268751 5.3357001319527653 4.1095141395926476 10.443512089550493 23.333572931587696 4.4778839200735083 9.6150151938199979
leaf_count=53 55 35 42 26 79 47 181 60 68 44 56 594 43 239 60 36 43 46 42 51 58 48 70 65 50 35 110 232 33 77
internal_value=0.00208091 0.017777 -0.00648779 0.0119346 0.00382238 0.0177864 -0.0116299 0.000984264 -0.00395071 0.00587718 0.0185816 -0.0140227 -0.0091255 0.0320316 -0.0109256 -0.00763139 -0.0131298 0.0151373 -0.0142256 -0.0208623 -0.0096776 -0.0118716 -0.0229392 -0.0137363 -0.00851433 0.00425559 -0.0147426 -0.0186587 -0.0213281 -0.0190307
internal_weight=322.245 113.416 208.829 45.281 40.0029 25.7281 163.548 17.5805 45.2166 27.7449 16.643 153.56 100.426 68.1992 95.6346 78.8538 11.1019 16.1676 11.8932 14.2748 73.191 64.7278 53.1341 59.6973 30.2915 10.0344 20.2571 29.4058 14.9214 17.4716
internal_count=2678 661 2017 347 321 191 1670 144 341 196 109 1615 951 320 908 727 87 81 102 130 667 609 664 573 293 100 193 280 143 145
cat_boundaries=0 1
cat_threshold=8
is_linear=0
shrinkage=0.03


Tree=29
num_leaves=31
num_cat=0
split_feature=1 4 3 6 5 1 7 1 6 5 1 7 7 0 0 1 1 0 2 1 6 5 5 5 7 2 4 7 5 5
split_gain=43.4552 32.9423 20.1251 14.6706 11.1874 15.2738 15.3326 8.84466 8.83061 8.00819 10.9001 6.11904 4.73109 4.4044 3.57611 3.20742 3.06197 5.13226 4.89573 7.67295 5.54415 3.51242 3.38195 2.82724 2.66784 3.16595 2.6126 2.1043 3.6425 2.08551
threshold=0.0048211875837296256 0.99997916817665111 0.39033365249633795 -19.499999999999996 48.209159851074226 0.027048617601394657 0.13196761906147006 -0.01450296677649021 -8.4999999999999982 53.948085784912116 0.096224866807460799 0.05638543143868447 0.15162380784749988 9.5000000000000018 13.500000000000002 0.0071704010479152211 -0.0064350664615631095 2.5000000000000004 11.500000000000002 -0.001634406275115907 -1.0000000180025095e-35 44.661895751953132 18.113891601562504 36.947896957397468 0.31382128596305853 11.500000000000002 0.23892279714345935 -0.078657247126102434 33.873342514038093 53.983249664306648
decision_type=2 2 2 10 2 2 8 2 10 2 2 10 10 10 10 2 2 10 10 2 10 2 2 2 8 10 2 8 2 2
left_child=2 3 7 -2 5 11 -7 13 -4 10 12 -3 15 -1 -9 -5 17 -10 23 21 -21 -20 24 -18 25 -19 -22 28 -24 -6
right_child=1 4 8 9 29 6 -8 14 16 -11 -12 -13 -14 -15 -16 -17 18 22 19 20 26 -23 27 -25 -26 -27 -28 -29 -30 -31
leaf_value=0.0097965231806559985 0.036860547865808078 -0.020860195711723119 0.010868368483399733 -0.00097886337637570898 0.044331761246259475 0.045468358938388444 -0.0032606467607576178 0.030512219148009476 0.0058013963764443231 0.017304178296639945 0.018657531481907852 0.010057243960272837 0.0024411496817155825 -0.020285773278559859 0.0047375436349592591 -0.025949079128862386 -0.00091303549913194712 0.016404410283727321 -0.00089018441566153137 0.013276260223796625 -0.0033355252237061419 0.034922731820034872 0.0018774632187603102 -0.027547202038257564 -0.027165984124589603 -0.016251614942669669 -0.029634593665959115 -0.031791333240711379 -0.029127922948369609 0.026878235479500585
leaf_weight=6.8048439100384739 6.1107410043478003 10.433978088200094 9.4492669329047185 5.4484187290072432 16.988037101924419 15.879068508744238 8.6695605888962763 12.767149783670904 4.9774566367268553 8.3704399317502958 7.6336642056703559 10.733346305787562 8.0221292302012426 9.3156687021255475 8.1291894763708097 33.157840237021446 4.4906226173043278 4.3696552589535695 4.5800772011280078 4.5246846154332188 5.1372921690344837 4.2170942425727844 5.8981224223971349 18.323431000113487 4.0869719237089148 4.3182944282889366 10.965247020125387 38.97085378319025 6.7293629124760628 22.34474778175354
leaf_count=47 35 76 61 58 84 71 47 71 47 67 51 67 76 77 52 361 43 42 48 36 61 37 66 190 43 47 103 462 75 96
internal_value=-0.000147064 0.0113379 -0.0106622 -0.00409095 0.0237113 0.0131738 0.0288052 0.00869391 -0.0161545 -0.00860286 -0.0128401 -0.00543638 -0.0182801 -0.00775683 0.0211595 -0.0225388 -0.0183261 -0.0225268 -0.0124309 -0.0040915 -0.0139504 0.0180897 -0.0247724 -0.0225631 -0.00991203 0.000170847 -0.0219299 -0.0281932 -0.0155707 0.0353288
internal_weight=321.847 153.792 168.055 68.7432 85.0487 45.716 24.5486 37.0169 131.038 62.6325 54.2621 21.1673 46.6284 16.1205 20.8963 38.6063 121.589 69.3507 52.2384 29.4244 20.6272 8.79717 64.3733 22.8141 12.7749 8.68795 16.1025 51.5983 12.6275 39.3328
internal_count=2697 1089 1608 648 441 261 118 247 1361 613 546 143 495 124 123 419 1300 782 518 285 200 85 735 233 132 89 164 603 141 180
is_linear=0
shrinkage=0.03


Tree=30
num_leaves=31
num_cat=0
split_feature=3 6 2 2 8 2 5 4 7 6 5 8 2 7 7 8 8 2 7 3 2 2 6 3 5 6 7 7 7 2
split_gain=48.4972 10.7778 10.6968 9.77257 6.26052 9.14001 6.66942 5.41274 5.28653 4.44631 4.28221 10.2846 4.21764 4.15124 3.4236 3.3147 5.49833 5.72747 2.82144 2.80225 2.48642 3.39714 10.5127 10.4975 2.98991 2.38656 2.13296 1.84484 4.90276 1.43485
threshold=0.65546888113021862 1.0000000180025095e-35 38.500000000000007 8.5000000000000018 0.19712997227907184 3.5000000000000004 35.665649414062507 4.5639297896471482e-11 -0.021622797474265095 -10.499999999999998 53.092546463012702 0.24368029832839969 19.500000000000004 -0.010646981652826069 -0.099180757999420152 -0.22655964642763135 -0.054574819281697266 12.500000000000002 0.32317762076854711 1.2592769861221316 7.5000000000000009 13.500000000000002 -1.0000000180025095e-35 0.45663827657699591 52.976987838745124 -6.4999999999999991 0.096711404621601119 -0.050540065392851823 -0.099180757999420152 6.5000000000000009
decision_type=2 10 8 10 8 8 2 2 10 10 2 10 8 8 10 10 10 10 10 2 10 10 8 2 2 10 10 8 8 10
left_child=1 4 7 -3 5 -1 -6 18 -5 -7 15 12 14 -8 -12 -9 17 -17 27 25 -11 23 -23 -22 -24 -18 -19 28 -2 -27
right_child=2 3 -4 8 6 9 13 10 -10 20 11 -13 -14 -15 -16 16 19 26 -20 -21 21 22 24 -25 -26 29 -28 -29 -30 -31
leaf_value=-0.0060595969802338251 -0.021922184047922445 0.021064129326589309 0.01724371095291077 0.0069795599915457767 -0.018935073695348088 0.045538630223888321 0.022777452612665998 -0.029706882689984327 -0.031819363816535086 0.032441013348628388 -0.01546733200200015 0.037953461073910795 -0.026702572493331671 -0.0022197267839293741 0.012919232232189073 0.024394818875487133 0.0059375012042074491 -0.016353642542249566 0.0038846383461734538 0.0077280577425502938 0.024233758253565441 0.047615859862697514 -0.00094698109049779215 -0.016352306938456834 0.021130077625340405 -0.0077846187655764131 0.0088712930137298442 -0.026408309390720579 0.013051721751384665 -0.019379471323866807
leaf_weight=9.429389111697672 12.004932865500448 6.8889622837305096 11.314117290079592 4.0776837617158899 6.8956900909543064 8.0592970699071866 13.900786913931368 7.129527084529399 9.4882511273026431 15.606393240392206 5.2557872831821468 4.8287870958447447 5.7276588603854171 9.7122455388307589 8.8680402785539645 7.0990371555089977 4.0908428207039824 7.7852491363883001 3.8209832906723014 4.7031941264867774 13.41321147978306 10.317009016871451 10.078308545053011 8.6379653289914113 10.993064209818838 14.850613601505755 3.8152082860469818 30.680699221789837 4.2295205593109158 42.397560097277164
leaf_count=63 137 42 69 34 49 35 73 75 89 84 49 32 46 61 77 62 33 85 41 51 71 51 68 56 56 146 35 387 47 452
internal_value=0.000348346 0.0136865 -0.00993919 -0.00615782 0.0171774 0.0212665 0.00527213 -0.0118692 -0.0204786 0.0246431 -0.00818951 0.00281555 -0.00714187 0.0128234 0.00203171 -0.0111444 -0.00925443 0.00490474 -0.0200005 -0.0132769 0.0215887 0.0178818 0.0241381 0.00831555 0.0110063 -0.0149856 -0.00801191 -0.0219863 -0.0125819 -0.016557
internal_weight=316.1 137.498 178.602 20.4549 117.043 86.5346 30.5087 167.288 13.5659 77.1052 116.552 24.6803 19.8515 23.613 14.1238 91.8712 84.7417 18.6995 50.7361 66.0422 69.046 53.4396 31.3884 22.0512 21.0714 61.339 11.6005 46.9152 16.2345 57.2482
internal_count=2656 832 1824 165 667 484 183 1755 123 421 1143 204 172 134 126 939 864 182 612 682 386 302 175 127 124 631 120 571 184 598
is_linear=0
shrinkage=0.03


Tree=31
num_leaves=31
num_cat=1
split_feature=4 1 1 5 6 5 6 1 13 6 7 7 7 7 6 5 7 2 7 5 5 1 7 4 5 7 5 5 1 6
split_gain=32.3383 29.3579 21.2716 16.7833 12.0596 10.7655 10.5219 8.18458 7.53243 7.18428 6.65691 4.0396 4.11095 3.54493 2.90481 2.74226 4.61519 4.67518 4.66475 3.8266 3.43229 3.2731 2.71499 3.51979 6.81959 2.4744 2.32721 2.26272 3.63663 2.04243
threshold=0.78672158718109142 0.0049758991226553926 0.096224866807460799 50.189250946044929 -8.4999999999999982 18.338701248168949 -5.4999999999999991 0.016444201581180099 0 -24.499999999999996 0.039533829316496856 -0.066117975860834108 -0.086042959243059144 0.02552564907819033 1.0000000180025095e-35 54.19874572753907 -0.0014256411814130841 16.500000000000004 -0.044002586975693696 31.881024360656742 50.790092468261726 -0.010663954075425862 0.083001147955656066 5.6489232520107187e-05 37.968566894531257 -0.27699369192123408 44.10101509094239 36.427257537841804 0.013256099540740253 -1.0000000180025095e-35
decision_type=2 2 2 2 10 2 10 2 9 10 8 8 8 8 10 2 8 10 10 2 2 2 10 2 2 10 2 2 2 10
left_child=2 4 9 5 -2 -3 -7 -8 13 -1 -9 12 27 -6 15 16 18 19 20 -18 -10 -21 -13 29 -25 -5 -23 -11 -29 -24
right_child=1 3 -4 25 8 6 7 10 14 11 -12 22 -14 -15 -16 -17 17 -19 -20 21 -22 26 23 24 -26 -27 -28 28 -30 -31
leaf_value=0.012297320844080551 0.026813796683753582 0.036437957913318261 0.029200056272522382 0.015877921180150856 0.02531362471403471 0.02852266501337215 -0.02229151560327371 0.022438827393323847 -0.011590771529120768 -0.0017469530516548229 -0.0091646333449754269 -0.030681404802013246 0.013572143089480059 -0.00064762202577693098 -0.022252882563838599 -0.023000322296791997 0.016433191617314366 -0.030565562916059968 0.025588230253908707 -0.026563725973706393 0.015965638289221769 0.012201378299697247 -0.010283580420250472 -0.019522306996780679 0.023872616882271932 0.036685081103322206 -0.012248851346277697 -0.027364491849556544 0.004589889189077925 -0.030658985962800749
leaf_weight=6.2526838928461066 9.4656302854418737 8.6324833929538709 8.7946050241589528 8.7351499050855619 8.8117297887802106 9.2301036417484266 14.813458152115343 10.257268093526367 12.691401265561586 8.6056178659200686 11.987150862812992 29.1093884781003 4.7789214551448849 9.052377790212633 17.11357768625021 8.8897674903273565 4.7529943361878422 8.5855509266257268 5.7863732203841201 6.846230521798133 4.8196089789271346 5.2660288512706774 8.2749864608049375 7.7210472971200925 4.2199118435382843 33.125567570328712 6.9676214382052422 13.689010925590994 3.7675943151116362 14.098377451300623
leaf_count=39 50 40 54 39 57 56 119 55 103 98 76 387 49 72 174 74 35 88 41 63 35 39 100 87 40 154 58 157 40 185
internal_value=-0.000217735 0.00677908 -0.0133345 0.0187186 -0.00389105 0.0075795 0.0015408 -0.00575252 -0.00704718 -0.0173069 0.00574664 -0.0193791 -0.0100004 0.00837928 -0.0102534 -0.008347 -0.00564466 -0.0128077 0.00443962 -0.00543735 -0.00355357 -0.0114326 -0.0237137 -0.0171014 -0.00352694 0.032815 -0.00159744 -0.0146645 -0.0205929 -0.0238854
internal_weight=315.142 205.83 109.312 96.7812 109.049 54.9205 46.288 37.0579 99.5833 100.518 22.2444 94.2649 30.8411 17.8641 81.7192 64.6056 55.7158 32.4184 23.2974 23.8329 17.511 19.0799 63.4237 34.3143 11.941 41.8607 12.2337 26.0622 17.4566 22.3734
internal_count=2664 1428 1236 539 889 346 306 250 839 1182 131 1143 344 129 710 536 462 283 179 195 138 160 799 412 127 193 97 295 197 285
cat_boundaries=0 1
cat_threshold=84
is_linear=0
shrinkage=0.03


Tree=32
num_leaves=31
num_cat=0
split_feature=1 3 3 5 5 7 1 2 2 6 5 5 3 0 1 0 6 3 0 0 3 4 5 7 1 6 1 1 1 1
split_gain=41.2297 26.8069 18.9931 12.1238 16.2423 11.3935 8.65272 12.3701 8.1359 8.12646 6.8202 7.88334 6.44339 7.44211 5.90812 4.34389 4.14835 3.7374 3.545 3.35427 3.12901 4.43867 2.79872 3.15364 2.65396 2.4411 1.90499 1.75771 1.55163 2.93733
threshold=0.0077926099766045817 1.0357999801635744 0.56911990046501171 50.189250946044929 18.338701248168949 0.15162380784749988 -0.01450296677649021 5.5000000000000009 17.500000000000004 -24.499999999999996 38.856031417846687 32.462585449218757 0.39033365249633795 11.500000000000002 0.027807219885289673 18.500000000000004 -1.0000000180025095e-35 0.46946182847023016 5.5000000000000009 9.5000000000000018 1.1930445432662966 0.0066994952503591785 17.877986907958988 -0.27699369192123408 0.014004568103700878 7.5000000000000009 -0.031495653092861169 -0.0098140183836221678 0.0053422136697918185 0.0028404667973518376
decision_type=2 2 2 2 2 10 2 10 10 10 2 2 2 10 2 10 8 2 10 10 2 2 2 8 2 10 2 2 2 2
left_child=2 3 6 4 -2 8 19 -8 -3 -4 11 16 13 -9 -13 -10 -6 -14 -5 -1 21 26 -23 -24 -20 27 -11 -25 29 -29
right_child=1 5 9 18 10 -7 7 12 15 20 -12 14 17 -15 -16 -17 -18 -19 24 -21 -22 22 23 25 -26 -27 -28 28 -30 -31
leaf_value=0.0019056688726520929 0.043343389937237957 -0.025825608974981505 0.015842786362996131 0.016548918279245133 -0.0192803088151773 0.024469790720224385 -0.016516203172545443 0.050001078290447164 0.025751904612323656 -0.0066244321750497321 -0.01512404851890122 0.0051348858387274352 -0.0091651210760683253 0.011820220036291788 0.042363981218883622 -0.010680194260688596 0.010266737054583487 0.018133580229864488 0.024191352657013304 -0.020050781740105501 -0.024697379023811108 0.0029945873614342375 0.0056684368582613723 -0.028839476026415775 0.047774260436368912 0.0025739179602259459 0.021295236252728368 -0.017412198170857762 -0.029939055055830402 0.0054381850490870139
leaf_weight=10.699093095958235 10.706602111458777 21.37462825328112 6.0999739393591872 9.8242416307330114 7.3989895805716515 6.9474098384380332 10.387070365250109 8.7096787840127963 4.3914661183953267 3.66244076192379 11.911981508135794 7.4542905613780004 7.8658760711550739 10.290479250252245 7.654463991522789 5.6221074834465981 7.8007026463747042 8.3335087522864324 10.500307090580465 13.574139125645159 40.004331558942795 5.9798789843916884 4.3073846846818924 19.934375502169132 17.441213175654411 3.9024517610669127 3.4215113669633856 24.098102666437629 6.0506762713193885 5.8364714831113806
leaf_count=75 49 233 34 47 49 57 69 42 37 45 92 54 52 63 36 61 49 51 51 126 536 45 39 235 76 34 36 241 58 57
internal_value=-0.000202256 0.0128717 -0.00895695 0.0216914 0.0120643 -0.00801441 0.00351319 0.0111378 -0.0157379 -0.0159939 0.00331295 0.0108108 0.0195291 0.0309473 0.0254551 0.00618465 -0.00441864 0.00511606 0.0345241 -0.0106804 -0.017771 -0.0139115 -0.0161871 -0.0179943 0.040054 -0.0197633 0.00782675 -0.02134 -0.0165181 -0.0129252
internal_weight=322.186 129.028 193.157 90.6928 52.927 38.3356 69.8598 45.5866 31.3882 123.298 42.2204 30.3084 35.1995 19.0002 15.1088 10.0136 15.1997 16.1994 37.7658 24.2732 117.198 77.1933 70.1093 64.1295 27.9415 59.8221 7.08395 55.9196 35.9853 29.9346
internal_count=2729 891 1838 503 329 388 478 277 331 1360 280 188 208 105 90 98 98 103 174 201 1326 790 709 664 127 625 81 591 356 298
is_linear=0
shrinkage=0.03


Tree=33
num_leaves=31
num_cat=3
split_feature=3 1 1 2 3 3 1 7 3 8 1 13 8 1 2 3 0 0 7 2 13 7 7 1 7 8 1 7 9 0
split_gain=39.0513 26.0125 13.4928 9.0345 8.50412 6.67917 6.91466 9.56589 8.80283 5.77995 5.46008 4.54302 4.09979 3.7082 3.64024 3.60227 3.57178 3.21953 2.86536 10.5373 2.48964 7.3866 4.37054 4.13952 2.55043 2.38043 2.28702 2.23151 1.08008 2.77043
threshold=0.65546888113021862 0.0010961646912619474 0.096224866807460799 38.500000000000007 0.19839937239885333 1.1930445432662966 0.012158233672380449 0.12426119670271875 1.1478604078292849 0.13450501114130023 0.017115097492933277 0 0.19712997227907184 0.0076232990249991426 5.5000000000000009 0.41627198457717901 12.500000000000002 7.5000000000000009 -0.066117975860834108 17.500000000000004 1 -0.087761078029870973 -0.22774737328290937 -0.0026437448104843493 0.30271787941455847 0.066486384719610228 0.019193449057638649 -1.0000000180025095e-35 2 8.5000000000000018
decision_type=2 2 2 10 2 2 2 10 2 8 2 9 8 2 8 2 10 10 8 10 9 10 8 2 10 10 2 10 9 10
left_child=1 4 3 5 -1 6 8 26 20 16 11 13 15 -3 -12 -13 17 -6 19 -7 22 -22 -2 -23 -24 -16 -8 -18 29 -20
right_child=2 10 -4 -5 9 18 7 -9 -10 -11 14 12 -14 -15 25 -17 27 -19 28 -21 21 23 24 -25 -26 -27 -28 -29 -30 -31
leaf_value=0.021396901366060015 0.0084133266599928369 0.0089945125557379449 0.021044809541859943 0.01820245064741163 -0.0047274992877540615 -0.025857722309448293 0.0044262264334552579 0.036222703134626721 0.021197019726010388 -0.022814052134105065 0.012927576180036393 0.045810262714110227 0.0078999123354678187 -0.015202838965752521 0.023944998174638094 0.017650074274509479 -0.0025537618218467047 0.018694618552862884 0.0018507670662874774 0.019115402911311152 -0.024737076696502991 0.032266866572511453 -0.025026088472026545 -0.0041450649334125516 -0.001375799963615367 0.045915915996018228 -0.016118284374565771 -0.027512968104495085 -0.028134048477649734 -0.027530126636634875
leaf_weight=9.1116866171359998 3.8837945163249969 13.583862319588663 11.497206084430216 7.9689914286136618 10.296650961041452 12.171640597283842 9.7016136869788223 5.8135946094989768 5.5591291114687911 16.292115896940231 9.1721164435148221 10.755150206387045 8.1248830705881137 8.3580379188060743 12.605736419558527 9.3216726928949338 7.9946625754237175 9.1984608545899373 5.0431434288620949 6.3987674862146369 5.1908957585692397 5.2686758413910857 43.974974576383829 4.7252465263009062 4.6480414420366278 14.021787866950033 8.1771602854132635 4.6782182157039625 31.401086255908012 5.4085859246551991
leaf_count=58 35 78 71 50 72 155 76 34 59 142 42 49 41 46 56 45 61 64 59 67 46 47 485 39 48 59 71 53 422 76
internal_value=0.000240717 0.0118231 -0.00917304 -0.0113882 -0.00375757 -0.0129922 -0.00797959 0.00592306 -0.0124955 -0.00882422 0.0221835 0.015284 0.0202229 -0.000336775 0.0311696 0.0341932 -0.00126458 0.00669679 -0.0207735 -0.0101765 -0.0155308 0.000969812 -0.0171986 0.0162398 -0.0228386 0.0367579 -0.00532621 -0.0131059 -0.0251283 -0.0144297
internal_weight=320.348 143.515 176.833 165.335 57.5718 157.366 96.9431 23.6924 73.2508 48.4601 85.9432 50.1436 28.2017 21.9419 35.7996 20.0768 32.168 19.4951 60.4232 18.5704 67.6916 15.1848 52.5068 9.99392 48.623 26.6275 17.8788 12.6729 41.8528 10.4517
internal_count=2706 866 1840 1769 450 1719 940 181 759 392 416 259 135 124 157 94 250 136 779 222 700 132 568 86 533 115 147 114 557 135
cat_boundaries=0 1 2 3
cat_threshold=98 801 8
is_linear=0
shrinkage=0.03


Tree=34
num_leaves=31
num_cat=3
split_feature=1 4 1 13 0 5 13 5 5 8 1 5 5 7 7 8 1 7 0 8 1 5 4 4 4 0 8 9 5 7
split_gain=36.9032 22.4741 16.1065 10.6132 9.86409 9.15706 8.32092 19.0441 10.4596 7.11828 6.77393 5.22299 4.20636 4.47784 8.1876 4.81151 4.06464 4.84589 3.40648 3.07392 5.66453 3.07064 5.53678 2.52718 1.60233 2.22641 2.01957 6.73446 2.48799 1.99109
threshold=0.0042029945179820069 0.99998596310615551 0.096224866807460799 0 11.500000000000002 53.948085784912116 1 48.209159851074226 48.209159851074226 -0.014709395356476305 0.027048617601394657 49.63740539550782 18.071282386779789 -0.066117975860834108 -0.13388190418481824 -0.23864492028951642 0.011901889927685263 0.15162380784749988 15.500000000000002 0.024030849337577823 -0.012223896104842423 38.204950332641609 0.45993889868259435 0.9999835491180421 0.98124390840530407 14.500000000000002 0.066486384719610228 2 44.10101509094239 -0.1774591654539108
decision_type=2 2 2 9 8 2 9 2 2 8 2 2 2 10 10 10 2 10 8 8 2 2 2 2 2 10 8 9 2 8
left_child=3 2 5 9 11 16 7 10 -8 12 18 23 -1 14 -14 -15 21 -18 -3 -6 -21 -2 -23 -5 29 26 -26 28 -28 -11
right_child=1 6 -4 4 19 -7 8 -9 -10 24 -12 -13 13 15 -16 -17 17 -19 -20 20 -22 22 -24 -25 25 -27 27 -29 -30 -31
leaf_value=0.015936583019221139 0.01198255156374319 -0.014748710636430693 0.02949720298914239 0.012332129805613131 -0.021976324302339416 0.018223029702870264 0.017332523802494223 0.044723923130871722 -0.022502688126459565 -0.003112109725145393 0.023810084886001774 0.00055417615082375873 -0.01525694515472144 0.0066566438825419166 0.031407503922310551 -0.024299569289160109 -0.026307589816988716 0.0052145911588783629 0.012487435377780657 -0.021544858412252729 0.020595519484090417 -0.02174856999545742 0.012161964015286591 0.042743390673927663 -0.024086970168635601 -0.025521686690229164 0.021653000731113949 -0.023194123418063376 -0.0050277561050802591 -0.029583412089318382
leaf_weight=6.0366729423403731 6.8884995318949249 8.7168090417981148 11.160380490124224 5.4022589176893252 9.5486545041203481 9.0735083967447263 11.586691193282606 30.613362915813923 10.225713185966013 3.0964668542146683 16.984644941985607 8.7276671566069108 6.8945792093873024 5.4823429621756068 4.9579315632581693 17.610042296350006 23.013400264084343 5.0078915953636161 6.2343725264072427 4.3080921843647957 5.2570290789008158 11.660478696227075 5.7985390573739997 6.2876898199319839 6.7287177070975304 16.13324748724699 5.9355622529983521 9.3688879683613813 5.1894613057374954 26.481092765927318
leaf_count=56 77 64 66 54 80 71 59 136 50 37 80 71 68 51 47 194 254 42 43 51 38 140 47 38 49 165 53 81 48 352
internal_value=-7.68563e-05 0.0101187 -0.00212327 -0.0105041 0.00353303 -0.00824722 0.0205557 0.0243255 -0.0010499 -0.0144166 0.0113932 0.0184822 -0.00548451 -0.00952538 0.00518783 -0.016979 -0.013089 -0.0206885 -0.00332086 -0.0108043 0.00137288 -0.00387175 -0.0104374 0.0307688 -0.0212435 -0.0167931 -0.0108991 -0.00565 0.00981908 -0.0270045
internal_weight=310.411 156.964 72.6027 153.446 39.5314 61.4423 84.3616 62.5492 21.8124 113.915 31.9358 20.4176 40.9816 34.9449 11.8525 23.0924 52.3688 28.0213 14.9512 19.1138 9.56512 24.3475 17.459 11.6899 72.9334 43.3559 27.2226 20.4939 11.125 29.5776
internal_count=2662 1129 697 1533 332 631 432 323 109 1201 187 163 416 360 115 245 560 296 107 169 89 264 187 92 785 396 231 182 101 389
cat_boundaries=0 1 2 3
cat_threshold=801 561 4
is_linear=0
shrinkage=0.03


Tree=35
num_leaves=31
num_cat=2
split_feature=3 1 1 5 1 3 2 2 3 4 13 5 1 0 5 1 5 5 3 2 5 5 9 1 2 5 2 5 5 5
split_gain=38.8134 26.3191 17.5377 20.4094 13.3489 7.46522 7.39262 6.03428 4.09322 5.70967 5.32096 8.70587 12.9149 6.325 3.29181 3.67726 3.19802 3.19554 2.94719 2.94643 4.84459 3.99909 2.40232 2.21215 3.123 2.65573 2.13604 3.13011 3.99899 1.39598
threshold=0.56911990046501171 0.0010961646912619474 0.016444201581180099 53.713888168334968 0.096224866807460799 0.18408729881048205 38.500000000000007 5.5000000000000009 1.1930445432662966 0.00029234608518891042 0 53.983249664306648 -0.031495653092861169 12.500000000000002 19.023676872253422 0.012661013286560776 54.19874572753907 30.273479461669925 0.30084647238254553 14.500000000000002 33.270486831665046 49.86413764953614 1 0.017640627920627597 16.500000000000004 49.21080398559571 20.500000000000004 32.142530441284187 41.510488510131843 32.462585449218757
decision_type=2 2 2 2 2 2 10 8 2 2 9 2 2 10 2 2 2 2 2 10 2 2 9 2 10 2 10 2 2 2
left_child=1 5 6 4 17 -1 8 18 9 -2 11 12 -11 -14 -12 -16 22 -4 -3 -10 -21 -22 -7 24 25 -9 27 -24 -29 -19
right_child=2 7 3 -5 -6 16 -8 23 19 10 14 -13 13 -15 15 -17 -18 29 -20 20 21 -23 26 -25 -26 -27 -28 28 -30 -31
leaf_value=0.023403549216516398 0.022281300458217988 0.02119621142817681 0.0078139349485552585 0.058976183486091426 0.02578851441547551 -0.019443403928842074 0.01467848611945519 0.0029439535681277575 -0.02670547509810238 -0.017825911397836819 0.0052832711797677996 -0.023826700955913577 0.052169624894880549 0.0071544501515330991 -0.020635132639343606 0.0085069440260382261 -0.029081196049357144 -0.029060416556369532 -0.0026260032048409329 -0.026167985901319142 0.021838639876276402 -0.01226878176771307 0.011351268477210442 0.039373455403851072 0.035666941160805425 0.024712824177637982 0.012825233978990236 -0.025010426786124168 0.0064408122416105698 -0.010707573830068816
leaf_weight=6.7747009322047225 3.7975188717246047 8.4095723479986209 5.5704485997557667 5.3454658836126319 11.973238840699194 6.98079714179039 7.8671367838978759 8.9490582495927828 30.114100754261017 6.491839393973355 5.1274762824177733 6.6795408204197875 5.7387019470334053 5.4474204778671265 58.546630542725325 3.6434357017278662 4.9831937551498404 5.2824402600526836 8.8985910862684232 8.7455419786274451 4.5157358497381193 6.080853670835495 5.9316904023289743 19.670492589473724 13.25971147418022 11.531027063727377 6.7459919080138198 8.4622813910245878 5.3600724488496772 15.028614722192286
leaf_count=41 38 38 39 25 73 62 47 51 428 67 56 55 42 49 617 28 42 52 48 124 56 69 45 82 60 49 43 76 39 143
internal_value=0.000590879 0.0142788 -0.00753868 0.00918401 0.000815955 -0.00356586 -0.0122957 0.0255846 -0.0138505 -0.0100425 -0.0116075 0.00229531 0.0141415 0.0326341 -0.0147716 -0.0188202 -0.00878867 -0.0112664 0.00947411 -0.0208568 -0.0108857 0.00289591 -0.00501258 0.0305353 0.0243976 0.0157805 -0.000642327 -0.00563785 -0.0132025 -0.0166204
internal_weight=311.953 115.957 195.996 43.2002 37.8547 45.2387 152.796 70.7185 144.929 95.4726 91.675 24.3575 17.678 11.1861 67.3175 62.1901 38.464 25.8815 17.3082 49.4562 19.3421 10.5966 33.4808 53.4103 33.7398 20.4801 26.5 19.754 13.8224 20.3111
internal_count=2684 676 2008 332 307 348 1676 328 1629 952 914 213 158 91 701 645 307 234 86 677 249 125 265 242 160 100 203 160 115 195
cat_boundaries=0 1 2
cat_threshold=582 8
is_linear=0
shrinkage=0.03


Tree=36
num_leaves=31
num_cat=2
split_feature=1 4 4 5 5 1 5 13 1 5 8 5 1 5 9 2 2 4 4 8 2 5 5 8 8 1 0 1 5 8
split_gain=37.8739 24.0365 9.31596 9.26265 12.9198 8.51233 11.5007 6.79457 5.89339 9.67592 6.9883 5.7512 5.50094 4.47957 4.28316 4.57973 3.41387 2.55397 2.50005 1.96613 4.96788 10.7894 4.59344 4.15051 6.1651 1.85429 1.30825 1.38249 2.45225 2.33048
threshold=0.0048211875837296256 0.99997916817665111 5.6489232520107187e-05 50.189250946044929 18.338701248168949 0.096224866807460799 53.948085784912116 0 -0.019284252077341076 50.230779647827156 0.043321570381522186 41.510488510131843 0.057946631684899337 37.269767761230476 1 15.500000000000002 24.500000000000004 0.78672158718109142 0.98124390840530407 -0.01583845820277929 11.500000000000002 32.096441268920906 32.635873794555671 0.052356872707605369 0.080326158553361907 -0.001634406275115907 4.5000000000000009 0.0010961646912619474 48.209159851074226 0.22840820997953418
decision_type=2 2 2 2 2 2 2 9 2 2 10 2 2 2 9 10 10 2 2 8 8 2 2 10 10 2 10 2 2 10
left_child=2 5 -1 4 -3 6 16 8 -4 -10 -11 12 13 -6 15 -5 17 -2 -19 20 21 -9 -22 -21 -25 -24 -26 28 -28 -30
right_child=1 3 7 14 11 -7 -8 19 9 10 -12 -13 -14 -15 -16 -17 -18 18 -20 23 22 -23 25 24 26 -27 27 -29 29 -31
leaf_value=-0.024913806444166957 -0.022181890995851557 0.042239987072170582 -0.018090855216464991 0.0046645649131641688 -0.0088041525589718714 0.01859201775906379 0.022145451291972647 0.039661226818121668 0.033676547646743139 -0.020897114716835731 0.016715002512734393 -0.018809764610503051 0.024905159493289909 0.020008109995199926 0.042883502387227636 0.033755222924684726 0.0041792375647976701 0.010493688122425834 -0.016529469371712988 -0.030013772800332413 -0.026430323434296542 -0.014592106516145993 0.010361501713275234 0.017515880412464619 -0.0034380114809822223 -0.012389709619450814 -0.027886319665361346 -0.0053695513939431899 -0.02259846644735548 0.0041015730349695141
leaf_weight=32.958559539169073 29.028276037424803 8.889669716358183 6.3410773351788512 9.5197615176439303 15.142395861446859 11.878060996532438 8.3818067982792837 4.9057534560561162 10.191699460148813 8.0887875929474813 7.720784179866313 7.2165051177144042 11.599775761365889 5.9463981315493575 17.003641121089458 9.8385578244924528 7.2195477932691565 4.7401197180151922 5.7712533697485924 12.194672923535107 11.169206943362953 6.6312295794487 6.2479024082422256 5.3791617006063452 8.5566080063581449 4.8079149276018125 14.97098530828953 8.0874597430229169 4.3163108229637128 6.0228146687150002
leaf_count=460 360 39 61 43 102 70 65 34 69 61 52 49 50 37 73 43 61 35 52 120 120 62 53 50 78 36 168 77 41 55
internal_value=-0.000704894 0.00995334 -0.0109303 0.0204376 0.0115244 -0.00347299 -0.00847257 -0.00709405 0.00461281 0.012323 -0.00262716 0.00381647 0.00922163 -0.000141964 0.0317699 0.0203813 -0.0143098 -0.0177055 -0.00449036 -0.0105309 -0.00562745 0.0098009 -0.0137135 -0.0149128 -0.0104818 0.000260519 -0.0143958 -0.0170217 -0.0203993 -0.00805493
internal_weight=310.767 152.176 158.591 85.1567 48.7947 67.0191 55.141 125.632 32.3423 26.0013 15.8096 39.9051 32.6886 21.0888 36.362 19.3583 46.7592 39.5396 10.5114 93.29 33.762 11.537 22.225 59.528 47.3333 11.0558 41.9542 33.3976 25.3101 10.3391
internal_count=2676 1079 1597 436 277 643 573 1137 243 182 113 238 189 139 159 86 508 447 87 894 305 96 209 589 469 89 419 341 264 96
cat_boundaries=0 1 2
cat_threshold=214 1
is_linear=0
shrinkage=0.03


Tree=37
num_leaves=31
num_cat=2
split_feature=3 1 1 7 2 7 5 5 7 7 5 3 3 13 7 3 5 2 7 1 3 7 2 9 7 2 7 4 4 1
split_gain=30.955 22.942 17.2037 16.9963 7.6925 6.67299 5.49347 10.9812 5.36995 4.85307 4.71523 6.59543 4.09526 7.79938 9.05553 7.93927 5.01814 3.94426 3.68846 3.44264 2.88859 2.82202 3.49111 5.6769 2.66155 5.07507 2.61769 2.53958 4.25518 2.16314
threshold=0.65546888113021862 0.0010961646912619474 0.016444201581180099 0.12426119670271875 38.500000000000007 0.08536271378397943 48.378511428833015 36.431882858276374 0.0055124771315604457 0.23867208510637286 32.495632171630866 1.1103025674819949 1.1930445432662966 0 -0.21984501928091046 0.76955345273017894 50.399045944213874 10.500000000000002 -0.021622797474265095 -0.001471312658395618 1.1478604078292849 -0.29463022947311396 13.500000000000002 1 -0.066117975860834108 15.500000000000002 0.012530139647424223 0.99999520182609569 0.99999991059303295 0.0081543130800128
decision_type=2 2 2 10 8 8 2 2 10 8 2 2 2 9 8 2 2 10 10 2 2 10 8 9 10 8 10 2 2 2
left_child=1 6 4 5 12 10 7 8 18 21 -4 -12 13 15 -15 -2 -17 -10 -1 -8 27 -3 23 29 25 -14 -24 -16 -29 -23
right_child=2 9 3 -5 -6 -7 19 -9 17 -11 11 -13 24 14 20 16 -18 -19 -20 -21 -22 22 26 -25 -26 -27 -28 28 -30 -31
leaf_value=-0.0074739852783595679 -0.015619753674181735 0.040431634479815778 -0.014256342239752206 0.040123238733335419 0.015339107596991967 -0.029262126068811921 -0.023983197928114337 0.02834735277601021 -0.00090182858391422201 0.0019131191389355042 0.032462974684934594 -0.0047566798166096521 -0.023096725886898119 0.019732127070413479 -0.02685260135577584 0.032809906206920023 0.00024394002038225927 -0.030268502895196375 0.024270910610855748 0.0047445149739047225 0.0039396475622752126 0.010507355630369856 0.021097952521196728 -0.0016404745271996121 -0.025374628206935264 0.009918768461101464 0.041083864255081648 0.010623105732131943 -0.021832478259840082 0.032493044975010134
leaf_weight=5.6787852272391319 8.0576830133795756 10.703277394175528 6.5755813270807293 11.707368470728396 8.4900518730282766 5.2398163937032249 11.702798895537855 11.057353012263773 7.6688373759388915 8.8814939111471158 7.7185544744133932 7.9886422604322433 8.7257165610790217 4.9716271907091141 30.952067233622074 9.1343403086066264 7.3708777874708167 8.0465414300560933 5.8128948733210581 4.9173112511634818 3.8902976438403121 8.034460701048376 20.21282784640789 11.991350695490839 29.371234897524118 6.589082010090352 11.882688350975512 4.9485446661710712 9.0131930857896805 11.195525534451006
leaf_count=49 67 47 66 72 55 47 91 71 64 45 50 79 120 45 366 81 64 86 38 36 44 46 92 58 447 72 54 47 98 52
internal_value=0.00271265 0.013242 -0.00581183 0.0114229 -0.0110003 -0.00176408 -0.00180712 0.00447196 -0.00589232 0.0231079 0.0056812 0.0143815 -0.012927 -0.00861179 -0.0135285 0.00542897 0.0191114 -0.0168493 0.00924119 -0.0156968 -0.0199612 0.0255916 0.0224934 0.0145831 -0.0201378 -0.00915475 0.0295151 -0.0220722 -0.0103879 0.0242807
internal_weight=308.531 137.786 170.745 39.23 131.515 27.5226 54.8845 38.2644 27.2071 82.9016 22.2828 15.7072 123.025 78.3386 53.7757 24.5629 16.5052 15.7154 11.4917 16.6201 48.8041 74.0201 63.3169 31.2213 44.686 15.3148 32.0955 44.9138 13.9617 19.23
internal_count=2649 829 1820 314 1506 242 435 308 237 394 195 129 1451 812 600 212 145 150 87 127 555 349 302 156 639 192 146 511 145 98
cat_boundaries=0 1 2
cat_threshold=722 4
is_linear=0
shrinkage=0.03


Tree=38
num_leaves=31
num_cat=3
split_feature=4 1 1 6 6 1 11 7 1 1 13 1 8 9 7 2 7 0 1 0 8 7 7 7 1 2 8 2 1 0
split_gain=29.3362 20.151 13.492 9.66307 9.34437 9.12328 7.89971 9.36891 9.07844 8.63809 6.7983 4.2237 3.75735 3.95478 6.95753 3.52386 2.05932 2.35385 5.39204 4.0602 3.46137 2.77234 2.01691 5.78821 5.60632 7.45115 3.09927 4.75195 3.00727 2.85935
threshold=0.78672158718109142 0.0048211875837296256 0.096224866807460799 -24.499999999999996 -1.4999999999999998 -0.019284252077341076 0 0.20495289564132693 0.027048617601394657 0.0071704010479152211 1 0.015092996880412103 -0.027567031793296334 2 -0.10557153820991515 9.5000000000000018 0.13620546460151675 14.500000000000002 -0.045972457155585282 10.500000000000002 0.21500060707330707 0.039533829316496856 0.083001147955656066 -0.066117975860834108 0.00090630701743066322 8.5000000000000018 0.19056802988052371 14.500000000000002 -0.13210777193307874 12.500000000000002
decision_type=2 2 2 8 8 2 1 8 2 2 9 2 8 9 8 10 8 10 2 8 10 10 10 8 2 10 8 10 2 10
left_child=2 4 3 -1 5 -2 7 8 9 -3 15 -11 -8 14 -14 -6 17 18 -12 21 -19 -20 23 26 28 -26 -5 -28 -24 -27
right_child=1 6 -4 22 10 -7 12 -9 -10 11 16 -13 13 -15 -16 -17 -18 20 19 -21 -22 -23 24 -25 25 29 27 -29 -30 -31
leaf_value=0.027865136460024802 -0.0096077189642502312 0.023763126630500044 0.020774740733911917 -0.01738149650173583 0.027951482400822365 0.029321924809042679 0.038164193637913887 -0.026039429446435971 0.028615878573785829 -0.023534407556584855 0.021821749817416684 0.0057049857758111151 0.026565377407023943 0.029365987367610202 -0.0070056828042070907 -0.0020145201403642121 -0.02196140245583416 -0.021033277792731779 -0.024978870374676637 0.0066688429959798953 0.0078630855223580653 0.0015833845463988948 0.0034540006718145823 -0.031431269542501791 -0.024110710063794703 0.030917752764018803 -0.01549015075447059 0.026617688551120254 -0.027074930393741099 -0.0005092539751947034
leaf_weight=3.4521993845701218 8.1436693668365496 7.4419690668582943 9.0041114911437017 21.65762484818697 7.3750957995653152 13.145851120352743 16.785921342670918 7.1316785812377921 13.107482887804506 10.94581037014723 5.2918275892734554 6.5598451346158972 10.233515463769434 20.28472712635994 10.340704038739206 5.8891661167144775 13.842243555933235 19.196542546153072 11.636553332209592 8.9423383176326734 4.0220138058066359 4.7522744908928862 3.2530601918697348 27.243965860456228 5.1656405329704276 5.0389823503792268 4.3096041977405575 3.4490759149193764 15.888806957751514 4.5268124677240849
leaf_count=17 64 40 53 261 46 77 79 49 64 76 41 44 52 97 63 44 146 193 104 76 39 38 49 399 56 51 54 31 232 50
internal_value=0.000289513 0.00684385 -0.0127015 -0.0160936 -0.00258677 0.0146676 0.0161546 0.00275069 0.00937897 -0.00144141 -0.00724832 -0.0128614 0.0221838 0.0201634 0.0101498 0.00907582 -0.0103478 -0.00890287 -0.00325511 -0.00912359 -0.0159097 -0.0176285 -0.0180559 -0.0215987 -0.0116804 0.00224005 -0.0117584 0.00413048 -0.0219728 0.017405
internal_weight=308.059 205.069 102.99 93.9858 102.238 21.2895 102.832 45.1868 38.0551 24.9476 80.9481 17.5057 57.6449 40.8589 20.5742 13.2643 67.6838 53.8416 30.623 25.3312 23.2186 16.3888 90.5336 56.6603 33.8733 14.7314 29.4163 7.75868 19.1419 9.56579
internal_count=2685 1432 1253 1200 868 141 564 273 224 160 727 120 291 212 115 90 637 491 259 218 232 142 1183 745 438 157 346 85 281 101
cat_boundaries=0 1 2 3
cat_threshold=2 148 1
is_linear=0
shrinkage=0.03


Tree=39
num_leaves=31
num_cat=1
split_feature=3 1 1 7 2 6 6 3 5 5 4 2 9 7 5 7 5 3 5 1 7 7 5 7 2 0 5 7 5 1
split_gain=24.7031 14.488 11.9862 11.8451 9.33045 8.00816 7.50537 7.48375 6.17925 5.68444 7.66064 5.13215 5.27585 4.96651 7.09181 6.51145 4.76443 4.69037 5.44107 4.60661 4.55297 5.39964 4.41424 3.87939 3.022 2.78681 2.34932 2.24874 4.04722 4.29807
threshold=0.56911990046501171 -0.01450296677649021 0.004331734962761403 0.12426119670271875 17.500000000000004 -5.4999999999999991 -5.4999999999999991 0.96464911103248607 50.189250946044929 18.473527908325199 5.7890883753408683e-10 3.5000000000000004 0 -0.057835282757878297 18.113891601562504 -0.096794549375772462 52.598661422729499 0.27440479397773748 49.21080398559571 0.017640627920627597 0.074853096157312407 -0.021622797474265095 53.675596237182624 0.17174464464187625 24.500000000000004 7.5000000000000009 37.968566894531257 -0.35008905827999109 33.418319702148445 -0.031495653092861169
decision_type=2 2 2 10 10 10 8 2 2 2 2 8 9 8 2 10 2 2 2 2 10 10 2 10 8 10 2 10 2 2
left_child=1 20 13 4 7 -6 -3 8 19 -5 -11 -8 16 15 23 27 -13 -14 25 -4 21 -1 24 -15 -7 -19 -17 -2 29 -29
right_child=2 6 3 9 5 22 11 -9 -10 10 -12 12 17 14 -16 26 -18 18 -20 -21 -22 -23 -24 -25 -26 -27 -28 28 -30 -31
leaf_value=-0.020744453424741564 0.0067528473865085857 0.038160452371521707 -0.029692126616005475 0.04347606058555184 0.030799270195895661 -0.028267427390398874 -0.0067349574888279128 -0.023279894085374522 0.015976823862164945 -0.014159376684398865 0.024997335649115843 -0.010100320076254282 0.035276569727807398 0.018989136399695919 -0.022948442930078972 0.031874939165825129 0.015538366768345378 0.01415905193801989 0.026318719329019871 0.0045563075237041728 -0.026927345802053162 0.014259460389936489 0.015952620325292564 -0.015656526788470446 0.0030480291708655282 -0.010276705927789931 0.0010937811608967805 -0.018687512179984298 -0.026412353484769533 0.023376851094091874
leaf_weight=5.5565613284707078 4.1483666896820095 12.10212332010269 6.410510867834093 5.7051973044872311 9.2308984249830264 5.3226486295461628 9.6754228100180608 24.800098050385714 10.840377092361448 6.566890403628352 10.461896568536757 10.593323342502119 15.242784507572649 5.7433839254081231 51.53717802092433 3.9737295731902105 14.076496027410029 6.8443939536809948 15.243814513087271 6.3165499642491341 7.7010029256343833 9.0399909317493439 5.8716610521078101 4.1597411409020424 4.625802494585515 8.0519440397620183 4.1812667176127434 3.4791091755032539 11.519621625542639 3.2790864408016267
leaf_count=49 42 54 62 31 58 62 57 299 58 70 79 61 71 63 676 38 70 37 74 50 78 66 37 46 44 50 45 47 129 37
internal_value=0.000655442 0.0116102 -0.00601491 0.00139871 -0.00450159 0.0101013 0.0168458 -0.0121162 0.000100712 0.0198403 0.00994933 0.0131778 0.0159842 -0.0136931 -0.0185518 -0.00365325 0.00456442 0.0219596 0.0143083 -0.0136007 -0.00974962 0.0004586 -0.00308894 0.00433522 -0.014758 0.00113517 0.0179361 -0.0119344 -0.016306 0.00210463
internal_weight=302.302 114.128 188.174 96.1525 73.4185 25.051 91.8303 48.3675 23.5674 22.734 17.0288 79.7282 70.0528 92.0215 61.4403 30.5812 24.6698 45.3829 30.1402 12.7271 22.2976 14.5966 15.8201 9.90313 9.94845 14.8963 8.155 22.4262 18.2778 6.7582
internal_count=2640 667 1973 850 670 201 474 469 170 180 149 420 363 1123 785 338 131 232 161 112 193 115 143 109 106 87 83 255 213 84
cat_boundaries=0 1
cat_threshold=1
is_linear=0
shrinkage=0.03


Tree=40
num_leaves=31
num_cat=4
split_feature=1 4 3 13 2 1 1 3 1 6 3 3 13 0 2 2 10 6 1 0 2 9 1 1 1 0 1 6 3 1
split_gain=28.8838 17.6314 14.6152 12.6453 10.6389 9.46074 8.64249 6.78892 5.34027 4.93531 4.0866 7.10499 4.2253 5.35391 3.82207 3.56044 2.4211 4.58448 4.41555 2.25724 2.16028 1.98441 4.93029 3.1702 2.10276 1.93543 1.79724 1.50138 0.788526 0.417925
threshold=0.0077926099766045817 0.99208062887191784 0.56911990046501171 0 44.500000000000007 0.0010961646912619474 0.090036813169717803 0.18408729881048205 0.016444201581180099 -6.4999999999999991 1.1930445432662966 1.1478604078292849 1 8.5000000000000018 5.5000000000000009 14.500000000000002 2 1.0000000180025095e-35 0.015417926013469698 24.500000000000004 12.500000000000002 3 -0.0034629410365596409 -0.037172093987464898 -0.0073417301755398503 9.5000000000000018 0.010496200062334539 3.5000000000000004 1.9023994803428652 -0.038108523935079568
decision_type=2 2 2 9 8 2 2 2 2 8 2 2 9 8 10 10 1 8 2 10 10 9 2 2 2 10 2 10 2 2
left_child=2 6 5 26 10 7 9 -1 25 -2 11 12 13 -4 -10 -15 17 18 -11 28 -7 22 23 -9 29 -5 -3 -14 -12 -23
right_child=1 3 4 8 -6 20 -8 21 14 16 19 -13 27 15 -16 -17 -18 -19 -20 -21 -22 24 -24 -25 -26 -27 -28 -29 -30 -31
leaf_value=0.020934373022959706 0.017305068102045434 0.019146941684216653 0.025020734608296274 -0.00031862768257202514 0.029712241224728438 0.0085080065353505072 0.020102895094087549 -0.0077730608087124963 -0.0018556659332814914 -0.0046563676309367905 -0.028550901892754391 0.019818888850786049 -0.021963981776019634 0.009993398991850819 0.022737245430987107 -0.023599745848502256 -0.016884137004640264 -0.021541523634321689 0.031768030133271716 -0.0026559919401962207 0.027775773253756037 -0.012768459527160745 -0.025495193687038932 0.018730298233304372 -0.0037786321749071461 -0.020598714624531826 0.039320278776485765 -0.005598350939069653 -0.0080510484582550935 -0.029881916823223838
leaf_weight=6.9867409169673911 4.5074000358581543 7.963826358318328 5.8189641386270496 8.7459809780120867 3.8999691307544699 11.300507619976999 10.433476239442824 6.8497689440846443 9.881003566086294 5.9790701791644079 28.232618384063247 5.1401333883404723 43.866985164582729 4.3426725789904594 11.966981031000612 5.3713038042187691 18.816868524998426 4.1321187876164922 4.5919355787336826 4.0969793796539298 11.352307915687559 4.5915022641420373 5.0112783312797555 7.6661731004714966 7.9918469637632361 7.2704796716570845 32.380734443664551 6.609276480972766 2.8109233155846587 6.1599667593836793
leaf_count=41 30 40 46 52 25 58 63 65 54 61 424 55 492 36 64 61 246 45 34 60 55 42 38 56 56 48 148 77 45 56
internal_value=0.000390341 0.0112921 -0.00738305 0.0200147 -0.0140837 0.00353598 -0.00290505 -0.00441192 0.00207053 -0.00957103 -0.0159527 -0.0115416 -0.014243 0.00277564 0.0120204 -0.00905077 -0.0135816 0.00134591 0.0125441 -0.0243172 0.01893 -0.00945443 -0.00253105 0.00652898 -0.0161738 -0.010194 0.0289061 -0.0167228 -0.0270039 -0.0242819
internal_weight=304.77 126.67 178.1 78.209 110.19 67.9101 48.4609 45.2573 37.8644 38.0274 106.29 71.1493 66.0092 15.5329 21.848 9.71398 33.52 14.7031 10.571 35.1405 22.6528 38.2705 19.5272 14.5159 18.7433 16.0165 40.3446 50.4763 31.0435 10.7515
internal_count=2673 885 1788 406 1321 467 479 354 218 416 1296 767 712 143 118 97 386 140 95 529 113 313 159 121 154 100 188 569 469 98
cat_boundaries=0 1 2 3 4
cat_threshold=1553 646 8 4
is_linear=0
shrinkage=0.03


Tree=41
num_leaves=31
num_cat=2
split_feature=3 1 1 6 6 7 7 6 6 3 5 1 1 5 7 7 7 9 7 4 1 1 7 3 7 9 1 7 5 3
split_gain=26.0966 19.7595 9.86233 8.38051 8.26859 8.24183 11.7651 9.3796 7.74655 7.64915 7.30369 7.12151 6.38476 5.1572 5.09412 5.02848 4.44431 5.22469 4.40187 3.77915 4.02554 3.71266 3.16892 6.91116 3.69427 2.70477 3.23899 2.66678 4.77969 2.639
threshold=0.65546888113021862 0.00090630701743066322 -0.0064350664615631095 7.5000000000000009 1.0000000180025095e-35 0.11404158174991609 -0.0093491435982286913 -5.4999999999999991 -4.4999999999999991 0.19839937239885333 31.31425762176514 0.016444201581180099 0.017115097492933277 55.054483413696296 -0.11215346306562422 0.13196761906147006 0.15411201864480975 0 0.05427804775536061 0.99999731779098522 -0.00010237461174256167 0.0080141006037592905 0.10969203338027002 0.52788183093070995 -0.042106870561838143 1 0.096224866807460799 -0.12128379940986632 17.80491924285889 1.0438486933708193
decision_type=2 2 2 8 8 10 8 10 8 2 2 2 2 2 10 8 8 9 10 2 2 2 8 2 8 9 2 8 2 2
left_child=1 9 3 27 5 6 7 -4 -3 -1 -6 21 13 22 -11 -14 17 18 -16 20 -9 29 23 24 -10 -8 -27 -2 -29 -7
right_child=2 8 4 -5 10 11 25 19 12 14 -12 -13 15 -15 16 -17 -18 -19 -20 -21 -22 -23 -24 -25 -26 26 -28 28 -30 -31
leaf_value=0.020391875003615903 -0.0044732801847734904 0.042818205983049612 0.032098934145455553 0.024167194478684505 0.015350564947894333 -0.0015217240707042124 0.0035726684817934304 0.027868618607738524 0.0055270619490826959 -0.026953369317928744 -0.025140074677231117 0.037638536011889559 0.033230880735882498 0.028536692888357303 0.023653424310430965 0.0063832010317450335 -0.02284454117165893 -0.011585518343429201 -0.0075628141618057114 -0.019199836313849288 -0.00087588555567673821 -0.017068120029719819 -0.012159082336986768 -0.012826573064352796 0.032067320794576214 -0.025688048262968066 0.0020219668478391327 -0.00093965627394024059 -0.029568139366354773 0.030066108836425697
leaf_weight=9.1801789179444295 7.5195321626961231 10.719351038336752 9.4150976389646512 3.1211644224822512 4.2846758291125324 4.6042218692600745 4.5397526174783707 4.4179130382835856 10.859970599412916 9.3166734799742681 19.159716930240393 8.5973884239792806 22.974894598126411 8.0548324882984144 10.854692488908769 9.2598819583654386 6.9409829676151231 12.63306394219399 5.5890915766358367 6.6103400811552993 22.70363295823336 4.3439040705561629 8.3643736317753739 8.9605453461408597 8.1155936568975537 20.349900670349605 4.4481850042939177 6.3895268887281409 30.227781683206558 3.733905665576458
leaf_count=57 96 47 60 30 39 48 45 51 52 75 220 52 97 34 79 44 71 105 52 64 231 45 48 54 41 236 31 75 453 46
internal_value=0.00152786 0.0109182 -0.00658671 -0.0180033 -0.00187022 0.00215923 -0.00271083 0.00721282 0.019688 -0.00322903 -0.0174148 0.0181254 0.0159406 0.00826004 -0.0083491 0.0259426 -0.00293864 0.00241468 0.013218 -0.000457482 0.0046309 0.00311296 0.00311636 0.00795213 0.0179151 -0.0170622 -0.0208318 -0.0214548 -0.0247304 0.0143286
internal_weight=306.291 141.824 164.467 47.258 117.209 93.7642 72.4848 43.147 87.3094 54.5147 23.4444 21.2794 76.5901 44.3553 45.3345 32.2348 36.0178 29.0768 16.4438 33.7319 27.1215 12.682 36.3005 27.9361 18.9756 29.3378 24.7981 44.1368 36.6173 8.33813
internal_count=2678 856 1822 654 1168 909 718 406 417 439 259 191 370 229 382 141 307 236 131 346 282 139 195 147 93 312 267 624 528 94
cat_boundaries=0 1 2
cat_threshold=4 8
is_linear=0
shrinkage=0.03


Tree=42
num_leaves=31
num_cat=2
split_feature=3 1 1 10 3 3 5 0 3 5 5 0 0 2 2 3 3 3 13 2 6 1 5 5 3 6 6 5 2 3
split_gain=25.4028 13.7653 11.4831 9.64237 9.61174 6.76972 6.36039 6.20371 6.12455 5.52408 5.47428 5.42737 7.32874 5.27138 7.75212 5.25169 5.78011 5.79268 5.32233 7.31963 7.09381 5.15061 6.45174 5.01551 3.57843 4.31998 3.27998 2.3007 3.28379 2.09977
threshold=0.61608731746673595 0.00090630701743066322 0.0077926099766045817 0 0.39033365249633795 1.4206074476242068 53.265357971191413 21.500000000000004 0.89929264783859264 18.338701248168949 49.552991867065437 14.500000000000002 6.5000000000000009 13.500000000000002 7.5000000000000009 1.1930445432662966 0.76955345273017894 1.1719312071800234 1 15.500000000000002 -1.4999999999999998 0.012661013286560776 32.495632171630866 36.156560897827156 0.50140693783760082 -1.0000000180025095e-35 -1.0000000180025095e-35 41.603979110717781 11.500000000000002 0.24034713208675387
decision_type=2 2 2 1 2 2 2 8 2 2 2 10 10 10 8 2 2 2 9 8 8 2 2 2 2 10 8 2 10 2
left_child=1 4 15 5 11 7 9 21 -5 -3 -7 12 -1 14 -11 16 27 18 -18 -20 -21 -4 -23 -10 -6 -26 -15 28 -2 -13
right_child=2 6 3 8 24 10 -8 -9 23 13 -12 29 -14 26 -16 -17 17 -19 19 20 -22 22 -24 -25 25 -27 -28 -29 -30 -31
leaf_value=-0.0037899670675500792 0.0090359824460113057 0.03278081921015201 0.0014327614090858338 0.0056009247487138663 -0.028468485651474931 0.010701939087842291 0.030029418081276769 -0.006561101728060517 0.0045875780651339045 0.012276653445107708 -0.028450561989188373 0.0060706933702940882 0.034525367920931319 0.032625643618214607 -0.019807189215551614 -0.021830587900608767 -0.011231961371650485 0.03065174172926477 0.028848054095107174 0.019065204720662209 -0.028456479805279562 0.011917548756267392 0.045890871932233998 -0.031062309887306232 0.016700771580557928 -0.01703355877254966 0.0064301355169044177 -0.030903656182328439 -0.021737938830475485 -0.019057042316632043
leaf_weight=6.9637320041656556 4.4516435042023677 8.7305137515068036 6.7150676324963596 10.44170354306698 9.4912857934832591 6.2184139154851419 29.130244001746178 6.6347504407167426 4.3871415778994587 15.131839632987978 4.9043318144977093 5.3545005396008474 10.796416968107222 8.0964690893888456 10.693338230252264 34.932910829782486 24.648055430501699 3.5983498990535727 8.5049028657376784 4.1846418082714081 5.3356178030371648 9.8616836480796355 11.717732004821299 13.561482127755879 4.5972989425063133 7.8680229112505895 9.3373927697539347 9.1597117111086828 6.839752584695816 4.8848087191581726
leaf_count=48 37 37 52 82 90 58 122 47 44 80 57 38 66 36 56 528 309 34 84 31 62 69 64 175 32 79 52 96 81 45
internal_value=0.00140911 0.0113626 -0.00602195 0.00291333 -0.00103468 0.0102241 0.0189169 0.01876 -0.00922854 0.0122412 -0.00748432 0.0104665 0.0201008 0.00744892 -0.00125133 -0.0125299 -0.00741002 -0.0014109 -0.00475446 0.00664096 -0.00774155 0.0247189 0.0315806 -0.0225662 -0.0155182 -0.00427578 0.0197055 -0.0202848 -0.00985723 -0.00654585
internal_weight=307.174 131.076 176.098 74.4423 49.9561 46.052 81.1198 34.9292 28.3903 51.9896 11.1227 27.9995 17.7601 43.259 25.8252 101.656 66.7227 46.2716 42.6732 18.0252 9.52026 28.2945 21.5794 17.9486 21.9566 12.4653 17.4339 20.4511 11.2914 10.2393
internal_count=2691 781 1910 648 398 347 383 232 301 261 115 197 114 224 136 1262 734 520 486 177 93 185 133 219 201 111 88 214 118 83
cat_boundaries=0 1 2
cat_threshold=12 33
is_linear=0
shrinkage=0.03


Tree=43
num_leaves=31
num_cat=1
split_feature=1 3 2 7 1 7 2 2 2 4 7 7 8 9 8 2 7 3 2 8 4 7 1 8 2 8 7 8 1 3
split_gain=24.3619 20.2194 9.3337 8.41963 10.9479 9.95863 8.65389 8.23401 7.5024 6.74961 6.73246 7.50577 4.79887 5.98055 5.37688 4.83527 4.74312 4.52949 3.1725 3.16487 5.91751 4.8948 5.09178 2.76018 2.55152 5.62961 2.7424 2.6429 2.36517 2.26024
threshold=-0.0078207761980593187 0.56911990046501171 7.5000000000000009 0.15162380784749988 0.016444201581180099 -0.22774737328290937 24.500000000000004 13.500000000000002 4.5000000000000009 0.0012726081185974183 0.15411201864480975 -0.021622797474265095 0.19056802988052371 0 0.071452643722295775 13.500000000000002 -0.030018848367035385 0.39915610849857336 10.500000000000002 0.28838953375816351 0.85795158147811901 -0.099180757999420152 0.083077948540449156 -0.049888208508491509 9.5000000000000018 -0.0014848327846266327 0.11404158174991609 0.19056802988052371 0.015092996880412103 0.24034713208675387
decision_type=2 2 10 10 2 8 10 8 8 2 8 10 8 9 10 8 8 2 10 10 2 10 2 10 8 8 10 10 2 2
left_child=2 8 9 5 7 18 19 -5 -2 -1 11 -11 14 -14 15 17 -8 -10 -3 21 -21 -7 24 -17 25 -23 27 -26 -27 -4
right_child=1 3 29 4 -6 6 16 -9 12 10 -12 -13 13 -15 -16 23 -18 -19 -20 20 -22 22 -24 -25 26 28 -28 -29 -30 -31
leaf_value=-0.023962657591323232 -0.0047944812047700913 -0.0049602784737645227 -0.00073365873679949348 -0.023645800003442029 0.036225589368039601 -0.031709974929587985 0.022472344141606336 0.020125056520047563 0.019358758724189202 -0.0049041308268061717 -0.017331025243861688 0.040925675145134066 0.023204420397202202 -0.0079546948324966307 0.039056470023998695 0.039849466696418909 -0.010286563734764163 -0.0087900066595069729 0.020687999801806731 -0.017831775189050502 0.027566645466639943 0.024101299583643026 0.017644310579543136 0.013720738433072218 -0.029501025915464742 -0.021108335145542615 -0.0024194182687082661 -0.0036595229557150506 0.0017427077412399061 -0.024087393831454005
leaf_weight=6.261733993887904 13.739950433373449 5.8649786971509483 4.0924168303608885 7.7206875085830697 9.2651219069957715 14.985449805855749 8.9700262397527677 5.9825983084738263 9.6211011484265345 5.2069331184029615 4.7633795849978968 6.6676677465438772 9.2158709615468979 11.320279255509377 14.739206418395041 8.33785278350115 5.8503467366099349 9.1367283239960653 12.720962099730967 4.9042463675141317 3.6023209244012833 3.5071285478770733 3.8942648544907561 8.5988206267356855 19.317007251083858 11.1358935199678 6.4263022355735293 4.6937570795416823 5.9226301014423361 50.099331736564636
leaf_count=94 77 48 30 84 51 170 68 58 48 49 54 48 48 59 72 40 45 48 89 62 31 33 27 43 229 144 66 53 46 657
internal_value=-0.00129296 0.00381169 -0.0156882 -0.00341063 0.0127742 -0.00681959 -0.0108166 -0.0044672 0.0152073 0.000396203 0.0104025 0.0220096 0.0190925 0.00645655 0.0240122 0.016905 0.00970795 0.00589687 0.0127544 -0.0147704 0.00227078 -0.0168475 -0.0122958 0.0280883 -0.0148772 -0.00628206 -0.0203001 -0.0247977 -0.0135174 -0.022369
internal_weight=296.565 219.474 77.0915 134.764 22.9684 111.795 93.2094 13.7033 84.7098 22.8997 16.638 11.8746 70.9699 20.5362 50.4337 35.6945 14.8204 18.7578 18.5859 78.389 8.50657 69.8824 54.897 16.9367 51.0027 20.5657 30.4371 24.0108 17.0585 54.1917
internal_count=2671 1739 932 1304 193 1111 974 142 435 245 151 97 358 107 251 179 113 96 137 861 93 768 598 83 571 223 348 282 190 687
cat_boundaries=0 1
cat_threshold=4
is_linear=0
shrinkage=0.03


Tree=44
num_leaves=31
num_cat=0
split_feature=1 3 3 1 2 0 1 1 5 5 5 3 6 5 6 1 0 6 5 5 2 1 5 5 8 1 3 0 8 6
split_gain=27.707 23.345 13.0531 8.4433 9.56609 5.46931 5.58009 5.40812 20.0067 5.07986 7.80054 4.83196 4.51693 4.61998 4.46725 3.82173 3.55719 3.01876 3.49535 14.9065 4.53866 4.71608 3.36356 2.87014 2.84596 2.71827 1.6271 1.10888 1.27745 0.711126
threshold=0.00090630701743066322 0.61608731746673595 0.39033365249633795 0.096224866807460799 38.500000000000007 14.500000000000002 -0.01450296677649021 0.012158233672380449 53.092546463012702 49.21080398559571 40.994987487792976 0.91508141160011303 -3.4999999999999996 38.204950332641609 -8.4999999999999982 0.0066975220106542119 7.5000000000000009 7.5000000000000009 35.665649414062507 38.606920242309577 13.500000000000002 -0.0064350664615631095 17.80491924285889 53.983249664306648 -0.065318379551172243 0.018472000025212768 0.24034713208675387 25.500000000000004 0.30035018920898443 -1.0000000180025095e-35
decision_type=2 2 2 2 10 10 2 2 2 2 2 2 10 2 8 2 8 8 2 2 10 2 2 2 10 2 2 10 10 8
left_child=2 9 5 4 7 6 -1 12 11 10 25 -9 -3 15 -4 -14 -11 18 22 -20 -21 -22 24 -18 -16 -2 -7 28 -15 -13
right_child=1 3 14 -5 -6 26 -8 8 -10 16 -12 29 13 27 17 -17 23 -19 19 20 21 -23 -24 -25 -26 -27 -28 -29 -30 -31
leaf_value=-0.00011736394071936446 0.0073445533919349916 0.0089560634468686569 0.0096073868076671631 0.021131798250115835 0.029261428217816698 0.0018275636047783426 0.032733488286549074 0.0045510018215082128 0.035239906051563734 0.013371522939196061 -0.013664769671963293 -0.011602007612743466 0.018596391524008656 -0.0305765501718398 0.0063266721556975263 -0.015623822508994582 0.046649768451408953 0.003762595049760013 0.033522642622286276 -0.028303240212702335 -0.026290155579227571 0.010931877772083924 -0.028179704490378463 0.022850716788869435 -0.022689602369791128 0.025007382808282599 -0.0199124988678216 -0.0061362569793725428 -0.01100105479883012 -0.025557688633748712
leaf_weight=8.8893271237611788 13.817916639149187 5.6505313925445071 5.2219053357839584 11.904455102980135 5.8868901357054702 5.9954668059945089 8.7499910965561885 10.162248760461809 9.9618683867156488 12.228657007217405 7.611748367547988 8.4992035813629609 4.191904064267872 18.850865177810199 5.5781691707670689 5.76651356741786 10.868214830756189 5.323285210877656 4.8033601380884638 17.66272342205048 3.9852372966706753 7.0067454688251001 37.96406314522028 13.90305672585964 4.9096196815371496 21.310582548379898 5.0904821753501892 3.3260973803699008 5.3496421575546256 11.064402393996717
leaf_count=65 78 45 35 67 33 41 48 75 56 54 47 98 48 237 56 67 47 51 50 222 53 73 547 59 59 91 45 38 59 140
internal_value=0.000612647 0.00805025 -0.0104321 -0.00157668 -0.00482564 0.00704783 0.0170602 -0.00756865 0.000455827 0.0200664 0.0125533 -0.0119687 -0.0147948 -0.0185147 -0.0158804 -0.000836629 0.0281864 -0.0174977 -0.0189081 -0.0109468 -0.0192802 -0.00363025 -0.0240732 0.0346974 -0.00804933 0.0184552 -0.00897671 -0.0246566 -0.0268575 -0.0203538
internal_weight=301.535 180.355 121.18 100.615 88.7102 28.7253 17.6393 82.8233 39.6877 79.7402 42.7402 29.7259 43.1356 37.485 92.4551 9.95842 36.9999 87.2332 81.9099 33.4581 28.6547 10.992 48.4519 24.7713 10.4878 35.1285 11.0859 27.5266 24.2005 19.5636
internal_count=2684 1339 1345 963 896 199 113 863 369 376 216 313 494 449 1146 115 160 1111 1060 398 348 126 662 106 115 169 86 334 296 238
is_linear=0
shrinkage=0.03


Tree=45
num_leaves=31
num_cat=1
split_feature=4 13 5 5 5 7 0 6 5 0 8 0 5 7 0 5 3 7 6 7 7 3 5 3 5 5 6 8 5 0
split_gain=14.8996 11.3407 9.40467 11.9261 6.81829 6.8226 6.27865 6.12022 6.03316 9.61273 5.51268 6.4055 5.86605 4.90426 4.37677 7.33089 5.53849 4.54784 3.96967 3.73398 3.01558 6.7627 8.44848 4.38555 3.24556 6.38603 2.73634 2.41966 10.1753 4.97969
threshold=0.78672158718109142 0 48.830354690551765 30.645346641540531 54.477664947509773 0.20495289564132693 15.500000000000002 -24.499999999999996 48.378511428833015 5.5000000000000009 0.16786827892065051 17.500000000000004 32.798503875732429 0.36328047513961798 4.5000000000000009 36.573274612426765 1.2592769861221316 -0.22774737328290937 1.5000000000000002 0.13189990073442462 0.083001147955656066 1.1930445432662966 32.532375335693366 1.7605491280555727 37.968566894531257 32.621244430541999 -1.0000000180025095e-35 0.060492698103189475 31.847036361694339 6.5000000000000009
decision_type=2 9 2 2 2 8 10 8 2 8 10 10 2 10 8 2 2 8 8 10 10 2 2 2 2 2 10 8 2 10
left_child=7 2 3 18 5 6 8 -1 27 -10 11 -8 -13 -7 15 16 -9 -16 19 -2 24 22 -22 -23 25 -19 -5 28 -3 -29
right_child=1 4 -4 26 -6 13 10 14 9 -11 -12 12 -14 -15 17 -17 -18 20 -20 -21 21 23 -24 -25 -26 -27 -28 29 -30 -31
leaf_value=0.024363904023121354 -0.0049939171667586265 0.037613831955848061 0.02106203656910623 -0.001975317080557498 -0.028821165276431415 -0.030066905550848851 -0.027167268404066539 -0.0065419896672591869 -0.029997733428850714 0.016702849704199118 -0.029931836341561893 -0.0094984720459284095 0.024800265120824016 0.0060836457130466802 0.0045162778493113105 -0.018880368818503239 0.03641776467541126 -0.022560884852250312 0.03636108839655771 0.024139748450129814 -0.01666548462018334 -0.02835767477543015 0.034322926924800969 0.0045275585924930617 -0.030140073587638275 0.014162126440854876 -0.023402939132251565 0.034244557193650875 -0.0040496464497468045 0.0044364816503716549
leaf_weight=3.5928760319948196 8.3387375473976117 6.1195338219404283 51.045292086899281 10.098176941275598 7.2769232094287863 9.7800956740975362 5.0878554210066858 4.2221357114613074 7.5284035056829426 6.5294316112995157 7.0488414280116549 7.8308881148695972 8.3764500990509969 4.4904802627861491 9.6100143752992135 7.3429242037236682 5.3933996744453907 13.647552102804186 6.0530433729290989 6.0938707180321208 4.7891424037516135 12.675959166139366 5.0651762560009956 4.6392893940210334 21.618674840778112 5.2217602469027034 10.94687983393669 10.531954348087309 19.763164829462767 9.5700468346476537
leaf_count=17 72 32 282 65 46 87 43 45 56 42 68 80 64 35 102 98 51 196 38 45 68 191 44 62 318 63 90 63 148 82
internal_value=-0.000296846 0.00434498 0.0113514 0.00187039 -0.00241025 -0.000510629 0.00266026 -0.00985334 0.00811631 -0.00863802 -0.00878027 -0.000750471 0.00863925 -0.019038 -0.0114002 0.00229155 0.018715 -0.0143961 0.0177357 0.00807429 -0.0171091 -0.00889579 0.0102904 -0.0197806 -0.0222734 -0.0121971 -0.0136772 0.0133131 0.00683374 0.0209364
internal_weight=300.329 202.51 92.576 41.5307 109.934 102.657 88.3866 97.8189 60.0425 14.0578 28.344 21.2952 16.2073 14.2706 94.226 16.9585 9.61554 77.2676 20.4857 14.4326 67.6576 27.1696 9.85432 17.3152 40.488 18.8693 21.0451 45.9847 25.8827 20.102
internal_count=2693 1438 592 310 846 800 678 1255 423 98 255 187 144 122 1238 194 96 1044 155 117 942 365 112 253 577 259 155 325 180 145
cat_boundaries=0 1
cat_threshold=1553
is_linear=0
shrinkage=0.03


Tree=46
num_leaves=31
num_cat=1
split_feature=1 3 0 1 8 7 7 4 7 3 5 1 0 8 9 1 7 8 7 8 5 7 0 8 8 0 8 1 1 5
split_gain=18.8927 12.233 8.55778 7.18679 8.19954 6.44583 6.09815 5.55941 5.31413 5.70494 4.6926 4.39871 4.28316 4.19453 3.68525 3.58402 7.09732 5.85094 3.48558 3.42742 3.12191 3.45387 2.89721 2.51337 4.30187 2.43204 2.24036 3.86746 2.3066 2.23118
threshold=-0.0064350664615631095 0.56911990046501171 10.500000000000002 0.025003143586218361 -0.19462026655673978 -0.33573545515537256 0.13620546460151675 0.0029852832667529587 0.31382128596305853 0.96934980154037487 50.399045944213874 0.0080141006037592905 6.5000000000000009 -0.013741764239966868 0 0.0060013493057340392 0.0020866339327767496 0.03498716093599797 -0.13149033486843106 -0.20218552649021146 48.209159851074226 0.13196761906147006 11.500000000000002 -0.20218552649021146 -0.084662996232509599 10.500000000000002 0.28838953375816351 0.0063274018466472634 -0.002000046661123633 52.946125030517585
decision_type=2 2 10 2 10 8 10 2 8 2 2 2 10 8 9 2 10 10 8 8 2 8 10 8 8 10 10 2 2 2
left_child=2 15 8 5 -5 -3 13 -8 9 10 -1 -9 -6 18 -11 16 17 -2 -7 -4 21 25 -14 -20 -25 -17 28 -28 -15 -30
right_child=1 3 19 4 12 6 7 11 -10 14 -12 -13 22 26 -16 20 -18 -19 23 -21 -22 -23 -24 24 -26 -27 27 -29 29 -31
leaf_value=0.019274325923986417 -0.0062573675229926603 0.024046117288992804 -0.0015492505838286591 -0.017876758648609867 0.03953453252087194 -0.021689188936064016 -0.012023170460226582 0.00018309937230596236 -0.027598183826110703 -0.027643424744209479 -0.011369834838971631 0.034460115543040848 -0.0044406094604934531 3.5886462124167168e-05 0.0042298000925546355 0.027739670189440416 -0.011113292847889892 0.026305033606744549 0.024190673240175768 -0.025448326349207812 0.025847448748871737 -0.0050183532530021302 0.0198802605525971 -0.018410579996178681 0.013858308677806542 0.0062881821098998538 -0.017451168112266692 0.018814553860606497 -0.024841785765012021 -0.0089858670610222721
leaf_weight=16.422255843877796 6.8130508512258556 5.6163057833909988 6.5598049908876419 5.7917734123766449 6.1715279892087009 3.904402956366539 7.2742189355194595 6.0531816110014898 5.1562568694353095 6.2171265967190266 5.3148744851350775 6.6304550319910049 6.579017452895644 5.9946267306804648 5.5383358784019929 9.3575911223888415 13.143597140908239 14.552575036883352 4.3079244680702686 33.584762319922447 25.461383610963821 8.312878146767618 10.689593654125927 5.603365208953619 7.5102215707302147 10.211238250136374 4.6937678530812246 3.9460550472140312 26.758165910840034 13.491599984467028
leaf_count=119 41 41 83 49 36 43 88 61 69 105 47 42 50 62 81 41 85 80 35 450 109 41 78 58 71 47 56 37 342 124
internal_value=0.000354077 0.00489081 -0.0121512 -0.000929765 0.0119359 -0.00470489 -0.00661417 0.00786127 -0.00196093 0.00267167 0.0116111 0.0193105 0.0197323 -0.0104577 -0.0134727 0.0134839 0.00571795 0.016106 0.000823941 -0.0216757 0.0183103 0.0107708 0.0108786 0.00677294 -0.000257518 0.017396 -0.0147776 -0.000654066 -0.0173466 -0.0198736
internal_weight=297.662 218.869 78.7934 131.016 29.2319 101.784 96.168 19.9579 38.6488 33.4926 21.7371 12.6836 23.4401 76.2101 11.7555 87.8523 34.5092 21.3656 21.3259 40.1446 53.3431 27.8817 17.2686 17.4215 13.1136 19.5688 54.8842 8.63982 46.2444 40.2498
internal_count=2671 1717 954 1273 213 1060 1019 191 421 352 166 103 164 828 186 444 206 121 207 533 238 129 128 164 129 88 621 93 528 466
cat_boundaries=0 1
cat_threshold=4
is_linear=0
shrinkage=0.03


Tree=47
num_leaves=31
num_cat=3
split_feature=1 10 4 13 0 7 7 6 1 6 1 1 1 1 1 7 7 9 7 0 4 1 4 1 6 6 1 7 2 0
split_gain=24.0117 13.0903 14.988 10.2567 8.82888 5.20577 4.41463 4.20859 5.29933 4.20049 4.06041 3.89144 5.24669 3.7867 3.55688 3.35615 3.04439 10.3385 6.402 3.60965 5.71512 3.10227 2.81185 4.90805 2.51159 4.49867 3.0592 2.32546 1.87539 1.86787
threshold=0.0042029945179820069 0 2.914752050831027e-10 1 19.500000000000004 -0.4094585627317428 0.10969203338027002 -3.4999999999999996 -0.012223896104842423 -5.4999999999999991 -0.081561144441366182 0.027807219885289673 0.005528713809326292 0.0063274018466472634 -0.00052209419663995494 -0.018012063577771183 -0.0014256411814130841 2 -0.11215346306562422 14.500000000000002 0.99985021352767955 -0.0037613816093653436 0.99208062887191784 0.011112705804407598 -6.4999999999999991 -1.4999999999999998 0.017115097492933277 -0.24996486306190488 12.500000000000002 4.5000000000000009
decision_type=2 1 2 9 8 10 8 10 2 8 2 2 2 2 2 10 8 9 10 10 2 2 2 2 10 10 2 8 10 10
left_child=3 2 6 10 7 -3 -2 -5 -9 -7 -1 12 -11 -4 16 -10 17 18 -12 20 -18 -19 -14 -24 -15 -26 27 -27 -29 -22
right_child=1 5 13 4 -6 9 -8 8 15 11 14 -13 22 24 -16 -17 19 21 -20 -21 29 -23 23 -25 25 26 -28 28 -30 -31
leaf_value=-0.024809578270740734 -0.022173521109095869 -0.03004860704291375 0.0033492602956798232 0.03469526899275728 -0.015380102948840653 0.020791170805291762 0.0076240918849869131 -0.017247566996012133 0.0014039595812773266 0.017831473980892781 -0.0068391766694924448 0.012143070753673579 -0.025069591855752499 0.038232556984112286 -0.019168114348510224 0.034264889767053289 -0.021962315600938014 -0.02174762642366548 0.034957213309798882 -0.025169833961136236 -0.0085052107227593723 0.0073210078827787234 -0.020033999478287268 0.011957155612738579 7.3111186174297372e-05 0.0016062725018280454 0.030684068773610629 0.028371566398279278 0.010040183207384982 0.010910521472341743
leaf_weight=18.175581991672516 9.2854442410171014 5.0783261097967616 9.9007003083825094 8.1681444495916384 8.8052293583750707 6.1143364422023296 7.2236044183373478 4.3463948927819755 5.3014548644423494 4.5953552424907711 4.6481820084154615 9.189667806029318 11.278826266527176 9.6262970715761167 23.628371074795723 5.1402332410216305 10.336064275354149 11.595337022095917 8.380531642585991 10.631407614797352 5.6842506006360081 3.9160651899874219 8.279538117349146 7.1626546084880838 8.306091941893099 7.7507803216576576 29.411274619400501 12.505995452404028 10.629527185112236 12.950191106647251
leaf_count=276 111 43 64 48 82 40 70 51 43 39 52 58 171 48 251 37 161 128 77 146 49 34 66 45 54 45 142 66 62 108
internal_value=0.00156956 0.00964728 0.0149191 -0.00734731 0.00688271 -0.00330712 -0.00944466 0.0185806 0.00804588 -0.000518825 -0.0111027 -0.00415896 -0.00917046 0.0212116 -0.00934666 0.0191616 -0.00571308 0.00173866 0.0206212 -0.0109939 -0.00512548 -0.0144099 -0.0142899 -0.00537058 0.0234015 0.020801 0.0236085 0.0161199 0.0207142 0.00485641
internal_weight=298.046 156.338 104.64 141.707 31.7615 51.6987 16.509 22.9562 14.7881 46.6204 109.946 40.506 31.3164 88.1307 91.7704 10.4417 68.142 28.5401 13.0287 39.6019 28.9705 15.5114 26.721 15.4422 78.23 68.6037 60.2976 30.8863 23.1355 18.6344
internal_count=2667 1124 662 1543 261 462 181 179 131 419 1282 379 321 481 1006 80 755 291 129 464 318 162 282 111 417 369 315 173 128 157
cat_boundaries=0 1 2 3
cat_threshold=12 865 4
is_linear=0
shrinkage=0.03


Tree=48
num_leaves=31
num_cat=1
split_feature=3 1 1 10 0 8 0 3 0 3 3 4 1 7 1 3 8 3 1 3 1 7 8 7 4 1 7 7 8 8
split_gain=26.6551 14.7859 7.94217 11.2952 9.00789 6.79594 6.28043 5.47752 6.715 5.59946 5.34218 6.84623 4.29623 4.04872 3.59606 3.48338 3.36162 4.15867 3.74481 3.32779 2.33113 2.49753 2.32391 4.38707 4.29836 3.42815 1.64468 2.36194 1.59845 1.30961
threshold=0.65546888113021862 0.00090630701743066322 0.0097460197284817713 0 23.500000000000004 0.060492698103189475 12.500000000000002 0.39033365249633795 6.5000000000000009 0.50140693783760082 1.1930445432662966 0.00029234608518891042 -0.0055147104430943719 -0.33573545515537256 0.020840468816459182 0.37902624905109411 0.13734652847051623 0.47952021658420568 0.011901889927685263 1.3120248913764956 0.010496200062334539 -0.078657247126102434 -0.10271880403161048 0.11404158174991609 0.23055579513311389 0.0077926099766045817 0.032352261245250709 -0.010646981652826069 -0.01583845820277929 0.071452643722295775
decision_type=2 2 2 1 8 10 10 2 10 2 2 2 2 10 2 2 8 2 2 2 2 10 10 10 2 2 8 10 10 10
left_child=1 6 10 4 5 19 7 8 -1 -9 11 -2 -8 -13 -7 20 17 -17 -18 -4 -3 -22 23 -15 29 -26 27 -5 -19 -24
right_child=2 15 3 26 -6 14 12 9 -10 -11 -12 13 -14 22 -16 16 18 28 -20 -21 21 -23 24 -25 25 -27 -28 -29 -30 -31
leaf_value=-0.0034354952965441475 0.026796949173783311 0.013181042786790888 0.012135505631766158 -0.020321836275228208 -0.021459032233454294 0.012209723642410762 -0.024339138617422717 -0.029269543190239545 0.033767410381468986 0.0071665986804937999 -0.022232485195797839 0.017750610328661973 0.0035686324726961049 -0.01447322580016022 0.04009488842092724 0.0025204804031126959 0.012701621998113909 0.015269602894970853 -0.012918506969315393 -0.015998886755115391 0.015994217837538936 0.038339141323228833 -0.0094490943807176483 0.018478024619437664 -0.022910293945331051 0.0048501816778309228 -0.030247223194659691 0.0061618512978568766 0.036090009517230764 0.013032563145830477
leaf_weight=7.5839168950915399 3.8683826327323905 13.680045753717421 9.1097430810332281 7.7954378761351109 5.371624279767274 8.4013931602239627 13.624431964010002 5.2725149989128104 8.7798346281051618 8.8701914399862272 36.003562673926353 3.4703215360641471 7.1674124747514716 7.8797743134200555 10.593191903084515 10.073818624019625 11.117334745824339 9.0672146454453504 7.9265189394354811 5.0556884035468093 9.7025472223758698 14.095952749252319 2.995344925671815 5.1610560789704323 32.516009043902159 4.1898969933390608 8.0786191709339636 4.0441978909075242 8.4836537837982142 4.7943638898432255
leaf_count=52 38 68 72 91 47 68 143 47 51 78 581 30 51 93 58 45 63 43 42 43 42 60 43 46 399 36 90 44 42 62
internal_value=0.000273796 0.0100189 -0.00802131 0.000780976 0.00946243 0.017723 -0.00265607 0.00596359 0.0173205 -0.00745296 -0.013079 -0.00773877 -0.0149964 -0.0103255 0.0289887 0.0176863 0.0118001 0.0183023 0.0019254 0.00170141 0.0245187 0.0302415 -0.0122932 -0.00104515 -0.0154944 -0.0196969 -0.0136573 -0.0115002 0.0267366 0.00429628
internal_weight=294.774 135.445 159.329 58.4499 38.5316 33.16 51.2983 30.5065 16.3638 14.1427 100.879 64.8751 20.7918 61.0068 18.9946 84.1471 46.6685 27.6247 19.0439 14.1654 37.4785 23.7985 57.5364 13.0408 44.4956 36.7059 19.9183 11.8396 17.5509 7.78971
internal_count=2668 827 1841 513 288 241 422 228 103 125 1328 747 194 709 126 405 235 130 105 115 170 102 679 139 540 435 225 135 85 105
cat_boundaries=0 1
cat_threshold=12
is_linear=0
shrinkage=0.03


Tree=49
num_leaves=31
num_cat=1
split_feature=4 6 13 5 5 8 5 5 6 2 0 8 5 3 3 3 3 8 8 8 8 2 5 2 8 0 8 3 5 2
split_gain=22.0426 9.385 6.25531 17.0114 9.53027 6.87381 6.40267 9.38748 5.80952 4.33067 7.663 7.74567 3.6972 3.645 8.25961 3.29171 4.0975 3.2897 3.28397 9.03504 3.4894 2.97547 2.90913 2.42281 2.3298 2.23332 6.3035 3.56634 4.11289 1.38999
threshold=0.78672158718109142 -7.4999999999999991 0 49.762075424194343 30.645346641540531 -0.084662996232509599 32.142530441284187 32.635873794555671 -14.499999999999998 9.5000000000000018 6.5000000000000009 0.19530879706144336 36.596654891967781 0.37411597371101385 0.71559211611747753 0.28732356429100042 0.88047105073928844 0.060492698103189475 0.22544571757316592 0.19056802988052371 -0.01583845820277929 24.500000000000004 54.371799468994148 19.500000000000004 0.25266480445861822 8.5000000000000018 -0.12340334430336951 1.3023962378501894 32.495632171630866 14.500000000000002
decision_type=2 10 9 2 2 8 2 2 10 10 10 10 2 2 2 2 2 10 8 8 10 10 2 10 10 10 10 2 2 10
left_child=8 17 3 4 13 6 -4 -8 -1 10 11 12 -7 -3 -15 -11 23 -2 19 20 21 25 -22 -17 -5 26 -10 28 -27 -20
right_child=1 2 5 24 -6 9 7 -9 18 15 -12 -13 -14 14 -16 16 -18 -19 29 -21 22 -23 -24 -25 -26 27 -28 -29 -30 -31
leaf_value=0.0083729034568862711 0.009439043764410647 0.02941995859674295 0.031023796188961488 0.019208240670837918 -0.017409049864009835 -0.002359233349721762 -0.02109730954636228 0.018744212693661486 -0.024946874071240698 0.008942261596195036 0.022486626244328761 0.013481623306680299 -0.027988770288089229 -0.021259919942065417 0.024454653710541719 -0.027135948509247283 0.0087390272215005747 0.03603867276435789 -0.029253773484649959 0.022879260889906928 -0.024071423592274474 0.017743125200195727 0.0068278277942535395 -0.0063739505120727043 0.037831467678478378 -0.024599828068569432 0.022891979090013035 -0.029414015293720217 0.014094194907735847 -0.0064882325983260354
leaf_weight=11.029514156281946 7.9196676686406162 5.8677036389708546 8.7078418806195277 31.583358153700829 19.926177378743887 8.9627757295966202 8.5509908795356768 11.026443306356667 3.3342165686190128 4.4544546380639067 9.8251326084136945 10.382283851504324 11.278508238494394 6.0549214258789998 6.1811610087752342 18.363285377621658 4.2168302424252024 10.816982969641684 14.610977400094272 5.6390611231327048 27.361372448503978 3.1347976177930823 2.6074792966246596 7.8644537515938273 9.0668750405311567 3.1563649512827414 4.8069490827620047 7.7801203392446032 5.1128839775919914 3.6542578265070906
leaf_count=72 39 33 52 181 153 61 87 77 52 27 72 74 89 61 49 173 40 51 205 69 432 37 29 67 46 48 60 119 61 52
internal_value=0.000607829 0.00617359 0.00402214 0.00970205 -0.00350068 -0.00115822 0.0111011 0.00116273 -0.0114612 -0.00599717 0.00071673 -0.00675804 -0.0172854 0.0119177 0.00193605 -0.0135819 -0.0170571 0.0258434 -0.0142244 -0.0106728 -0.0143109 -0.00621976 -0.0212493 -0.0213732 0.0241707 -0.00990614 0.00271381 -0.0160914 -0.00173581 -0.0252724
internal_weight=293.278 201.05 182.313 78.6802 38.03 103.633 28.2853 19.5774 92.228 75.3477 40.4487 30.6236 20.2413 18.1038 12.2361 34.899 30.4446 18.7367 81.1985 62.9332 57.2942 27.3253 29.9689 26.2277 40.6502 24.1905 8.14117 16.0494 8.26925 18.2652
internal_count=2668 1432 1342 523 296 819 216 164 1236 603 296 224 150 143 110 307 280 90 1164 907 838 377 461 240 227 340 112 228 109 257
cat_boundaries=0 1
cat_threshold=529
is_linear=0
shrinkage=0.03


Tree=50
num_leaves=31
num_cat=2
split_feature=3 1 6 3 1 1 6 7 6 1 8 8 0 8 7 4 8 8 1 0 8 8 6 0 9 7 9 0 0 7
split_gain=20.3694 13.2467 10.7004 8.7283 9.74538 7.93079 5.00827 4.41254 4.02203 3.51088 3.42828 7.65387 3.826 4.1491 3.33163 3.08037 5.9122 3.82802 2.9412 2.8713 2.99188 4.54909 2.81424 2.93618 2.67144 2.38921 3.24628 2.72624 1.83453 1.54816
threshold=0.56911990046501171 0.0069413925521075734 -14.499999999999998 1.0357999801635744 0.1074352227151394 0.0010961646912619474 -1.0000000180025095e-35 0.21079326421022418 -4.4999999999999991 -0.16677708923816678 -0.01583845820277929 -0.1039389669895172 8.5000000000000018 -0.099264085292816148 -0.076736249029636369 0.99999853968620311 -0.05742355249822139 0.063626531511545195 0.022870151326060299 18.500000000000004 0.071452643722295775 -0.084662996232509599 -3.4999999999999996 11.500000000000002 0 0.12673619389533999 1 14.500000000000002 18.500000000000004 0.15162380784749988
decision_type=2 2 8 2 2 2 10 8 10 2 8 10 10 10 10 2 10 8 2 10 8 10 8 10 9 10 9 10 8 10
left_child=5 9 -3 15 29 6 -1 8 -7 -2 11 -11 -13 -14 -15 16 -4 -17 -18 20 21 -10 23 -12 -22 26 -8 -28 -29 -5
right_child=1 2 3 4 -6 7 25 -9 19 10 22 12 13 14 -16 17 18 -19 -20 -21 24 -23 -24 -25 -26 -27 27 28 -30 -31
leaf_value=0.016023683374327805 0.011772845508064561 0.038587403225342369 -0.0096763622207693429 -0.02369496764654459 0.016780345749542003 0.034692543963589027 -0.019462511158057881 -0.0068607494306661895 0.015176159258514847 -0.02250458902476548 0.011724464593512739 0.024411091092634112 0.021157060387584602 0.0078738177460985995 -0.027548953419017603 0.0097952286543779282 0.012313171444061903 -0.0171128209167619 0.038940258408693272 0.0261977597014415 0.0028405272730295116 -0.012456687273431393 -0.022578784338025137 -0.019453897750000913 0.024088774219875944 -0.023909936159135826 0.011617340918824824 -0.022073572343321045 0.003510898764458671 -0.0045487064452727315
leaf_weight=10.546643182635306 3.6827342770993701 5.565799742937088 5.8878483101725605 22.124795436859134 7.3861088007688513 9.7842476516962034 6.8841914609074619 6.9273435026407233 9.393891707062723 15.008496288210152 4.5894699655473215 5.5558787174522903 3.229044422507287 3.2718556150794029 5.2861450836062396 10.511717937886713 10.812348026782276 7.1184140071272877 6.2211117818951598 12.440276041626928 8.4714782536029798 10.080139309167864 51.437118645757437 4.3457151167094707 14.827591374516485 5.0891584046185008 12.429757550358774 3.9690212942659828 4.6472342014312753 5.2028556689620009
leaf_count=61 52 28 52 318 43 42 61 36 40 209 44 57 28 31 80 64 85 50 30 56 40 49 731 39 71 54 84 39 48 55
internal_value=-0.000728454 -0.00710204 0.00185436 -0.00133237 -0.0121923 0.00902973 -0.00107384 0.0150804 0.0174874 -0.0145534 -0.0157135 -0.00750478 0.00599519 -0.00391543 -0.0145994 0.00803392 0.0150489 -0.00140466 0.0236582 0.0138756 0.00977515 0.00096305 -0.0199182 -0.00387124 0.0167978 -0.00684542 -0.0030171 0.00300104 -0.0093443 -0.020339
internal_weight=292.728 177.237 80.831 75.2652 34.7138 115.491 43.566 71.925 64.9976 96.4065 92.7237 32.3514 17.3429 11.787 8.558 40.5514 22.9213 17.6301 17.0335 55.2134 42.7731 19.474 60.3723 8.93519 23.2991 33.0194 27.9302 21.046 8.61626 27.3277
internal_count=2677 1996 725 697 416 681 347 334 298 1271 1219 405 196 139 111 281 167 114 115 256 200 89 814 83 111 286 232 171 87 373
cat_boundaries=0 1 2
cat_threshold=1 1
is_linear=0
shrinkage=0.03


Tree=51
num_leaves=31
num_cat=1
split_feature=4 13 5 5 0 7 5 6 8 0 7 5 0 0 7 5 8 2 7 7 2 5 5 8 5 5 2 5 4 6
split_gain=17.0842 10.9397 15.3823 9.66332 7.87952 9.59072 7.84107 6.46611 5.55078 4.9458 4.05615 3.92112 6.92002 3.90316 3.78837 8.40117 3.76463 3.66982 4.20823 3.62568 4.46391 6.36999 3.54671 2.77135 2.25399 4.28378 5.74252 3.08036 2.16802 1.88226
threshold=0.78672158718109142 0 49.32011795043946 54.477664947509773 15.500000000000002 0.20495289564132693 18.396368980407718 -24.499999999999996 0.23877459019422534 18.500000000000004 0.32317762076854711 39.300983428955085 5.5000000000000009 25.500000000000004 -0.066117975860834108 37.968566894531257 0.16786827892065051 9.5000000000000018 0.096062198281288161 0.083001147955656066 4.5000000000000009 48.830354690551765 32.329877853393562 0.16786827892065051 36.431882858276374 31.847036361694339 7.5000000000000009 32.462585449218757 0.28221258521080023 -1.0000000180025095e-35
decision_type=2 9 2 2 10 8 2 10 10 10 10 2 8 10 8 2 10 8 10 10 10 2 2 8 2 2 10 2 2 10
left_child=7 2 6 4 5 11 23 -1 29 -6 -7 24 -13 -11 15 22 -17 -14 -19 28 -21 -22 -9 -2 25 -3 -27 -28 -16 -8
right_child=1 3 -4 -5 9 10 8 14 -10 13 -12 12 17 -15 19 16 -18 18 -20 20 21 -23 -24 -25 -26 26 27 -29 -30 -31
leaf_value=0.014476850636655462 0.0049734766672438688 0.030434486906076089 0.024374849515637776 -0.032511570019434277 -0.030306953200275044 -0.03136172001029508 0.0090705490547174639 -0.0054927773779368848 -0.026261219575364387 0.0073668317157887207 0.0029853701417098559 -0.021151774928633307 0.031668353864749067 -0.022216286638436337 -0.028481588000390842 -0.027696355603561176 0.0020464042197715412 -0.014955717445462516 0.019961181416158959 0.012887299654502861 -0.02358138440825068 0.01092504201887785 0.026432588894602503 0.030450983982946531 0.028724618978073192 0.023764829780339704 -0.020291536380471153 0.007884070715356092 0.0013441260563970014 -0.0083705527620514756
leaf_weight=7.7902585938572875 8.7041948698461038 6.7264238744974163 50.599642008543015 7.5529503040015689 8.7741396501660365 6.8074984587728959 10.419851787388327 4.5433466583490389 9.4878847263753396 10.717554997652767 4.8599898368120193 7.4145230725407627 4.7402625977992985 5.1272212266921988 22.377783078700308 10.068500351160763 5.6577515117824069 5.5880810245871544 4.8856897279620171 5.5276113860309151 18.416541747748855 5.7400519773364058 7.3388313129544258 6.6280763670802108 9.8670231848955137 7.0056751146912601 7.0482587888836843 5.4291282519698143 2.3236298449337474 9.8737429641187209
leaf_count=47 74 37 277 50 85 61 63 61 78 103 39 56 38 55 385 142 64 49 38 64 287 69 78 37 59 43 59 43 29 87
internal_value=0.000465196 0.00537821 0.0119518 -0.00179463 0.00077402 0.00588919 0.00038354 -0.0103232 -0.00853954 -0.0135067 -0.0179485 0.0108481 0.000963174 -0.00295658 -0.0128255 -0.00359908 -0.0175133 0.0123807 0.0016521 -0.0173597 -0.00978061 -0.0152737 0.0147466 0.0171774 0.0168552 0.0114952 0.00378994 -0.0083565 -0.0257328 0.000590088
internal_weight=288.042 198.258 95.7134 102.544 94.9915 70.3726 45.1138 89.7843 29.7815 24.6189 11.6675 58.7051 22.6286 15.8448 81.994 27.6084 15.7263 15.214 10.4738 54.3856 29.6842 24.1566 11.8822 15.3323 36.0765 26.2095 19.4831 12.4774 24.7014 20.2936
internal_count=2657 1431 616 815 765 522 339 1226 228 243 100 422 181 158 1179 345 206 125 87 834 420 356 139 111 241 182 145 102 414 150
cat_boundaries=0 1
cat_threshold=1557
is_linear=0
shrinkage=0.03


Tree=52
num_leaves=31
num_cat=1
split_feature=1 3 6 2 1 5 8 6 1 13 4 7 5 1 6 5 4 3 7 6 4 2 5 1 1 2 5 3 2 7
split_gain=17.159 12.403 8.67454 8.61143 7.0716 11.8327 7.74497 7.83951 9.0587 6.87909 6.90575 6.32644 5.11653 4.83071 6.13676 4.98575 5.54257 4.75819 4.75268 3.90235 3.8314 4.07075 3.42241 6.21502 3.28695 3.93154 3.27993 4.86499 3.0378 2.90512
threshold=-0.0083915349096059782 0.39033365249633795 7.5000000000000009 17.500000000000004 0.015092996880412103 54.310663223266609 -0.20218552649021146 1.0000000180025095e-35 0.070295058190822615 0 0.73733583092689525 0.15162380784749988 52.598661422729499 0.052062802016735084 1.5000000000000002 32.462585449218757 3.6268099847802664e-06 0.72706806659698497 0.18309432268142703 3.5000000000000004 0.99985021352767955 11.500000000000002 52.496175765991218 0.0090521671809256094 0.018472000025212768 11.500000000000002 44.10101509094239 1.1719312071800234 24.500000000000004 0.15411201864480975
decision_type=2 2 8 8 2 2 10 10 2 9 2 10 2 2 8 2 2 2 10 10 2 8 2 2 2 10 2 2 10 10
left_child=2 12 20 4 9 6 -6 8 11 18 -11 -8 24 14 15 -5 -17 -12 19 26 -1 29 28 -24 25 -2 27 -3 -18 -22
right_child=1 3 -4 13 5 -7 7 -9 -10 10 17 -13 -14 -15 -16 16 22 -19 -20 -21 21 -23 23 -25 -26 -27 -28 -29 -30 -31
leaf_value=-0.023355975673150512 -0.012280700139036154 -0.019961636229624418 0.026577313301160154 -0.011850462894166103 -0.030403410109292674 0.040442253346478683 -0.014129060571926312 -0.023671364027999763 0.036816375777433616 -0.021317353655171369 0.003419795807104698 0.024843392629074861 0.031817360807780373 0.034444428342567168 -0.018444732503093343 -0.0066967341616753634 0.014290903240336141 0.036888742814779475 0.0063968295370627195 0.0075612401201954737 0.0065303384395636824 -0.019238446765795718 -0.0066830673508404123 0.02933646307335315 0.020268523777358143 0.013941492649268184 -0.029243537116397191 0.014730143745358519 0.047082790286817611 -0.017858864680495877
leaf_weight=29.447327937930822 8.6778716370463389 13.185384240001442 3.8547554053366175 6.5123900324106208 5.8715494424104682 6.2186433523893347 10.326273187994962 5.8007861971855155 7.9252555146813384 4.5776415243744859 9.3917377628386003 4.6056778803467742 14.480214506387709 5.4996037632226935 6.6016458831727496 7.5731551609933367 5.9659753292799014 5.7263651564717302 6.607257440686225 3.7939943782985202 16.078199867159132 16.753394536674023 8.2501262538135034 7.3937421143054953 15.393949568271635 10.008748486638067 25.60877225920558 4.0801442898809901 5.9824459403753281 4.9191335737705222
leaf_count=507 49 142 36 61 58 26 110 52 39 73 62 29 68 29 69 81 56 39 69 48 123 184 56 35 66 53 279 62 32 55
internal_value=-5.32949e-05 0.00415774 -0.0127383 0.000255361 -0.00441883 0.00550601 -0.00174706 0.00495132 0.012903 -0.00996051 0.00536766 -0.00130339 0.0173413 0.0100395 0.00661693 0.0109258 0.0153548 0.0175991 -0.0140264 -0.019934 -0.0153503 -0.00866385 0.0214298 0.0110806 0.010459 0.00175893 -0.0224839 -0.0114058 0.0330776 0.00026446
internal_weight=287.112 216.059 71.0528 167.499 113.719 40.7482 34.5295 28.658 22.8572 72.9713 19.6957 14.932 48.5608 53.7791 48.2795 41.6778 35.1654 15.1181 53.2756 46.6683 67.1981 37.7507 27.5923 15.6439 34.0806 18.6866 42.8743 17.2655 11.9484 20.9973
internal_count=2648 1743 905 1507 1088 314 288 230 178 774 174 139 236 419 390 321 260 101 600 531 869 362 179 91 168 102 483 204 88 178
cat_boundaries=0 1
cat_threshold=35
is_linear=0
shrinkage=0.03


Tree=53
num_leaves=31
num_cat=0
split_feature=3 5 5 6 6 8 8 8 2 2 3 3 8 8 6 8 7 2 7 7 2 2 3 7 7 5 3 5 8 7
split_gain=11.604 9.48572 8.75289 7.18522 5.74945 5.35653 4.22101 3.91137 3.86241 3.83013 3.69682 3.53865 3.77693 5.21329 4.91009 3.90443 3.56081 5.47367 3.4798 3.63965 3.24865 3.12381 5.15024 3.46203 3.0115 3.87935 4.35434 3.87254 2.72895 2.49064
threshold=0.65546888113021862 33.418319702148445 18.299908638000492 -4.4999999999999991 -6.4999999999999991 -0.014709395356476305 0.18205209821462634 -0.19074507057666776 22.500000000000004 7.5000000000000009 1.3194084763526919 0.72706806659698497 0.19712997227907184 0.30143183469772344 7.5000000000000009 0.094659406691789641 0.039533829316496856 7.5000000000000009 0.20495289564132693 0.1039470247924328 22.500000000000004 5.5000000000000009 0.27440479397773748 -0.036014175042510026 0.044121442362666137 37.387369155883796 0.92036145925521862 32.495632171630866 0.19530879706144336 -0.12372096255421637
decision_type=2 2 2 8 10 10 8 10 8 10 2 2 10 8 10 8 10 10 10 8 10 10 2 10 8 2 2 2 10 8
left_child=1 2 -1 -3 5 -2 -7 -4 21 -9 11 -6 14 16 15 18 -14 -18 19 24 -12 23 -23 -5 25 27 -27 -13 -24 -11
right_child=4 3 7 8 10 6 -8 9 -10 29 20 12 13 -15 -16 -17 17 -19 -20 -21 -22 22 28 -25 -26 26 -28 -29 -30 -31
leaf_value=0.016134601309475471 -0.010501237817474725 0.031973672782710849 0.0075540092115397627 -0.0099529957484271927 -0.01759413775770996 0.032024523300887044 -0.00034257508655150665 0.0025275315736429018 -0.010558726912342588 -0.0035609075078499872 -0.019121764412216486 -0.006517131773428329 0.030944290654998357 -0.0090307425791517296 0.023455301901630466 -0.023592229339209996 0.026790418049734397 -0.017783721897526892 -0.027849639829694607 0.017618321926660435 0.0053249259373469157 0.032685396119118838 0.01462556506301174 0.013594898218306504 -0.023567320381913677 0.0055928536329854063 -0.027833451841917604 0.028065793470317589 -0.0027586768130351534 -0.028985612558503408
leaf_weight=12.756603457033632 7.731678199023011 13.442827463150023 6.6173456013202658 11.043019846081735 14.301493778824804 8.1577060557901824 5.968633547425271 6.5190774649381664 7.66466200351715 4.7865677066147327 31.598500579595566 4.782872311770932 7.792636986821889 9.923333343118431 3.6501348875463 11.373050741851328 3.575646121054886 4.4302595555782318 3.8656726554036132 6.7038199156522671 5.3101194426417342 10.599861763417719 25.082221649587154 9.5414968505501729 5.5013550743460611 6.5319115966558439 5.9408814311027527 5.3994915820658207 11.398270465433596 15.397987242788078
leaf_count=79 64 60 41 61 148 58 39 44 39 33 519 63 65 110 37 150 34 63 43 69 77 55 147 61 80 55 94 51 78 134
internal_value=0.000407277 0.00679243 -0.00419324 0.0124778 -0.0052449 0.00871425 0.0192303 -0.0122189 0.00862535 -0.0172146 -0.00762818 -0.00437624 -0.00180849 0.0074639 -0.00630111 -0.0088857 0.0177453 0.00288847 -0.00408154 -0.000742767 -0.0155569 0.0109205 0.0151083 0.00108626 -0.00556871 -0.000386586 -0.0112125 0.0126913 0.0092652 -0.0234091
internal_weight=287.389 134.85 46.0776 88.7724 152.539 21.858 14.1263 33.321 75.3295 26.7036 130.681 93.7726 79.4711 25.7219 53.7492 50.0991 15.7985 8.00591 38.726 34.8603 36.9086 67.6649 47.0804 20.5845 28.1565 22.6552 12.4728 10.1824 36.4805 20.1846
internal_count=2651 832 331 501 1819 161 97 252 441 211 1658 1062 914 272 642 605 162 97 455 412 596 402 280 122 343 263 149 114 225 167
is_linear=0
shrinkage=0.03


Tree=54
num_leaves=31
num_cat=3
split_feature=3 5 6 13 5 7 9 6 8 5 5 5 7 7 7 8 8 7 8 6 8 9 7 8 5 3 5 5 3 3
split_gain=12.297 6.4299 6.82101 8.40221 5.59639 5.79912 5.8668 5.59412 3.66291 3.29507 3.60096 4.76797 3.21739 4.69078 4.17648 3.29279 4.85473 6.1603 4.62759 4.7174 3.72291 3.1143 3.01769 3.83421 3.86451 2.87179 2.79015 3.38962 2.76221 2.0142
threshold=0.65546888113021862 33.418319702148445 -4.4999999999999991 0 32.233697891235359 0.13196761906147006 1 -24.499999999999996 -0.23864492028951642 55.067308425903327 36.596654891967781 43.607994079589851 -0.22774737328290937 -0.36203321814537043 -0.12372096255421637 -0.054574819281697266 0.060492698103189475 -0.091623045504093156 0.083096962422132506 -3.4999999999999996 -0.12340334430336951 2 0.15651877969503405 -0.083460871130228029 17.80491924285889 1.0803073048591616 53.675596237182624 18.113891601562504 1.0669280886650088 0.37902624905109411
decision_type=2 2 8 9 2 10 9 10 10 2 2 2 10 10 10 10 10 8 10 10 10 9 10 10 2 2 2 2 2 2
left_child=1 4 -3 9 5 6 -1 -2 -9 10 -4 -12 13 -10 -14 20 17 -17 -18 -20 25 -5 23 24 -22 -16 27 -21 -15 -8
right_child=7 2 3 21 -6 -7 29 8 12 -11 11 -13 14 28 15 16 18 -19 19 26 22 -23 -24 -25 -26 -27 -28 -29 -30 -31
leaf_value=0.031156458864301146 0.01509913225253403 0.031080886746762473 0.030168488486042963 -0.023627237614236254 -0.019037670679302236 -0.015452864101445659 0.0093182788135906785 -0.024839189243687797 -0.014082807717537246 0.030802731233630171 -0.007320096154166675 0.013999933985514922 -0.024079217562979711 0.03255538917708295 0.0038893684427649062 0.014874081830094282 0.018235418914057666 -0.025557645943340018 0.017408867035010468 0.013440374946549727 0.011415293427844416 -0.00011225434562982391 0.033323447572197157 0.026807263879799152 -0.025998656113083825 -0.026116778439663757 0.010450602867622491 -0.015688745501275678 0.0015494740866096126 -0.010807438445843425
leaf_weight=7.8105064630508423 9.5318932980298978 12.180487245321272 6.4163106232881537 9.2318290397524834 12.497987501323221 9.1719593368470651 9.4271167218685203 9.4523247703909856 5.5030178241431704 8.4260850548744184 13.277920335531233 27.831483192741871 11.93176271766424 4.7337834611535055 5.8168131336569804 3.3278021924197674 6.5485128238797179 21.121921472251419 5.3577550500631324 3.2288799658417693 4.2128005214035493 10.064486309885979 3.5628862008452407 3.3913913294672957 3.8781680837273598 4.2725709117949009 4.418942015618085 35.42021918296814 4.9013846442103386 6.8447014577686778
leaf_count=43 55 55 34 52 106 68 53 123 48 43 85 160 154 37 60 41 75 280 60 33 47 67 31 38 57 76 42 517 57 57
internal_value=-0.000261554 0.00635419 0.011081 0.00747847 -0.00272223 0.00378639 0.0114378 -0.00611491 -0.00764439 0.0121462 0.0107749 0.00710348 -0.00623164 0.00645852 -0.00792169 -0.00586723 -0.00883566 -0.0196863 -0.00374434 -0.00702543 0.00349202 -0.00802051 0.0126176 0.00403778 -0.00740517 -0.0100267 -0.0103912 -0.0129776 0.0184115 0.00071687
internal_weight=283.794 133.181 87.4286 75.2481 45.7523 33.2543 24.0823 150.613 141.081 55.9518 47.5257 41.1094 131.629 15.1382 116.49 104.559 79.424 24.4497 54.9743 48.4258 25.1346 19.2963 15.0452 11.4824 8.09097 10.0894 43.068 38.6491 9.63517 16.2718
internal_count=2654 823 496 441 327 221 153 1831 1776 322 279 245 1653 142 1511 1357 1048 321 727 652 309 119 173 142 104 136 592 550 94 110
cat_boundaries=0 1 2 3
cat_threshold=53 4 1
is_linear=0
shrinkage=0.03


Tree=55
num_leaves=31
num_cat=0
split_feature=1 6 3 7 8 3 5 7 0 7 6 7 5 8 7 7 8 1 1 8 1 7 7 7 8 1 6 3 7 7
split_gain=13.8042 9.20265 8.52868 10.6508 7.86894 6.99912 5.66682 5.73356 5.9711 8.41302 5.53141 5.41381 6.46868 4.9898 4.64412 4.86213 4.57717 4.97087 4.11696 6.67745 3.78882 5.75194 4.7151 3.42985 2.9402 2.919 3.48395 2.48426 2.46018 3.52104
threshold=0.0042029945179820069 1.0000000180025095e-35 0.53784003853797924 0.11999552696943284 0.23877459019422534 0.18408729881048205 52.684926986694343 0.15411201864480975 6.5000000000000009 -0.074763540178537355 7.5000000000000009 0.0080776116810739058 17.80491924285889 0.060492698103189475 -0.072363134473562227 -0.12372096255421637 0.099720984697341933 0.011706571560353042 0.027048617601394657 -0.18499501794576642 -0.01450296677649021 -0.13967320322990415 -0.018012063577771183 -0.066117975860834108 -0.023557555861771103 -0.044887863099575036 -1.0000000180025095e-35 0.50797259807586681 -0.29463022947311396 0.086299885064363493
decision_type=2 10 2 10 10 2 2 8 8 10 10 8 2 10 8 10 8 2 2 10 2 10 10 8 8 2 8 2 10 10
left_child=5 2 24 14 13 -1 7 8 9 -7 11 20 -13 -5 15 -4 17 -3 -16 -20 22 -22 -10 -23 -2 -9 -27 -11 -8 -30
right_child=1 16 3 4 -6 6 28 25 10 27 -12 12 -14 -15 18 -17 -18 -19 19 -21 21 23 -24 -25 -26 26 -28 -29 29 -31
leaf_value=0.017878550513341786 0.029899025765532286 0.021555045985562408 -0.0013256146581479492 0.011960793263391493 -0.0062414004759113444 -0.018222708887804948 -0.0024456862994942049 -0.029609288125963359 -0.023828353045371321 0.0062130895792351717 0.0264601632860469 0.012066452819156758 -0.024484024745710754 0.049933241555198425 -0.016422279069620904 0.026245677241414557 -0.025731361540906602 -0.01639698392792191 -0.019879706224911892 0.022305790628904299 -0.0095061867775849129 0.038285764944841774 0.012778121657067211 0.0038992247318330462 0.013285327544246391 0.016610128743950542 -0.016848668614705461 0.033482286886286891 -0.031246111120589257 0.00090575194126025441
leaf_weight=8.7080144286155683 15.942932456731794 4.9713818021118623 19.443540465086702 6.3485919572412985 5.7911495603620997 4.9530458673834827 5.387438070029023 10.268377691507341 8.4023705497384054 5.1463700160384169 3.4237014502286902 4.7082413136959067 22.44521526247263 7.1846807934343815 24.139814089983702 7.1252252832055083 9.7794226109981555 5.4835497736930847 4.8983761854469776 6.9629241451621038 8.010212756693365 5.0432010479271412 4.0038665570318726 5.0405892953276652 29.927368775010109 3.0815217383205891 8.3828989118337613 8.6767905913293344 16.474543318152431 3.6505649946629992
leaf_count=49 69 48 144 53 48 56 42 169 108 32 32 49 330 43 248 61 103 50 47 56 78 44 43 60 137 31 117 78 190 30
internal_value=6.08131e-05 0.00637821 0.0093606 0.00347257 0.0223473 -0.00682003 -0.00863858 -0.00535326 -0.00154883 0.012829 -0.00610426 -0.00845622 -0.0179429 0.0341687 -0.00261665 0.00675227 -0.0120073 0.00195573 -0.00952652 0.00469325 0.000290996 0.00886506 -0.0119424 0.0229995 0.0195744 -0.018649 -0.0072442 0.024434 -0.0210248 -0.0256472
internal_weight=283.806 147.999 127.765 81.8943 19.3244 135.807 127.099 101.586 79.8536 18.7762 61.0774 57.6537 27.1535 13.5333 62.5699 26.5688 20.2344 10.4549 36.0011 11.8613 30.5002 18.094 12.4062 10.0838 45.8703 21.7328 11.4644 13.8232 25.5125 20.1251
internal_count=2645 1107 906 700 144 1538 1489 1227 910 166 744 712 379 96 556 205 201 98 351 103 333 182 151 104 206 317 148 110 262 220
is_linear=0
shrinkage=0.03


Tree=56
num_leaves=31
num_cat=2
split_feature=1 3 7 2 7 10 13 8 2 7 1 2 8 1 0 5 2 3 3 8 8 2 8 2 8 0 3 1 5 7
split_gain=15.1041 15.1086 8.17267 6.99148 5.63447 5.47801 5.75867 5.6235 5.23827 3.98185 3.58293 3.57828 4.49809 3.47703 3.71955 3.4122 6.20608 5.79193 8.32674 5.86296 5.18266 3.36378 4.38705 3.65555 3.59756 2.77442 3.15098 5.16333 4.95198 4.45994
threshold=0.00090630701743066322 0.61608731746673595 0.12426119670271875 38.500000000000007 0.2159242853522301 0 1 -0.054574819281697266 43.500000000000007 -0.22774737328290937 0.057946631684899337 7.5000000000000009 0.066486384719610228 -0.0060865930281579486 11.500000000000002 32.263656616210945 15.500000000000002 1.155948340892792 0.71559211611747753 -0.014709395356476305 -0.23246189206838605 13.500000000000002 0.1507057920098305 7.5000000000000009 0.043321570381522186 24.500000000000004 1.1930445432662966 0.0099341254681348818 50.648374557495124 0.030477914027869705
decision_type=2 2 10 10 8 1 9 10 8 8 2 10 10 2 10 2 10 2 2 10 8 8 10 10 8 8 2 2 2 10
left_child=5 4 3 9 21 6 7 -1 15 -3 11 -4 -13 14 -9 16 17 18 19 -7 -17 23 24 -2 -23 26 27 -11 29 -29
right_child=1 2 10 -5 -6 8 -8 13 -10 25 -12 12 -14 -15 -16 20 -18 -19 -20 -21 -22 22 -24 -25 -26 -27 -28 28 -30 -31
leaf_value=0.015871825273887502 0.019002151227718703 0.0054173812162090149 -0.01452269767029952 0.02344535576555223 -0.0083458859634216263 0.01169933116093615 0.014272105021350652 0.011854051059956442 0.018181783697440175 -0.023364041529121735 0.033530714794613906 -0.0072947746693215838 0.025345861485506903 -0.027924950571886625 -0.021431000067304664 0.0097438923798100971 -0.028821368188712049 -0.021322392353604006 0.0361856059686941 -0.025154118253152696 -0.025529498553200081 0.020208339262222048 0.0084228950860042815 -6.3787785431293996e-05 0.047152083504053408 0.0045110672464777415 -0.025884493671281119 -0.023915526915639425 0.01872678996708704 0.0093680504594441643
leaf_weight=6.0759400092065361 22.522151701152325 12.704359747469423 4.666098263114697 5.3976728320121756 7.3368100821971884 7.851549770683051 10.589203476905821 5.9749615304172057 3.6538611203432074 13.29134716466069 4.902032107114791 5.4787750653922549 9.1834620498120767 9.044841490685938 4.3516475558280945 3.7009472325444221 8.7779381163418275 7.7059935666620722 5.4318515285849562 5.9760385379195258 32.235969297587872 13.17195138335228 10.612621799111364 14.70012256503105 9.0338613539934158 6.8836439587175837 16.09937522560358 7.8051020503044146 7.1850594878196707 5.4334354773163795
leaf_count=66 106 102 44 30 39 52 78 61 21 167 22 56 77 107 61 38 159 146 60 63 420 60 53 73 41 80 254 84 39 49
internal_value=0.000448961 0.00589845 -0.00187225 -0.00677759 0.0157406 -0.00815854 0.00229439 -0.00549294 -0.011869 -0.00942777 0.0129392 0.0063242 0.0134622 -0.0153407 -0.00282605 -0.015263 -0.00834503 -0.000887204 0.0079381 -0.00485034 -0.0217314 0.0183457 0.0253507 0.0116678 0.0327293 -0.0127904 -0.0152229 -0.00953289 0.000138631 -0.0105566
internal_weight=287.779 176.408 99.0304 74.8 77.3775 111.371 36.0366 25.4474 75.3341 69.4023 24.2304 19.3283 14.6622 19.3715 10.3266 71.6803 35.7434 26.9654 19.2594 13.8276 35.9369 70.0407 32.8184 37.2223 22.2058 56.698 49.8143 33.7149 20.4236 13.2385
internal_count=2708 1376 1004 805 372 1332 373 295 959 775 199 177 133 229 122 938 480 321 175 115 458 333 154 179 101 673 593 339 172 133
cat_boundaries=0 1 2
cat_threshold=1 1057
is_linear=0
shrinkage=0.03


Tree=57
num_leaves=31
num_cat=3
split_feature=1 13 5 5 1 0 1 3 13 5 3 7 8 0 1 7 0 2 8 1 5 1 8 9 8 3 3 5 7 2
split_gain=20.4115 8.6777 15.2503 12.4452 7.58092 7.27962 6.64926 6.53581 6.17827 9.0748 6.61429 6.14937 5.8068 5.43388 3.82611 3.50296 4.4001 4.76068 2.9637 2.45779 2.45683 4.5084 3.12921 6.57744 4.88551 2.98591 5.97032 6.18702 2.47451 2.31402
threshold=0.0042029945179820069 0 52.946125030517585 18.396368980407718 0.057946631684899337 21.500000000000004 0.010312102269381286 0.63545921444892894 1 52.196519851684577 0.18408729881048205 0.05638543143868447 0.22216523438692096 7.5000000000000009 -0.0098140183836221678 -0.015407053753733633 4.5000000000000009 17.500000000000004 0.054459346458315856 0.0094965728931128996 49.86413764953614 -0.061202881857752793 -0.05742355249822139 2 -0.166874885559082 0.33309699594974523 0.59226080775260936 36.437219619750984 -0.11735984683036803 4.5000000000000009
decision_type=2 9 2 2 2 10 2 2 9 2 2 10 8 10 2 10 10 10 10 2 2 2 8 9 8 2 2 2 8 10
left_child=8 2 3 -2 5 15 7 -4 9 14 -10 -3 -6 -13 -1 -5 -17 -18 -11 -7 21 29 23 24 -23 -24 27 -27 -28 -12
right_child=1 11 6 4 12 19 -8 -9 10 18 20 13 -14 -15 -16 16 17 -19 -20 -21 -22 22 25 -25 -26 26 28 -29 -30 -31
leaf_value=0.0022354307486554831 0.034831940153674801 -0.01881300082761718 0.027431273807014281 -0.024320341450567412 0.023389191286966808 0.028105157676428082 0.037636699022372558 -0.01236639425578139 0.01497289757328555 -0.021681062468237214 0.00036108262389940153 -0.013803541115723924 -0.0084186171656783458 0.019670435280039734 0.036475727893888761 0.018208158083076225 -0.017658527445613883 0.016231955159158602 0.00658262821594749 0.00023276601087686956 -0.022535482447797447 -0.0025343902558103864 -0.030157773160003176 -0.026325173445243082 0.035310111385508575 -0.0094525181141408288 0.0047777245511681932 0.032247013979489224 -0.020757405653885001 -0.025709530486591196
leaf_weight=4.7592055164277554 9.5812838077545148 17.890624213963747 7.2774134129285795 13.298654835671181 16.087411299347878 5.0022824481129629 22.040115591138601 5.9308193810284138 6.6808759197592726 7.6162719465792161 3.5556233488023308 6.511367596685889 6.791079834103587 9.6001115404069406 7.2994172908365744 4.7235166355967584 18.075049761682752 3.8034932501614085 4.8397456258535385 5.4491161666810513 24.55814328789711 5.8660131692886353 5.0391873493790618 3.3975664600729916 5.166605394333601 6.1400035060942191 3.8185107707977295 4.9972825720906258 16.79965648800135 19.993820909410715
leaf_count=62 48 140 31 143 85 37 112 55 39 64 51 43 47 61 44 37 191 38 41 47 288 77 40 46 46 60 48 31 265 324
internal_value=-7.60003e-05 0.00737199 0.0106844 0.00441981 2.51401e-05 -0.00646915 0.0278221 0.00994851 -0.00874283 0.00470883 -0.0112565 -0.00556783 0.0139904 0.00612602 0.0241681 -0.0122834 -0.00560293 -0.0113148 -0.0110262 0.0148625 -0.0142742 -0.0112993 -0.00609102 0.00548118 0.0166499 -0.0106544 -0.00673322 0.0103733 -0.016026 -0.0219189
internal_weight=282.59 152.062 118.06 82.8119 73.2306 50.3521 35.2483 13.2082 130.528 24.5146 106.013 34.0021 22.8785 16.1115 12.0586 39.9007 26.6021 21.8785 12.456 10.4514 99.3324 74.7743 51.2248 14.4302 11.0326 36.7946 31.7555 11.1373 20.6182 23.5494
internal_count=2641 1115 871 673 625 493 198 86 1526 211 1315 244 132 104 106 409 266 229 105 84 1276 988 613 169 123 444 404 91 313 375
cat_boundaries=0 1 2 3
cat_threshold=1585 1046 4
is_linear=0
shrinkage=0.03


Tree=58
num_leaves=31
num_cat=3
split_feature=3 1 10 6 1 1 8 13 6 1 3 13 1 1 8 1 8 8 8 8 6 3 3 8 1 8 8 8 0 1
split_gain=12.5691 9.12215 9.80811 7.70201 4.96296 4.89058 4.11511 4.10198 6.10197 4.31832 5.32586 3.96985 7.04423 3.8872 3.56125 3.04557 4.9192 6.93088 2.92763 3.67624 2.88631 2.66015 2.48375 2.315 2.67634 2.00812 1.70376 6.40075 1.53751 1.47541
threshold=0.37902624905109411 0.0060013493057340392 0 1.5000000000000002 -0.01450296677649021 0.01664349623024464 -0.021279271692037579 1 -4.4999999999999991 -0.003209608374163508 0.98871508240699779 2 0.0092108468525111693 0.010312102269381286 0.14719259738922122 -0.0010247391182929275 0.1419937610626221 0.060492698103189475 0.27884356677532202 -0.013741764239966868 -1.4999999999999998 0.56911990046501171 0.10164260864257814 0.22904596477746966 0.0048211875837296256 -0.023557555861771103 -0.10271880403161048 -0.1039389669895172 13.500000000000002 -0.15835432708263394
decision_type=2 2 1 10 2 2 10 9 8 2 2 9 2 2 10 2 10 8 10 8 8 2 2 8 2 10 8 10 8 2
left_child=4 7 3 5 6 11 -1 8 -2 10 -10 13 -13 -3 -11 26 17 25 19 -4 -7 -21 -6 24 -24 -17 27 -9 -22 -28
right_child=1 2 18 -5 22 20 -8 15 9 14 -12 12 -14 -15 -16 16 -18 -19 -20 21 28 -23 23 -25 -26 -27 29 -29 -30 -31
leaf_value=0.010735211141258132 0.022700256229138811 0.0036474801135426334 0.0064023245352131915 -0.018227433699233363 0.0014740709364923859 0.0048237227421224693 -0.01933604703750472 -0.018374044039987405 0.023335523973588623 -0.031306606111083941 -0.019009840951599407 0.014025167586435199 -0.021919489113501747 0.032416712010954973 0.0026492195334765836 0.0075531355949643424 -0.018523589504282175 0.034039539205346497 0.01151434974244063 -4.9032198398857694e-05 0.032212210243270124 -0.022811515294729547 0.011626496585939568 0.0040959493675732745 0.029567472766256989 -0.01794871405397885 0.0012810998871009766 0.023053578548818007 0.013182965733048365 -0.021317463213238349
leaf_weight=7.7667739540338516 8.3421502076089364 8.4626936502754706 6.3346904441714287 6.9465467929840079 8.9711040556430799 7.5717120692133904 6.7335838787257654 11.377170760184525 6.1037131547927892 6.4240017980337143 3.3681982383131981 7.517276436090472 10.790393240749834 8.0574433207511884 4.2108297571539879 4.0814618431031695 10.818185184150932 4.5843059942126265 4.0781655795872203 5.8407394886016872 15.755702055990701 21.199713211506605 14.999972827732561 8.2468966245651227 19.509459599852562 5.5232816003263023 2.6592698171734801 3.6634213402867308 7.6893943548202506 39.909170292317867
leaf_count=60 59 52 69 69 42 59 60 180 55 68 50 61 88 51 31 44 141 49 34 30 83 260 83 42 90 60 50 36 46 599
internal_value=0.000379705 -0.00305892 0.00304396 0.00883073 0.0117449 0.0132364 -0.00357564 -0.0090898 0.0019312 -0.00643802 0.00790019 0.00527926 -0.00474221 0.0119232 -0.0187898 -0.0116949 -0.00413468 0.00733316 -0.00828248 -0.0133755 0.0217273 -0.0180719 0.016026 0.0189758 0.0223162 -0.00742154 -0.0168456 -0.00747542 0.0267657 -0.0199087
internal_weight=287.537 221.31 110.244 72.7912 66.2278 65.8446 14.5004 111.065 28.4489 20.1067 9.47191 34.8278 18.3077 16.5201 10.6348 82.6163 25.0072 14.189 37.4533 33.3751 31.0168 27.0405 51.7274 42.7563 34.5094 9.60474 57.609 15.0406 23.4451 42.5684
internal_count=2701 2324 902 509 377 440 120 1422 263 204 105 252 149 103 99 1159 294 153 393 359 188 290 257 215 173 104 865 216 129 649
cat_boundaries=0 1 2 3
cat_threshold=12 1106 529
is_linear=0
shrinkage=0.03


Tree=59
num_leaves=31
num_cat=2
split_feature=4 1 1 0 13 8 13 7 3 8 0 3 6 7 7 8 7 8 0 3 3 3 3 3 3 1 1 1 8 7
split_gain=15.9239 10.7864 10.6429 4.93033 5.40896 5.20825 4.35893 4.75526 4.16709 4.04276 5.38081 3.42195 3.37036 3.24254 3.21285 2.90557 2.63213 3.48176 4.92643 2.374 2.22689 2.13845 2.06365 1.9985 1.64214 1.28399 4.91383 3.99708 1.83257 1.56538
threshold=0.78672158718109142 0.0048211875837296256 0.090036813169717803 23.500000000000004 0 -0.10271880403161048 1 0.23306074738502505 0.55948382616043102 0.024030849337577823 7.5000000000000009 0.37411597371101385 -14.499999999999998 0.1173142157495022 0.039533829316496856 0.058116115629673011 -0.10309573262929915 0.069385360926389708 5.5000000000000009 0.69266811013221752 0.58615747094154369 0.31853310763835913 0.73562741279602062 0.57513710856437694 1.926250219345093 -0.0064350664615631095 0.005528713809326292 0.004331734962761403 -0.065318379551172243 0.15162380784749988
decision_type=2 2 2 10 9 8 9 8 2 10 10 2 10 8 10 8 8 10 8 2 2 2 2 2 2 2 2 2 10 10
left_child=2 3 12 4 5 11 15 8 21 -6 -11 -2 -1 14 22 -3 20 -18 -19 -13 -7 -8 -10 -20 25 -14 27 28 -27 -28
right_child=1 6 -4 -5 9 16 7 -9 13 10 -12 19 24 -15 -16 -17 17 18 23 -21 -22 -23 -24 -25 -26 26 29 -29 -30 -31
leaf_value=0.0023022698194254411 0.026573340943741305 0.0059177691574892905 0.017134087906026475 -0.019971775157687305 -0.0012156925829351936 -0.0083468667346023474 0.016631937510650154 -0.004701923546381782 0.00042304805357718704 0.002434635923266914 0.038360098123194568 -0.0166669588069129 -0.023992005321068859 0.027957848583398226 -0.010163177164235588 -0.017041487275916794 -0.025221604862020908 0.015438821330949216 -0.0027543687213250753 0.013394474571013747 0.017257195151171443 0.032342331607952642 0.019761166623150306 -0.024972916541937337 0.0030843069106630608 0.0095415415279303441 -0.025216359730872443 0.029272981293526887 -0.014806028088808652 -0.0054462460656645581
leaf_weight=9.2327235713601095 5.5983608290553075 10.213530257344244 10.1901195384562 11.140800129622219 9.7622584365308303 6.2065828666090948 20.104247003793716 8.7416349276900274 8.7203958705067688 6.6677736192941657 8.0269941762089712 4.0072599649429321 22.118159331381314 6.2435599416494361 7.9218226000666609 8.0171244889497775 13.779277730733154 6.0184271633625057 6.9738845452666265 3.5056023187935352 4.3423648849129677 18.895357087254524 10.676163140684364 7.3243672139942646 3.2504950724542132 3.2514205873012534 20.00547140464187 2.4224455356597892 7.8222090527415338 5.1345738507807246
leaf_count=61 35 54 65 122 74 46 91 55 55 51 50 42 437 37 66 41 128 57 57 39 48 86 71 110 58 44 327 35 145 54
internal_value=0.000462457 0.0051961 -0.0104138 -0.00212586 0.000503408 -0.00450827 0.0120163 0.0140336 0.0182317 0.00992359 0.0232526 0.0107882 -0.0144259 0.0100309 0.00509114 -0.0029868 -0.0101261 -0.0140828 -0.00569932 -0.0027142 0.00277444 0.0248619 0.011514 -0.0150244 -0.0168373 -0.0179358 -0.013951 0.000698701 -0.00745896 -0.0215414
internal_weight=276.315 192.888 83.4276 93.354 82.2132 57.7561 99.5338 81.3032 72.5615 24.457 14.6948 13.1112 73.2375 33.5619 27.3184 18.2307 44.6449 34.096 20.3167 7.51286 10.5489 38.9996 19.3966 14.2983 64.0048 60.7543 38.6361 13.4961 11.0736 25.14
internal_count=2641 1415 1226 859 737 562 556 461 406 175 101 116 1161 229 192 95 446 352 224 81 94 177 126 167 1100 1042 605 224 189 381
cat_boundaries=0 1 2
cat_threshold=1825 322
is_linear=0
shrinkage=0.03


Tree=60
num_leaves=31
num_cat=3
split_feature=1 3 2 6 2 0 1 7 7 3 7 2 7 9 0 0 3 2 9 2 2 6 1 7 13 0 6 7 3 0
split_gain=15.7747 10.2043 9.14778 7.20059 6.81454 8.61721 7.05729 5.81443 4.34603 4.18443 4.05673 4.16634 4.02895 3.17684 3.09844 2.69988 2.57197 2.26835 2.16112 2.463 3.33131 4.15691 1.87652 1.78811 2.12169 3.08766 2.73201 1.6138 1.5633 1.99082
threshold=-0.0083915349096059782 0.56911990046501171 5.5000000000000009 7.5000000000000009 17.500000000000004 21.500000000000004 0.016444201581180099 0.15651877969503405 -0.01363668357953429 0.37411597371101385 0.074853096157312407 7.5000000000000009 -0.11073799058794974 0 11.500000000000002 2.5000000000000004 0.37902624905109411 20.500000000000004 1 7.5000000000000009 13.500000000000002 -4.4999999999999991 0.014004568103700878 0.3483483642339707 2 9.5000000000000018 3.5000000000000004 0.094381257891654982 1.1719312071800234 6.5000000000000009
decision_type=2 2 8 8 10 8 2 10 8 2 8 8 10 9 8 10 2 8 9 8 10 10 2 10 9 10 10 8 2 10
left_child=3 2 16 9 6 13 23 10 12 14 11 -8 -7 17 -1 -11 -2 -6 -4 -20 27 -22 -23 24 26 -26 28 -21 -3 -30
right_child=1 4 18 -5 5 8 7 -9 -10 15 -12 -13 -14 -15 -16 -17 -18 -19 19 20 21 22 -24 -25 25 -27 -28 -29 29 -31
leaf_value=0.0081899609037551641 0.002928138662964627 -0.026781859883246616 0.030912010654280276 0.024312109758631323 0.020385221131500864 -0.011576348556788118 0.021268797612145247 0.024821403816067157 -0.02618692701975114 0.0040252602967122139 -0.020852655702581515 -0.0069958505814741341 0.021318897510233917 0.030664080376313005 -0.017189912835279566 -0.021941197143667164 -0.01829534759428433 -0.0060353168840745685 0.03026142480977299 -0.0041383073592905981 0.034374287412796238 0.0037715473612944411 0.020805638986660147 0.0062997241227452901 -0.01035200259544417 0.018225629486935284 0.0035344508912068659 0.011943319689671683 0.002403875963544621 -0.022272358213597868
leaf_weight=9.9135114699602145 11.193805046379568 24.048018310219049 8.0619725733995438 3.5308938510715953 4.7229855060577384 6.3180375285446653 6.9795779697597053 8.2304309681057912 5.7656842432916191 3.6211786568164817 6.951945502310994 10.560229666531084 5.2242265827953789 11.842939272522926 6.1917924694716922 42.383061178028584 8.1506498306989652 5.2704888731241235 6.963191181421279 13.288323558866976 8.6754991710185987 15.87853153049946 8.7476518750190717 3.4881809167563906 6.0878348127007467 5.6022237241268158 3.7589857429265967 8.3063412383198756 5.0490437261760217 5.5073945745825768
leaf_count=68 56 297 39 34 50 65 48 44 58 42 71 101 49 80 61 698 50 41 34 74 38 88 42 38 63 55 53 40 89 110
internal_value=-0.000108413 0.00383387 0.0115266 -0.0128655 -0.00168975 0.00855517 -0.0063834 0.00451144 -0.00705677 -0.0153308 -0.00301967 0.00479198 0.00382527 0.0206966 -0.00200201 -0.0198551 -0.00647396 0.0071697 0.0165278 0.0141912 0.0116478 0.0174642 0.0103981 -0.0130024 -0.0144446 0.00206947 -0.0158904 0.00230228 -0.0225035 -0.0112832
internal_weight=280.315 214.674 89.266 65.6404 125.408 39.1444 86.2639 32.7222 17.3079 62.1095 24.4918 17.5398 11.5423 21.8364 16.1053 46.0042 19.3445 9.99347 69.9215 61.8595 54.8963 33.3017 24.6262 53.5417 50.0535 11.6901 38.3634 21.5947 34.6045 10.5564
internal_count=2676 1773 461 903 1312 343 969 264 172 869 220 149 114 171 129 740 106 91 355 316 282 168 130 705 667 118 549 114 496 199
cat_boundaries=0 1 2 3
cat_threshold=4 8 1315
is_linear=0
shrinkage=0.03


Tree=61
num_leaves=31
num_cat=2
split_feature=1 5 5 13 3 1 1 1 2 13 5 5 8 3 1 2 4 4 2 2 0 3 2 5 0 1 6 8 4 6
split_gain=11.946 10.0658 9.15007 9.56299 6.88119 5.47176 7.59945 5.29119 4.965 4.61224 9.27038 4.09971 3.58568 3.49798 3.46599 3.35255 3.19249 3.82982 3.18105 2.6945 3.51251 4.49544 6.93822 5.52926 4.59764 2.97352 2.64511 2.41663 2.32413 1.88119
threshold=0.0042029945179820069 18.396368980407718 51.104207992553718 0 1.1930445432662966 0.0064637907780706891 0.096224866807460799 0.010312102269381286 14.500000000000002 1 48.378511428833015 48.830354690551765 0.1507057920098305 0.43315571546554571 0.0032111828913912181 13.500000000000002 0.0079161461908370274 0.78672158718109142 18.500000000000004 43.500000000000007 14.500000000000002 0.36489431560039526 13.500000000000002 36.596654891967781 5.5000000000000009 -0.057655094191431992 -6.4999999999999991 -0.20218552649021146 8.5312958617578278e-06 -6.4999999999999991
decision_type=2 2 2 9 2 2 2 2 10 9 2 2 8 2 2 10 2 2 10 8 10 2 10 2 10 2 8 10 2 10
left_child=4 -2 5 18 9 8 11 -5 -3 10 -1 13 -8 -7 16 28 -11 -18 -4 20 21 -19 23 24 -23 -26 -15 -22 -13 -6
right_child=1 2 3 7 29 6 12 -9 -10 14 -12 15 -14 26 -16 -17 17 19 -20 -21 27 22 -24 -25 25 -27 -28 -29 -30 -31
leaf_value=0.037389540976986352 0.030205414528599501 -0.0036057105346140386 -0.016698342618287208 0.0085430729165392114 -0.0035276082874270659 0.00045362787752016809 0.025177816929899326 0.034418262173833251 0.038067967818842773 0.016341926239573184 -0.011330069429593123 -0.020867239758754048 -0.0021708637047585968 0.00089558775271986039 -0.030382268143690137 0.023154751209913966 -0.025135783761073352 0.012528767035311002 0.0079470944448789237 0.015662095166278506 0.0043830164938731394 0.017821068192013702 0.019812820218358129 -0.025995495364729771 0.0041811808618903868 -0.027926570485266658 -0.022680526485183695 -0.01932881124833101 0.0094167287925350091 -0.025422594911795979
leaf_weight=6.9224391579627973 12.627670019865034 4.7774860970675928 12.557285424321892 11.956343937665222 4.7495430409908321 10.130406484007834 7.7761582285165769 20.218624323606491 4.2048115879297256 5.0497917905449858 5.6613442078232765 4.0173326283693296 8.2002287581562978 4.8806482329964638 4.1220823004841796 4.2160528227686882 7.7685833163559428 14.498626053333281 6.4843318276107302 4.815849542617797 4.3837424553930786 6.3092729970812824 6.2742215245962134 13.843419827520846 4.3874729163944712 4.6416545547544947 30.107952814549208 19.144322771579027 3.3731848299503326 18.459901623427868
leaf_count=52 63 54 98 72 46 48 39 102 33 67 51 56 53 34 38 34 136 85 43 25 45 58 50 152 39 53 361 237 25 399
internal_value=-0.000260781 0.00563744 0.00309495 0.0129095 -0.00680462 -0.00314053 -0.00592898 0.0194788 0.0177619 -0.00352339 0.00935994 -0.0110518 0.0118395 -0.0150747 -0.00568688 0.00454205 -0.00486933 -0.00628725 -0.00555581 -0.00412376 -0.00561333 -0.00102694 -0.00676174 -0.0129425 -0.000291767 -0.0134634 -0.0194583 -0.0149123 -0.00757007 -0.0212728
internal_weight=276.561 145.529 132.901 51.2166 131.032 81.6843 72.702 32.175 8.9823 107.823 12.5838 56.7256 15.9764 45.119 95.239 11.6066 91.117 86.0672 19.0416 78.2986 73.4827 49.9547 35.456 29.1818 15.3384 9.02913 34.9886 23.5281 7.39052 23.2094
internal_count=2648 1115 1052 315 1533 737 650 174 87 1088 103 558 92 443 985 115 947 880 141 744 719 437 352 302 150 92 395 282 81 445
cat_boundaries=0 1 2
cat_threshold=34 134
is_linear=0
shrinkage=0.03


Tree=62
num_leaves=31
num_cat=0
split_feature=3 1 3 6 2 1 7 1 5 7 2 8 3 0 5 5 2 0 7 7 1 1 5 7 3 2 8 8 5 2
split_gain=12.6284 8.86014 6.75069 7.87827 6.1806 8.02135 5.6403 4.11012 6.88019 4.67652 6.00157 4.05946 3.8515 3.13916 3.08158 9.48608 2.52128 4.27697 2.55565 3.19548 2.46266 5.01556 2.03323 4.68366 1.97638 1.84618 2.02214 1.98038 3.97119 4.19696
threshold=0.56911990046501171 0.090036813169717803 1.1930445432662966 -19.499999999999996 3.5000000000000004 -0.01450296677649021 -0.099180757999420152 0.0099341254681348818 53.265357971191413 0.071715757250785842 6.5000000000000009 -0.20218552649021146 1.1478604078292849 11.500000000000002 18.299908638000492 31.934405326843265 14.500000000000002 12.500000000000002 -0.070510722696781145 -0.13388190418481824 -0.0034629410365596409 0.0010961646912619474 54.730865478515632 -0.21984501928091046 0.20808534324169162 32.500000000000007 0.31745702028274542 0.094659406691789641 31.934405326843265 11.500000000000002
decision_type=2 2 2 8 8 2 10 2 2 10 8 10 2 10 2 2 8 10 10 10 2 2 2 8 2 8 10 8 2 10
left_child=4 2 3 -2 -1 11 -3 12 9 10 -9 -6 22 -13 -7 -16 -4 -18 19 -19 -17 -22 23 -5 -23 26 27 28 29 -25
right_child=1 6 16 7 5 14 -8 8 -10 -11 -12 13 -14 -15 15 20 17 18 -20 -21 21 24 -24 25 -26 -27 -28 -29 -30 -31
leaf_value=-0.013830212948511987 0.028414555313854551 -0.0034582391014670367 -0.02365375025881266 0.020193887951054527 0.014599161478238913 0.032909583997429617 0.033662535589862243 0.011078826048228 0.023744236784052006 0.0089556060990871513 -0.028796968116615834 -0.002053897477618429 0.014411166418875332 -0.028994312914004578 -0.016954073090538774 0.02902000262764785 0.012679894926646142 -0.017037857572368004 -0.025337886587449465 0.018179695102462465 -0.0074701469246389578 0.004376577295191756 -0.028888325076816282 0.024695896723047703 0.019674163995636949 0.0069050478762209874 0.0032659383757646216 -0.023275997680097176 -0.017176629348262838 -0.013970663097562928
leaf_weight=10.301370479166506 5.5930566340684891 6.4774902388453484 24.295290075242519 3.4878014139831066 4.8901188820600536 6.2866453677415839 7.0531138852238637 4.36426129564643 9.2299454733729345 10.849339604377745 9.5404252707958221 8.5186058394610864 4.6864205040037623 6.4346433877944937 8.318232096731661 10.051587894558898 5.3166838176548508 4.4738079495728016 10.113411732017989 3.0348731279373231 8.7425978556275421 10.322869330644606 4.9164201542735091 4.3537948951125234 37.39217846095562 3.7150592431426039 5.4163531400263301 17.802134953439229 18.991300132125616 3.8885159753262997
leaf_count=69 24 45 476 40 34 28 35 38 45 70 99 70 61 81 50 62 57 60 177 36 62 47 56 33 174 31 63 255 251 56
internal_value=-0.000410751 -0.00560011 -0.00767017 -0.00342814 0.00738672 0.00966603 0.0168767 -0.00544798 0.00299902 -0.00535779 -0.0163776 -0.0071544 -0.00969748 -0.0147376 0.0138179 0.0118011 -0.0169949 -0.00924879 -0.0161904 -0.00233987 0.0155953 0.0127417 -0.0117014 -0.00976834 0.0165224 -0.0120287 -0.01353 -0.015577 -0.00989821 0.00691612
internal_weight=278.858 167.599 154.069 106.835 111.259 100.957 13.5306 101.242 33.984 24.754 13.9047 19.8434 67.2578 14.9532 81.1141 74.8275 47.2341 22.9388 17.6221 7.50868 66.5092 56.4576 62.5714 57.655 47.715 54.1672 50.4521 45.0357 27.2336 8.24231
internal_count=2685 2008 1928 1122 677 608 80 1098 252 207 137 185 846 151 423 395 806 330 273 96 345 283 785 729 221 689 658 595 340 89
is_linear=0
shrinkage=0.03


Tree=63
num_leaves=31
num_cat=1
split_feature=1 13 5 5 3 8 1 3 3 1 8 1 0 8 5 7 8 0 5 7 7 1 5 1 3 3 4 7 0 7
split_gain=11.1537 11.1379 14.9617 9.75748 6.3611 6.29857 13.6837 6.62686 5.35105 6.57609 4.20321 3.95414 3.98808 3.92878 8.23069 7.04081 6.6083 3.8602 3.72079 3.64294 3.06429 3.99866 2.65205 2.4291 2.25672 2.93547 2.2133 4.74023 3.1777 4.53857
threshold=0.010312102269381286 0 53.265357971191413 18.396368980407718 0.51978892087936412 -0.22655964642763135 0.090036813169717803 0.89929264783859264 0.56911990046501171 -0.16677708923816678 -0.013741764239966868 -0.01450296677649021 5.5000000000000009 -0.1039389669895172 52.295328140258796 -0.01363668357953429 -0.079580351710319505 7.5000000000000009 51.139064788818366 -0.0014256411814130841 -0.12372096255421637 -0.003209608374163508 37.069194793701179 -0.0098140183836221678 0.84336617588996898 0.72125810384750377 0.98367813229560863 -0.22774737328290937 9.5000000000000018 0.13605728000402453
decision_type=2 9 2 2 2 10 2 2 2 2 8 2 8 10 2 8 10 10 2 10 10 2 2 2 2 2 2 8 10 10
left_child=8 2 3 -2 -5 -6 7 22 11 -10 13 19 -13 18 15 -15 -17 -3 -11 -1 -14 -22 -7 24 25 -12 27 -25 -29 -30
right_child=1 17 -4 4 5 6 -8 -9 9 10 23 12 20 14 -16 16 -18 -19 -20 -21 21 -23 -24 26 -26 -27 -28 28 29 -31
leaf_value=0.0048735373055182668 0.035053868129018881 -0.029743923873468393 0.036427996812355153 0.017226851025137147 -0.029984553083503049 -0.007179084678685211 0.033090286317822452 -0.022266944874635656 0.027058252169638773 -0.023940023956520659 -0.024416267126077407 -0.0071532422908146282 -0.0010529724324131946 0.047790703781817823 -0.025249129501569056 0.019124175590222031 -0.025338754908994274 -0.0032550294599534677 0.0036742319585058177 -0.020221676813819974 0.034139177572466449 0.0081327048890071519 0.019619234879283076 0.02459189551137117 -0.029981176675189118 0.012293310316681759 -0.018089027794949843 -0.021963133983720722 -0.010435024253537855 0.028757898462043689
leaf_weight=8.5002920702099818 8.0210349634289724 8.088662229478361 18.146675638854504 15.417027950286863 6.3702543005347243 5.6399527415633219 7.8164076134562483 15.175607703626154 3.398355819284915 9.6897802166640776 2.9566489160060909 14.735579341650007 12.834252327680586 3.7628215774893761 4.5798583514988414 7.6305432394146928 3.6348244883120069 11.495654385536907 7.0544584505259982 11.239568963646887 7.28840472921729 17.491945646703247 5.9133061617612839 3.3091375194489956 14.339278638362883 3.0056635066866875 19.346494611352682 9.2671924121677929 7.9963865429162961 2.7768899351358414
leaf_count=71 39 61 92 69 67 43 40 215 48 167 43 88 77 38 46 80 63 81 70 116 45 95 38 29 286 40 222 152 124 31
internal_value=-0.000230313 0.00760572 0.0117116 0.00608326 0.00141876 -0.00480664 0.000549189 -0.00981708 -0.00482285 -0.00918625 -0.0106833 0.00143681 0.00573984 -0.0024624 0.00651898 0.0171716 0.00388177 -0.0101688 -0.0127545 -0.00970135 0.0108452 0.0168093 0.00700734 -0.0153145 -0.0238129 -0.00680287 -0.0108211 -0.00430364 -0.010017 0.00125181
internal_weight=276.923 102.085 82.5003 64.3536 56.3326 40.9155 34.5453 26.7289 174.838 102.748 99.35 72.09 52.3502 36.3523 19.608 15.0282 11.2654 19.5843 16.7442 19.7399 37.6146 24.7804 11.5533 62.9977 20.3016 5.96231 42.6961 23.3496 20.0405 10.7733
internal_count=2676 745 603 511 472 403 336 296 1931 1439 1391 492 305 464 227 181 143 142 237 187 217 140 81 927 369 83 558 336 307 155
cat_boundaries=0 1
cat_threshold=1585
is_linear=0
shrinkage=0.03


Tree=64
num_leaves=31
num_cat=0
split_feature=4 1 5 5 1 7 2 8 0 7 7 7 1 2 5 0 2 1 1 7 5 5 7 8 1 8 1 2 2 2
split_gain=8.69861 7.99327 7.74315 7.16463 6.20691 4.61776 4.29601 4.572 2.6333 2.55893 4.92515 4.42445 5.71434 5.96045 2.58271 2.52574 12.2013 10.8839 7.7248 5.28993 4.2534 4.2125 5.29707 4.18642 4.76654 2.694 2.48778 2.15301 2.13447 1.83151
threshold=0.78672158718109142 0.0078605599701404589 50.189250946044929 18.338701248168949 0.090036813169717803 -0.27202127873897547 7.5000000000000009 0.16010808199644092 5.5000000000000009 -0.057835282757878297 -0.099180757999420152 0.074853096157312407 0.002485110424458981 8.5000000000000018 36.665016174316413 14.500000000000002 13.500000000000002 -0.0070486771874129764 -0.0064350664615631095 0.05427804775536061 55.067308425903327 49.86413764953614 0.15411201864480975 0.091267421841621413 0.0028404667973518376 -0.20218552649021146 -0.13210777193307874 7.5000000000000009 14.500000000000002 17.500000000000004
decision_type=2 2 2 2 2 10 10 8 10 8 10 10 2 10 2 10 10 2 2 10 2 2 8 10 2 8 2 10 10 10
left_child=4 15 3 -3 9 -4 -5 28 -7 10 14 -11 26 -14 -1 16 17 21 25 23 -19 22 27 24 -20 -17 -13 -2 -8 -16
right_child=1 2 5 6 -6 8 7 -9 -10 11 -12 12 13 -15 29 18 -18 20 19 -21 -22 -23 -24 -25 -26 -27 -28 -29 -30 -31
leaf_value=0.0041972675998473933 0.035364186826701019 0.025869726622400155 0.0013478161061813139 0.010051610425903223 0.013099905320568867 0.012505805517286687 -0.012239315008661121 -0.028839858551558625 0.033997162457372027 -0.026989652540652876 0.016554286559793314 0.006940600122961816 -0.019519430092675833 0.018847743441342782 -0.027986394771082227 0.00063788908694741931 0.02580284440250397 -0.021892067716503105 -0.018744384549016509 -0.018390350049238086 0.0061182000673296183 -0.012746620306153386 -0.0094712299403078206 0.025860450130412761 0.01784122040306417 -0.029090583424277342 -0.025203383314883952 0.012026707131175301 0.0074261822241881385 -0.0055868407386353352
leaf_weight=6.4211696945130887 6.7309989929199245 8.5968054383993131 8.2886795178055745 13.70476086065173 10.179054275155066 9.5272456854581851 8.202941253781324 7.1801839694380751 17.125736489892006 17.087334889918566 7.0579850859940043 2.1424189433455458 4.6336824819445601 9.4934324212372285 6.8859621360898 3.3869780749082565 14.153156068176029 24.38669961318374 5.7729344144463592 6.6839482076466075 5.5735673084855071 5.4959086626768103 5.43714506924153 8.1588438600301725 5.0898157842457294 12.54822054132819 12.278848905116321 9.6713421717286092 9.826162360608576 6.6970008872449398
leaf_count=98 43 39 38 81 64 45 54 52 80 350 82 44 58 100 128 39 91 205 47 63 41 49 68 57 38 177 246 73 65 64
internal_value=0.000149254 0.00360045 0.0106445 0.00263688 -0.00793944 0.0211564 -0.00301522 -0.0102313 0.027045 -0.0110231 -0.00353354 -0.0152935 -0.00761634 0.00580489 -0.0110718 -0.0015836 0.00184156 -0.00441844 -0.00736598 0.00289216 -0.016652 0.00910427 0.0149204 0.0109156 -0.00154304 -0.0231073 -0.0202877 0.0230855 -0.00169428 -0.0180829
internal_weight=278.419 195.542 82.4525 47.5109 82.8769 34.9417 38.914 25.2093 26.653 72.6978 27.0621 45.6357 28.5484 14.1271 20.0041 113.09 71.4488 57.2957 41.6407 25.7055 29.9603 27.3354 21.8395 19.0216 10.8628 15.9352 14.4213 16.4023 18.0291 13.583
internal_count=2679 1445 454 291 1234 163 252 171 125 1170 372 798 448 158 290 991 570 479 421 205 246 233 184 142 85 216 290 116 119 192
is_linear=0
shrinkage=0.03


Tree=65
num_leaves=31
num_cat=0
split_feature=3 1 2 0 5 0 2 7 2 4 1 0 1 5 7 7 4 5 4 1 0 3 7 1 1 7 7 1 5 1
split_gain=11.4293 10.0909 4.88859 7.09631 4.34428 6.34982 6.93747 5.60766 5.49838 4.24279 3.62709 3.62522 5.59581 6.91538 5.05289 7.12896 7.10422 3.52455 3.38025 3.28656 3.16178 3.607 3.12556 3.10024 2.8036 5.08123 2.62043 2.27208 1.70135 1.58021
threshold=0.37902624905109411 0.004649306647479535 18.500000000000004 26.500000000000004 50.189250946044929 6.5000000000000009 11.500000000000002 -0.012236929498612879 22.500000000000004 0.99713608622550975 0.025003143586218361 12.500000000000002 0.012158233672380449 54.310663223266609 0.20495289564132693 0.074853096157312407 0.97797185182571422 49.762075424194343 0.99458050727844249 0.0068218964152038106 21.500000000000004 0.10164260864257814 0.13196761906147006 0.090036813169717803 -0.0017743911012075839 0.13605728000402453 -0.29463022947311396 -0.028202138841152188 18.113891601562504 -0.01450296677649021
decision_type=2 2 8 10 2 8 8 10 10 2 2 10 2 2 10 8 2 2 2 2 8 2 8 2 2 10 10 2 2 2
left_child=20 4 11 10 5 6 9 8 27 -2 18 12 19 14 15 16 23 -13 -4 -3 21 -1 29 -14 28 -26 -6 -7 -9 -23
right_child=1 2 3 -5 26 7 -8 24 -10 -11 -12 17 13 -15 -16 -17 -18 -19 -20 -21 -22 22 -24 -25 25 -27 -28 -29 -30 -31
leaf_value=-0.0035454294640268756 -0.019464992856606429 0.0062317741108106946 -0.0032190426090992486 -0.010961907436153542 -0.0014052955806347716 0.01087026637024638 0.03750797689465659 -0.0091303920496065057 0.030986190059524427 0.011590817666081676 0.033965666836769014 -0.022299629928456195 -0.026464676415119362 0.035873920358585352 0.0242333227953615 -0.025022317880973009 0.023876457991384617 0.0016322774599313551 0.021881591006220481 -0.017677090900496083 -0.006809416794766235 0.0089628828402503885 -0.0010655369919478146 0.009533060100641021 -0.024551376752817339 0.022296424260402611 -0.024959381681938515 -0.014357430315898192 -0.027655369564758399 0.023644554150029525
leaf_weight=9.0492856949567777 6.1858392618596572 7.2275624349713352 8.5677743181586319 8.6985716894268972 5.3812207877635982 3.757969457656146 4.3510354794561854 7.4399590864777592 3.5088426768779746 7.8471158109605312 8.9074273854494077 11.611430630087854 4.6115111447870758 6.1361209154129019 6.7590743228793135 8.025599613785749 9.4702757820487005 9.647485636174677 9.4361795336008054 14.144030217081307 7.2503486126661292 10.684996437281365 7.3831233605742446 2.8258134871721268 3.0855760239064685 3.2534585632383823 21.729227516800165 9.6117609106004238 19.148131012916565 29.020168423652652
leaf_count=43 113 67 77 75 46 49 29 106 36 68 50 127 86 29 38 82 56 76 46 147 52 81 45 17 53 40 291 125 377 143
internal_value=1.4041e-05 -0.00334291 0.00259354 0.0116842 -0.010525 -0.00632001 0.00842858 -0.0118227 0.00218556 -0.00248301 0.0191346 -0.0015239 0.00232085 0.00917229 0.00306325 -0.00338884 0.00770388 -0.0118537 0.0103958 -0.00967433 0.011086 0.013476 0.0167528 -0.0132785 -0.0188561 -0.000745275 -0.0205004 -0.00700342 -0.0229905 0.0200108
internal_weight=274.757 211.369 116.069 35.61 95.3001 68.1897 18.384 49.8057 16.8786 14.033 26.9114 80.4589 59.2 37.8284 31.6923 24.9332 16.9076 21.2589 18.004 21.3716 63.3879 56.1376 47.0883 7.43732 32.9271 6.33903 27.1104 13.3697 26.5881 39.7052
internal_count=2670 2306 973 248 1333 996 210 786 210 181 173 725 522 308 279 241 159 203 123 214 364 312 269 103 576 93 337 174 483 224
is_linear=0
shrinkage=0.03


Tree=66
num_leaves=31
num_cat=1
split_feature=3 1 2 1 7 5 3 5 0 4 5 1 2 2 9 1 3 3 7 5 7 0 1 3 3 7 7 7 5 1
split_gain=10.452 7.60045 6.17352 6.8116 7.18638 8.62374 5.14673 5.83906 4.55807 4.14876 3.84766 3.79148 4.27339 3.24499 3.90211 3.32539 2.75802 8.26543 3.36299 6.48726 5.82177 2.10421 2.65677 2.10181 2.02666 2.16751 1.60573 2.63785 2.38167 1.56854
threshold=0.61608731746673595 0.00090630701743066322 38.500000000000007 0.012661013286560776 0.15162380784749988 53.948085784912116 0.39033365249633795 52.684926986694343 12.500000000000002 0.25304208695888525 55.067308425903327 0.057946631684899337 10.500000000000002 13.500000000000002 0 0.008883418049663307 0.76955345273017894 0.79398015141487133 -0.057835282757878297 18.211490631103519 -0.087761078029870973 14.500000000000002 0.017115097492933277 1.1601242423057558 0.50140693783760082 -1.0000000180025095e-35 -0.21984501928091046 -0.26374104619026179 50.724925994873054 -0.0056721041910350314
decision_type=2 2 8 2 10 2 2 2 10 2 2 2 10 8 9 2 2 2 8 2 10 8 2 2 2 10 10 10 2 2
left_child=1 6 3 16 5 11 7 8 -1 -4 13 -5 -13 14 15 -3 -2 -18 20 23 26 -15 -23 -20 -8 -26 27 -19 -28 -21
right_child=2 10 9 4 -6 -7 24 -9 -10 -11 -12 12 -14 21 -16 -17 17 18 19 29 -22 22 -24 -25 25 -27 28 -29 -30 -31
leaf_value=0.024591516955997161 -0.021068185302952725 -0.0040498327542079337 -0.0022717967223859058 -0.019296000648080593 0.02307322313176052 0.024795543034526989 -0.023997127675868996 -0.018888639122917487 -0.0020127084104475811 0.029389440661845141 0.030030663462092613 -0.01578856091713584 0.018386277097338546 0.027769971844638121 -0.011109003461853362 0.019771979240670357 0.034244917514040581 -0.013014434013077262 0.026968024777979729 -0.027892749067374167 0.019728015314796812 0.0024362419914112469 0.023126129066176292 -0.0060913325808368167 0.0094698753366109882 -0.01508324982482042 -0.0028771500737652914 0.017451805051003678 -0.029215472675607767 -0.013759606463247375
leaf_weight=12.301331602036958 19.195734202861786 8.1822931393980998 6.9854832142591459 17.560399126261476 10.937192004173992 6.6414488777518264 8.1944004148244876 5.6594700440764418 10.022116661071776 6.6671525239944458 9.9261434972286207 5.2045939266681653 6.0415732003748417 10.138362362980841 10.423218160867693 12.486251942813395 2.958374671638011 5.0687239058315754 2.8569069467484942 15.501544719561929 6.9511082358658305 14.16025520116091 8.526005417108534 2.5902096629142761 4.8901573643088341 6.334493834525345 6.092729739844799 3.4211248271167314 5.8210478909313679 19.48357388749719
leaf_count=73 234 45 46 217 71 36 89 41 84 34 44 51 40 49 53 60 33 73 27 357 76 70 40 56 41 69 96 38 81 328
internal_value=0.000851385 0.00736938 -0.00443174 -0.00638109 0.00291797 -0.00376319 -0.00199085 0.00618044 0.0130734 0.0141402 0.0133243 -0.0109585 0.00257278 0.0103072 0.00319592 0.0105897 -0.0111562 -0.00821061 -0.0105344 -0.015929 -0.00228011 0.0167495 0.01086 0.0127412 -0.0134917 -0.00448675 -0.0103492 -0.000192247 -0.0170118 -0.020623
internal_weight=271.223 121.244 149.979 136.326 46.3852 35.448 47.402 27.9829 22.3234 13.6526 73.8425 28.8066 11.2462 63.9164 31.0918 20.6685 89.9411 70.7453 67.787 40.4322 27.3547 32.8246 22.6863 5.44712 19.4191 11.2247 20.4036 8.48985 11.9138 34.9851
internal_count=2652 758 1894 1814 415 344 397 198 157 80 361 308 91 317 158 105 1399 1165 1132 768 364 159 110 83 199 110 288 111 177 685
cat_boundaries=0 1
cat_threshold=4
is_linear=0
shrinkage=0.03


Tree=67
num_leaves=31
num_cat=1
split_feature=4 1 13 7 7 7 8 8 7 7 2 8 2 1 1 0 2 1 0 8 7 1 1 2 1 4 1 8 4 4
split_gain=9.73873 8.25742 5.31214 15.4203 7.69987 7.55631 4.66918 8.01585 5.22359 8.03295 4.40311 4.40094 5.40471 6.60866 4.30668 3.8481 5.91988 3.94697 3.76585 3.13155 3.94755 3.63331 2.87183 2.29307 5.16861 7.07645 7.20842 2.42607 1.88192 1.82305
threshold=4.5639297896471482e-11 0.00090630701743066322 0 0.039807986468076713 0.039533829316496856 0.068603541702032103 0.2960518896579743 0.26787450909614569 -0.0014256411814130841 -0.018012063577771183 17.500000000000004 0.03061280865222216 15.500000000000002 -0.01450296677649021 -0.0042248512618243686 12.500000000000002 15.500000000000002 0.017640627920627597 7.5000000000000009 0.075463313609361662 0.15651877969503405 0.027807219885289673 -0.0013311993097886441 30.500000000000004 0.011112705804407598 0.99999704957008373 0.0068218964152038106 0.19210744649171832 0.99999842047691356 0.96400424838066112
decision_type=2 2 9 8 8 10 8 10 10 8 10 8 10 2 2 8 8 2 10 8 10 2 2 10 2 2 2 10 2 2
left_child=15 6 3 -3 23 -6 7 8 9 14 19 12 13 18 29 16 17 -1 -10 20 -7 -21 -16 24 25 -4 -27 28 -26 -2
right_child=1 2 4 -5 5 10 -8 -9 11 -11 -12 -13 -14 -15 22 -17 -18 -19 -20 21 -22 -23 -24 -25 27 26 -28 -29 -30 -31
leaf_value=-0.021368598556288605 0.0029169166608127304 -0.026132728735633375 -0.017808656247482495 0.029702435740998161 -0.020282888155156904 -0.023238054901937276 -0.023697653594193752 0.031022870504650357 0.015877462917697652 0.036278472787131248 0.025357292955335085 -0.022635483119608245 -0.024996503762591424 0.030767613682968889 0.02470799145384267 -0.022669758742482463 0.0257995192167393 0.0088435820179373296 -0.017732767675823213 -0.00035075425518843868 0.0076359231834244442 0.025640111428173799 -0.0030128173672988733 0.031556841607382827 0.012613951266918225 0.026068995050396841 -0.0094036981085530436 0.010352779933468784 0.033470766534825398 -0.016375593732093522
leaf_weight=10.884239774197342 5.9874360673129567 13.253889851272104 8.1414448060095328 5.5261490941047695 10.467348739504812 6.8883369341492671 8.5657768845558149 5.3074943348765364 3.5974755100905913 4.8636792898178092 8.3490861691534501 16.988952413201329 5.9724046960473052 5.3789991438388887 5.9886013828217983 17.973904510959983 3.8685443624854079 5.1090986356139174 7.9620410371571779 12.887106347829102 6.3521028906106949 6.7272780314087859 6.1111318282783049 7.7753681242465964 7.414067219942809 13.469808280467989 7.3583236783742896 13.361263021826742 15.422724470496178 13.285839188843966
leaf_count=247 81 98 109 33 107 58 126 58 33 37 50 232 90 43 43 295 39 60 97 96 36 32 58 43 68 80 43 78 77 137
internal_value=0.000929226 0.00323127 0.00768139 -0.005999 0.00949605 0.00133971 -0.0038647 -0.00151665 -0.00415776 0.0040395 0.00718311 -0.0115192 -0.00267429 0.00615107 -0.00192468 -0.0129893 -0.00356234 -0.0117648 -0.00684147 0.00195209 -0.00893017 0.00937488 0.011546 0.0164618 0.0142111 0.00453184 0.0136802 0.0216273 0.0275128 -0.0105339
internal_weight=271.24 233.404 143.394 18.78 124.614 51.6713 90.0098 81.4441 76.1366 36.2367 41.2039 39.8999 22.9109 16.9385 31.373 37.8358 19.8619 15.9933 11.5595 32.8548 13.2404 19.6144 12.0997 72.943 65.1676 28.9696 20.8281 36.1981 22.8368 19.2733
internal_count=2684 2043 1008 131 877 379 1035 909 851 356 272 495 263 173 319 641 346 307 130 222 94 128 101 498 455 232 123 223 145 218
cat_boundaries=0 1
cat_threshold=66
is_linear=0
shrinkage=0.03


Tree=68
num_leaves=31
num_cat=0
split_feature=4 6 8 8 4 4 5 8 0 5 5 8 7 5 7 4 8 0 8 7 5 0 2 8 4 0 2 0 0 8
split_gain=7.50975 4.38855 3.94651 5.95629 6.91689 3.89002 3.60191 5.64103 5.19701 3.63434 3.42554 3.47759 3.34569 3.26529 4.02262 2.91412 2.66511 2.6638 2.81089 2.70253 4.1134 3.45233 2.38411 2.19821 2.11503 8.25796 3.68206 3.58885 3.22245 4.13897
threshold=0.99997916817665111 -19.499999999999996 0.14918269217014316 0.22544571757316592 0.25937323272228247 0.99999853968620311 35.133117675781257 0.1020694635808468 5.5000000000000009 36.596654891967781 53.713888168334968 0.41500657796859747 0.2159242853522301 18.338701248168949 0.0020866339327767496 5.6489232520107187e-05 0.1116263195872307 9.5000000000000018 0.23877459019422534 0.079775385558605208 53.983249664306648 17.500000000000004 23.500000000000004 -0.079580351710319505 4.5639297896471482e-11 8.5000000000000018 8.5000000000000018 11.500000000000002 20.500000000000004 -0.11536423489451407
decision_type=2 10 10 10 2 2 2 10 10 2 2 8 8 2 10 2 8 10 8 8 2 10 10 8 2 10 8 10 10 10
left_child=2 -2 16 4 15 -3 7 13 9 -8 11 12 -5 -7 -15 -4 24 18 -10 20 21 -19 -23 -21 25 26 -1 -26 29 -29
right_child=1 5 3 10 -6 6 8 -9 17 -11 -12 -13 -14 14 -16 -17 -18 19 -20 23 -22 22 -24 -25 27 -27 -28 28 -30 -31
leaf_value=-0.0075666806867669793 0.023704576803861777 0.023916342696542442 0.013558791101458833 -0.026869156041958976 -0.017547565726835759 0.016814424708700444 0.013557854770159495 -0.016811523441398579 0.029584213338247935 -0.012376721002673469 0.012724070067837373 0.0071410791748439976 0.0046155246073695845 0.011271739563319958 -0.013105261790903201 0.045940749972394106 -0.028310165873388363 0.00037782239855612066 0.0044121776170305237 0.0057586786231661694 -0.0049407288675638646 0.033554910172915314 0.0088836943227379138 -0.017896142513960642 -0.014552128700513336 -0.029037590773748973 0.030872772157011182 0.031605916767808842 -0.010804835009936979 1.2604593002841715e-05
leaf_weight=4.7993170190602568 8.284866049885748 6.2107544355094424 9.6192798558622616 12.389628080651159 3.9304427020251742 9.5251306816935521 5.4647439867258099 20.378573410212994 9.3415209725499135 19.628420162945986 4.859040316194295 5.1200203560292765 3.5870058182627007 9.364658936858179 13.879882361739872 3.2456548511981955 6.2422784920781842 8.0964959561824816 7.1638191044330624 6.4666438102722168 11.191339902579783 9.2425098642706889 6.8220912516117087 5.9393361508846265 17.365517839789391 14.024622939527033 2.7740904819220304 4.6982843540608874 8.8391957115381938 10.817847654223444
leaf_count=91 39 60 130 199 47 67 31 173 54 141 35 64 49 63 114 32 102 72 51 40 69 56 38 53 221 249 42 51 104 140
internal_value=-0.000548956 0.00367992 -0.00644079 0.000735381 0.01419 0.00241348 0.0013162 -0.00481289 0.00497461 -0.0064256 -0.00817423 -0.0133456 -0.0199449 0.00292561 -0.00322452 0.0244526 -0.0107991 0.00945632 0.019535 0.00564393 0.00980342 0.0165578 0.0242124 -0.0060562 -0.00865941 -0.0160918 0.00847213 -0.00452519 0.00291606 0.0109135
internal_weight=269.313 157.001 112.312 42.7511 16.7954 148.716 142.505 53.1482 89.3569 25.0932 25.9557 21.0967 15.9766 32.7697 23.2445 12.8649 69.5612 64.2638 16.5053 47.7584 35.3524 24.1611 16.0646 12.406 63.3189 21.598 7.57341 41.7208 24.3553 15.5161
internal_count=2677 1121 1556 556 209 1082 1022 417 605 172 347 312 248 244 177 162 1000 433 105 328 235 166 94 93 898 382 133 516 295 191
is_linear=0
shrinkage=0.03


Tree=69
num_leaves=31
num_cat=0
split_feature=3 1 1 8 6 6 7 0 3 2 8 2 5 7 8 8 4 2 7 7 0 7 0 3 1 1 6 8 1 3
split_gain=11.0009 6.62524 5.60466 8.8642 6.25786 4.72006 4.49082 4.19233 6.53221 3.9655 3.7607 4.93923 3.6952 6.31076 3.82367 3.35328 3.30954 3.73129 4.4498 3.09473 3.24893 2.79434 2.49131 2.10909 1.96704 1.75785 1.63413 5.97134 1.24937 1.19546
threshold=0.56911990046501171 0.0010961646912619474 0.016444201581180099 -0.22655964642763135 -3.4999999999999996 1.0000000180025095e-35 0.15162380784749988 6.5000000000000009 1.0052141547203066 5.5000000000000009 0.080326158553361907 24.500000000000004 52.684926986694343 0.052782483398914344 -0.025473586283624169 0.25266480445861822 7.9861507401801659e-05 6.5000000000000009 0.11404158174991609 0.039533829316496856 10.500000000000002 -0.11735984683036803 11.500000000000002 0.21726321429014209 -0.012223896104842423 0.0099341254681348818 -1.0000000180025095e-35 0.011566820554435255 0.0077926099766045817 0.81950867176055919
decision_type=2 2 2 10 10 8 10 8 2 8 8 10 2 8 8 10 2 10 10 8 10 8 10 2 2 2 10 8 2 2
left_child=1 12 4 -4 7 6 19 -2 -9 -3 11 16 13 22 -15 -12 -6 -18 25 20 -5 -17 -1 -11 -24 -19 -25 -28 -10 -23
right_child=2 9 3 5 10 -7 -8 8 28 23 15 -13 -14 14 -16 21 17 18 -20 -21 -22 29 24 26 -26 -27 27 -29 -30 -31
leaf_value=0.022682827865291157 0.0235315740718577 0.00031407351933655857 -0.028569184081072813 0.0019744244306075004 -0.021875796259556518 -0.012652074997470876 0.03417580542702494 0.014985328793601994 -0.023601157397198907 0.0058115678622253798 -0.02598425963071218 0.021891162831451486 -0.017782600676891039 0.0069877005164233506 -0.026724605778164417 0.0095714007360743394 0.01332107398438576 -0.023597691424625387 0.0091783891882457128 -0.0071471449038228111 0.029529383730822423 -0.0038877270035560674 -0.0099530053976396166 0.029857090165326512 0.013404717648812974 0.0002411302626203308 0.030069879924573748 0.0021060793034291918 -0.0012307997717474553 -0.021080449212209834
leaf_weight=10.060179427266123 6.6462939046323326 15.877389274537562 5.1623226627707473 8.0902386233210581 11.551157964393495 5.8636464960873118 7.3152712956070891 9.4115891978144663 7.5927778445184213 12.01546837389469 22.280220750719309 4.3059670086950055 8.887946203351019 4.3407116644084454 6.9393611177802068 4.940122477710247 7.851229045540097 11.663396624848248 7.0823240540921679 7.5978786386549499 6.6277398243546477 6.4467790611088303 5.2937922924756968 12.709258288145064 5.7364296950399893 3.5426174104213706 12.282233029603962 14.57936297357082 3.197615209966898 9.3521948643028718
leaf_count=60 59 78 57 66 269 57 38 66 110 56 396 56 74 40 79 55 79 166 73 71 48 80 56 57 35 28 56 74 28 169
internal_value=0.000458324 0.00774966 -0.0046234 0.00487382 -0.00796919 0.0103873 0.0152107 0.00459578 -0.00245 0.0134738 -0.0117679 -0.00561856 -0.00170751 0.00310685 -0.0142391 -0.0180658 -0.00890609 -0.0033925 -0.00959918 0.0077947 0.0154721 -0.00875495 0.0126088 0.0174411 0.00229903 -0.0183717 0.0207421 0.0155126 -0.0176386 -0.014714
internal_weight=265.244 108.722 156.521 40.6571 115.864 35.4948 29.6311 26.8483 20.202 67.4637 89.016 45.9967 41.2584 32.3705 11.2801 43.0193 41.6907 30.1396 22.2883 22.3159 14.718 20.7391 21.0904 51.5863 11.0302 15.206 39.5709 26.8616 10.7904 15.799
internal_count=2636 665 1971 337 1634 280 223 263 204 321 1371 671 344 270 119 700 615 346 267 185 114 304 151 243 91 194 187 130 138 249
is_linear=0
shrinkage=0.03


Tree=70
num_leaves=31
num_cat=0
split_feature=4 1 7 5 5 5 5 6 7 1 2 5 5 2 1 0 8 6 2 7 7 2 5 2 5 8 1 7 5 1
split_gain=8.01523 8.07765 5.54429 5.51132 7.6873 4.41719 5.26227 5.54085 4.29083 8.38283 4.28113 4.25262 6.89366 5.73941 4.87174 3.41869 3.37603 3.62357 3.32645 6.40005 2.82521 4.12927 5.45107 4.10797 5.06501 4.03073 3.20562 2.81599 2.5832 2.52912
threshold=0.9999835491180421 0.00090630701743066322 -0.21984501928091046 48.378511428833015 36.431882858276374 55.054483413696296 18.338701248168949 -4.4999999999999991 -0.13388190418481824 0.090036813169717803 14.500000000000002 49.21080398559571 53.983249664306648 7.5000000000000009 0.0082698799669742602 11.500000000000002 -0.014709395356476305 1.0000000180025095e-35 24.500000000000004 -0.034482209011912339 0.088134810328483595 8.5000000000000018 48.830354690551765 5.5000000000000009 37.619201660156257 0.076101142913103118 0.002485110424458981 -0.11073799058794974 18.001482009887699 0.0073604967910796413
decision_type=2 2 8 2 2 2 2 8 10 2 10 2 2 10 2 8 10 10 10 10 10 10 2 10 2 10 2 8 2 2
left_child=2 3 10 4 16 6 -3 -8 -4 18 -1 13 14 -9 -13 -6 17 -2 20 -20 23 -22 25 24 -10 26 28 -25 -23 -21
right_child=1 5 8 -5 15 -7 7 11 9 -11 -12 12 -14 -15 -16 -17 -18 -19 19 29 21 22 -24 27 -26 -27 -28 -29 -30 -31
leaf_value=-0.0075196002461294714 0.01380201670999961 0.026782847045147763 -0.027707372221410825 -0.017857153817905078 0.033892648172922535 0.025666290747157375 0.021501467839658586 0.0072313953482320342 0.02179329084342051 0.024286382314751588 0.022186890430982101 0.0024855671282275329 -0.0087987501571073611 -0.015822537807964408 0.034378170239456329 0.0033417986748736526 -0.016891109068394514 -0.016453466108412293 0.025875662942438885 -0.027012413695230691 -0.019348846057004987 0.01227496619605703 0.027720259609801394 0.0054614888578613874 -0.017746048308940016 -0.026471507383938716 0.023794980603752781 -0.02771908279544082 -0.023920496557207387 0.0058075732645178398
leaf_weight=7.1651854589581481 9.1263273283839208 9.2672684937715513 9.4907763078808767 18.756454780697823 6.3314507156610462 11.690408103168009 12.335432782769201 16.02847496047616 3.9020595625042898 6.0933741480112067 8.8133708089590055 7.8147286847233834 11.230994164943693 22.024912279099226 9.0956055372953397 6.4310448095202455 14.591551531106234 4.523505613207818 5.5047446042299271 4.1387639585882408 10.86716345511377 2.2922573052346724 4.7874602302908889 2.2200604025274515 6.209331639111042 4.7155731935054055 3.6592087857425213 22.608598958700899 3.1134527307003736 3.0834425762295723
leaf_count=86 66 44 134 175 38 57 63 93 54 33 78 52 59 149 42 60 183 59 43 73 162 34 52 38 98 98 40 430 71 23
internal_value=-0.000448901 0.00382948 -0.00669661 -0.00483793 0.00140081 0.00903215 0.00655318 0.00385915 -0.00950739 -0.00712674 0.00920745 0.000300435 0.00896873 -0.00617547 0.0206014 0.0198594 -0.00733466 0.00333676 -0.00988849 0.00387698 -0.0126276 -0.00550691 0.00316908 -0.0183062 -0.00189941 -0.00665861 0.00525412 -0.0246557 -0.00905184 -0.0139981
internal_weight=267.913 159.248 108.665 59.7603 41.0039 99.4878 87.7974 78.5301 92.6863 83.1955 15.9786 66.1947 28.1413 38.0534 16.9103 12.7625 28.2414 13.6498 77.1021 12.727 64.3752 29.4351 18.568 34.9401 10.1114 13.7805 9.06492 24.8287 5.40571 7.22221
internal_count=2687 1140 1547 581 406 559 502 458 1383 1249 164 395 153 242 94 98 308 125 1216 139 1077 457 295 620 152 243 145 468 105 96
is_linear=0
shrinkage=0.03


Tree=71
num_leaves=31
num_cat=0
split_feature=3 1 2 1 7 1 2 8 7 7 5 3 5 8 1 5 3 7 7 2 5 1 0 8 1 2 5 5 2 8
split_gain=9.10491 5.43336 5.9128 4.61394 9.61492 7.19737 6.10871 5.00685 4.51569 4.4909 4.41042 4.15659 4.52725 6.05854 3.95488 7.68178 7.89419 7.33771 4.34649 3.73411 3.58888 3.46434 3.03173 2.72772 3.72801 2.49578 2.34699 1.87157 1.59973 2.13522
threshold=0.56911990046501171 -0.024276271462440487 3.5000000000000004 0.0077926099766045817 0.15162380784749988 -0.17497552186250684 17.500000000000004 0.10518581420183183 0.23306074738502505 -0.22774737328290937 32.233697891235359 0.37902624905109411 37.387369155883796 0.043321570381522186 -0.036464376375079148 38.204950332641609 0.93146109580993663 -0.01363668357953429 0.0080776116810739058 8.5000000000000018 55.067308425903327 0.070295058190822615 21.500000000000004 0.17623112350702289 0.010496200062334539 31.500000000000004 50.09978103637696 53.092546463012702 11.500000000000002 -0.084662996232509599
decision_type=2 2 8 2 10 2 10 8 10 8 2 2 2 10 2 2 2 10 10 8 2 2 10 8 2 10 2 2 10 10
left_child=1 10 -3 5 6 -2 20 14 -6 -9 -1 19 -13 -14 28 16 -16 -18 25 -4 21 27 -8 24 -21 -17 -15 -5 29 -7
right_child=3 2 11 4 8 7 22 9 -10 -11 -12 12 13 26 15 18 17 -19 -20 23 -22 -23 -24 -25 -26 -27 -28 -29 -30 -31
leaf_value=0.0040232991501667993 0.030751941870286872 -0.01102284063179596 0.029850184092048367 -0.025277046798189262 0.039552224454330348 0.010416926572361648 0.018738389811411595 0.005882323322495147 0.0067487977599694571 -0.023579394964001167 -0.028430798403343113 -0.010577094436439826 -0.003380576271870485 0.035660055220025917 -0.0076734151590951176 -0.025565368313696657 0.058679626540308838 0.0045897575661576423 0.0068402401470145533 0.0056307581345749645 0.012857763706865999 0.0004170490419540365 -0.0045484583909429725 -0.0035948433903401048 0.030893112969924807 0.0037189230740105024 0.01091191055864393 -0.0035928860394768562 -0.027484047346120592 -0.019389650477651534
leaf_weight=8.6949614658951742 3.1017826236784449 9.9498819559812528 16.536961562931538 17.309675345197327 6.4510077945888034 3.1437123585492373 11.319523815065624 5.1221361942589283 8.6911360658705217 28.203084936365485 5.3806438334286204 10.84244743734598 13.271393872797491 6.9940617531538001 6.3490974754095069 11.178011642768981 4.1763219833374015 4.3294367976486674 8.3353435825556499 12.698770947754388 4.1609945110976687 9.7547186836600286 7.9566384851932517 7.5628016069531432 8.7097969949245435 3.0407731942832461 8.3587896302342397 4.9108073301613322 6.301922395825386 3.6907940302044135
leaf_count=81 44 65 77 259 38 51 82 51 61 503 68 68 74 37 69 177 47 70 105 75 25 72 76 39 46 21 47 45 140 65
internal_value=0.000829229 0.00745803 0.0100369 -0.00377567 0.00191475 -0.0083612 -0.00395477 -0.010153 0.0223085 -0.0190116 -0.00944579 0.0126023 0.00528056 0.0114415 -0.00405688 0.00102478 0.0171438 0.034527 -0.00986884 0.018702 -0.0111268 -0.0145432 0.00937599 0.011555 0.0168284 -0.0194699 0.0236773 -0.0208459 -0.0175769 -0.0060997
internal_weight=266.527 109.001 94.9249 157.527 70.5545 86.9724 55.4124 83.8706 15.1421 33.3252 14.0756 84.975 39.4667 28.6242 50.5454 37.409 14.8549 8.50576 22.5541 45.5083 36.1362 31.9752 19.2762 28.9714 21.4086 14.2188 15.3529 22.2205 13.1364 6.83451
internal_count=2678 677 528 2001 658 1343 559 1299 99 554 149 463 226 158 745 489 186 117 303 237 401 376 158 160 121 198 84 304 256 116
is_linear=0
shrinkage=0.03


Tree=72
num_leaves=31
num_cat=2
split_feature=4 13 10 7 5 5 8 8 5 2 2 8 8 8 7 5 7 2 7 8 2 8 4 4 5 7 7 8 4 8
split_gain=7.59582 6.51045 7.9807 6.40477 7.63636 5.00047 4.66851 7.29107 4.15655 4.53794 5.13017 4.08774 4.05383 12.5248 3.27107 3.09955 4.35356 4.30613 4.11745 2.92845 2.82845 2.68244 2.42917 2.23667 2.7128 2.14362 2.01703 1.94738 1.82945 2.71002
threshold=0.78672158718109142 0 1 0.20495289564132693 54.477664947509773 31.885633468627933 0.2233407720923424 0.060492698103189475 38.472324371337898 7.5000000000000009 19.500000000000004 -0.10662534832954405 0.14918269217014316 0.22544571757316592 0.2159242853522301 38.204950332641609 -0.066117975860834108 4.5000000000000009 -0.13388190418481824 0.03061280865222216 9.5000000000000018 0.19056802988052371 0.99999985098838817 0.11506668478250505 17.80491924285889 0.088134810328483595 0.089925631880760207 0.44269643723964697 0.99999797344207775 0.17623112350702289
decision_type=2 9 1 8 2 2 10 10 2 10 10 10 10 8 10 2 10 10 10 8 8 10 2 2 2 10 10 10 2 10
left_child=12 2 28 4 5 20 7 -4 9 -7 -11 -10 15 21 27 16 18 -18 -1 -5 -3 25 -13 24 -19 -14 -17 -15 29 -2
right_child=1 3 6 19 -6 8 -8 -9 11 10 -12 22 13 14 -16 26 17 23 -20 -21 -22 -23 -24 -25 -26 -27 -28 -29 -30 -31
leaf_value=-0.0095432642306784842 0.012243149788309053 -0.031040492329832341 -0.017569569908992382 -0.0013593941566333798 -0.02995972215247833 0.026601791145873393 -0.026490552449160987 0.017623241468172877 0.022128412810232399 -0.0073158171891820325 0.02211463461171926 -0.022327748405532324 -0.0079990737323924616 -0.028323794200573266 0.008488269040288739 -0.02624995424547813 0.016468242889098567 0.0039509878207346499 0.029128584940117878 -0.031949736485887274 0.00011328670788590964 0.034460491665019591 -0.0012293982588291537 0.0014465195406901795 -0.029842420416633111 0.021791649647082467 -0.0031030768869717029 0.00081704440994335135 0.012234351529430705 0.038170179744271268
leaf_weight=3.9680321998894215 9.8981071114540118 4.4157290458679173 9.0752337500453049 4.2827722020447236 5.7490634508430949 13.175283137708901 6.7901477329432955 10.177625242620705 4.5167717076838043 12.810969375073912 7.7350934632122508 5.4271480105817345 3.6145746633410436 10.04145114682615 3.2555025443434706 15.76581345498562 2.9204619005322483 2.3254185542464283 4.2708852924406546 7.7776717506349087 5.071869559586049 6.463335307314992 21.383992072194815 3.7317187692970029 11.307643342763184 3.2978549879044294 4.6124460734426966 2.47068241611123 54.456696949899197 6.5150030739605418
leaf_count=55 73 29 70 31 38 79 57 73 32 135 52 61 62 172 50 284 38 40 52 82 57 76 170 48 247 40 59 32 369 36
internal_value=0.000303412 0.00354984 0.00845457 -0.00229294 0.000623214 0.00334749 -0.0050319 0.000985958 0.00636309 0.013514 0.00427618 -0.00151402 -0.0075144 0.0013322 -0.0163278 -0.0127076 -0.00598227 -0.0132835 0.0114864 -0.0220227 -0.0159635 0.0218378 -0.00614943 -0.0189116 -0.0242021 0.00717163 -0.0214011 -0.0229349 0.0134207 0.0241356
internal_weight=267.305 189.259 96.9128 92.3464 80.2859 74.5369 26.043 19.2529 65.0493 33.7213 20.5461 31.3279 78.0458 29.1434 15.7676 48.9024 28.5242 20.2852 8.23892 12.0604 9.4876 13.3758 26.8111 17.3648 13.6331 6.91243 20.3783 12.5121 70.8698 16.4131
internal_count=2699 1444 678 766 653 615 200 143 529 266 187 263 1255 432 254 823 480 373 107 113 86 178 231 335 287 102 343 204 478 109
cat_boundaries=0 1 2
cat_threshold=1617 12
is_linear=0
shrinkage=0.03


Tree=73
num_leaves=31
num_cat=3
split_feature=3 6 13 1 5 7 9 0 6 5 1 5 5 1 3 1 1 8 9 3 1 8 7 8 8 1 5 7 1 5
split_gain=7.51463 5.5069 5.25944 9.50284 4.87928 6.08692 5.61707 5.258 4.66328 3.97264 3.7292 3.68998 6.25145 3.41356 3.33095 6.42088 5.2936 4.1894 3.22391 3.14636 4.25019 2.98173 4.10716 2.81578 2.65734 2.00135 1.86293 1.84893 2.9181 2.91063
threshold=0.94673538208007824 -6.4999999999999991 0 0.0077926099766045817 51.104207992553718 0.20405811071395877 1 14.500000000000002 -5.4999999999999991 41.137786865234382 0.047635944560170181 51.104207992553718 30.737538337707523 0.096224866807460799 0.70247420668602001 -0.013388899154961107 -0.0017743911012075839 0.043321570381522186 2 0.75283172726631176 -0.0073417301755398503 0.18794573843479159 0.090980250388383879 0.080326158553361907 -0.20218552649021146 0.0071704010479152211 50.189250946044929 -0.066932357847690568 -0.13210777193307874 37.968566894531257
decision_type=2 10 9 2 2 8 9 10 8 2 2 2 2 2 2 2 2 10 9 2 2 10 10 10 10 2 2 8 2 2
left_child=2 25 3 14 5 6 -4 8 -8 -7 24 12 -5 27 15 -1 -16 -17 -19 20 -10 22 -22 -6 -9 -2 -26 29 -29 -3
right_child=1 13 4 11 23 9 7 10 19 -11 -12 -13 -14 -15 16 17 -18 18 -20 -21 21 -23 -24 -25 26 -27 -28 28 -30 -31
leaf_value=-0.023650170002099714 -0.0037309461556006194 0.0051875877362656817 0.031411478704910512 0.029810334700812298 -0.0053225810823363355 -0.031489961758156035 -0.014470288048142259 0.0056128411183116161 0.024503232609607829 0.0024242757576744228 0.01269919422756096 0.029467002931302787 -0.0050054073525260248 0.0077597814517582474 0.032088892500249662 -0.011145950637999646 -0.0053202191212986839 0.00024353560429217524 0.02613473890043937 0.031525480169706119 0.0092982422653579821 0.014706542475335113 -0.021859517537085035 -0.028952339518862304 -0.028283568262151962 0.01696459342425 -0.0012364033468615916 0.009534842882712679 -0.020193540102539542 -0.015963205692024963
leaf_weight=9.9442637115716916 6.9949986524879924 10.036995191127064 5.527863312512638 6.9708072245121029 11.678837653249504 6.5790941938757879 6.0242196395993233 3.4692400433123174 8.5768601596355456 5.0432496331632137 4.3268064185976973 18.725640550255775 10.545941937714813 6.7837174087762824 5.6615505777299404 9.8926135152578372 6.4686622694134694 9.0829077921807766 7.3018252551555642 5.5276234969496718 6.2366906180977839 7.268259208649396 7.3051657229661942 7.080876760184764 9.7107605859637243 8.5191648565232736 3.0358064845204344 2.668142966926097 34.334787743166089 11.888353100046514
leaf_count=105 70 145 34 37 71 70 55 35 58 44 20 89 69 42 60 61 60 62 39 55 44 53 45 55 140 53 30 59 706 196
internal_value=-0.000189852 -0.0077224 0.003196 0.00809967 -0.00174792 0.00140629 0.0049405 0.00209582 0.00825362 -0.0177475 -0.00998937 0.0204357 0.00971122 -0.0114918 0.000267593 -0.00432063 0.0132539 0.0035932 0.0126215 0.0124682 0.00796404 0.000336499 -0.00785721 -0.0152555 -0.0164293 0.00797254 -0.0224004 -0.0138006 -0.0178554 -0.00647685
internal_weight=263.212 81.2262 181.986 84.5942 97.3914 78.6316 67.0093 61.4814 40.9388 11.6223 20.5426 36.2424 17.5167 65.712 48.3518 36.2216 12.1302 26.2773 16.3847 34.9146 29.387 20.8101 13.5419 18.7597 16.2158 15.5142 12.7466 58.9283 37.0029 21.9253
internal_count=2662 1271 1391 582 809 683 569 535 310 114 225 195 106 1148 387 267 120 162 101 255 200 142 89 126 205 123 170 1106 765 341
cat_boundaries=0 1 2 3
cat_threshold=1553 1 1
is_linear=0
shrinkage=0.03


Tree=74
num_leaves=31
num_cat=2
split_feature=4 1 5 5 6 1 5 1 6 13 0 7 1 7 7 3 7 3 5 5 0 1 3 7 9 1 6 4 4 5
split_gain=8.41072 8.51036 5.50272 6.39112 4.86877 4.69099 3.81261 3.63115 6.63413 4.13548 4.22502 3.51187 3.71751 3.42099 6.00801 4.18112 4.67047 4.47292 3.12268 6.42632 2.915 2.67542 2.52674 2.10389 1.93861 1.7854 1.71397 2.17501 3.61176 2.94009
threshold=0.78672158718109142 0.090036813169717803 18.338701248168949 32.798503875732429 -6.4999999999999991 0.027807219885289673 17.494922637939457 0.014561230782419445 -4.4999999999999991 0 7.5000000000000009 0.20405811071395877 -0.035899883136153214 -0.093571562319993959 -0.14382754266262052 0.70247420668602001 0.039533829316496856 0.50797259807586681 54.310663223266609 42.002428054809577 14.500000000000002 0.00090630701743066322 0.37902624905109411 0.0020866339327767496 1 -0.00040439529402647162 1.5000000000000002 3.6268099847802664e-06 0.27673526108264929 17.80491924285889
decision_type=2 2 2 2 10 2 2 2 8 9 8 8 2 8 10 2 10 2 2 2 10 2 2 10 9 2 10 2 2 2
left_child=1 4 5 11 -1 6 -2 8 -5 13 -11 12 23 14 25 16 -15 -18 19 -9 -12 -14 -23 -4 -24 -10 27 29 -29 -6
right_child=2 -3 3 7 26 -7 -8 18 9 10 20 -13 21 15 -16 -17 17 -19 -20 -21 -22 22 24 -25 -26 -27 -28 28 -30 -31
leaf_value=0.005021300707827598 -0.010600919954264681 0.017769421353810492 0.025734427256302025 0.020602068734904552 0.0091843423549167625 0.037895584258926612 0.019182402986154031 0.028026893392087682 0.0059086085999417275 -0.0053073250257690959 0.032617159069313124 -0.029162680274430381 -0.023216493757108509 -0.016124251816814164 0.028767253180502727 -0.026289356145906287 -0.0072282395482245543 0.026324587933847676 0.029834104451832166 -0.0063231012336598062 0.0068324094820930601 0.0086741520806114542 0.00012438127014468696 -0.00056523387739124099 -0.021174909585259961 -0.016292585632363667 -0.026341280815536897 0.0037437343897710807 -0.023557631138713609 -0.021455837827802159
leaf_weight=12.724676430225371 5.5419608950614956 9.5015947148203832 3.9473095797002298 15.121864549815653 2.6468810141086605 6.4253242909908286 8.8575188703834993 7.2781051844358506 4.9305443167686471 9.1824008487164992 7.1110815107822445 4.741816706955432 7.7546046674251583 13.210804410278799 5.287329737097024 10.303545672446488 7.0607532225549203 5.6217327900230885 8.2823575437068921 11.322174604982136 9.0220887102186662 8.6543182879686373 7.3754650615155697 6.0353440754115582 7.0103345215320569 6.7365997843444356 9.9990827087312919 14.200934816151859 5.1629635244607917 22.040676917880774
leaf_count=111 44 59 43 76 50 31 73 40 50 60 42 58 103 91 43 139 48 50 40 73 59 38 57 73 56 47 208 222 84 491
internal_value=0.000785188 -0.00754879 0.00421003 0.00233295 -0.0113604 0.0183794 0.00777559 0.00594192 0.0030738 -0.000520931 0.00768249 -0.00714096 -0.0039434 -0.0049943 0.00500495 -0.0110292 -0.00420511 0.0084816 0.0154586 0.00786189 0.0194381 -0.00906077 -0.00352882 0.0112304 -0.0109566 -0.00718457 -0.0152382 -0.0121892 -0.00433495 -0.0179411
internal_weight=263.092 76.2768 186.815 165.991 66.7752 20.8248 14.3995 120.471 93.5887 78.4669 25.3156 45.5192 40.7774 53.1513 16.9545 36.1968 25.8933 12.6825 26.8826 18.6003 16.1332 30.7947 23.0401 9.98265 14.3858 11.6671 54.0505 44.0515 19.3639 24.6876
internal_count=2659 1225 1434 1286 1166 148 117 858 705 629 161 428 370 468 140 328 189 98 153 113 101 254 151 116 113 97 1055 847 306 541
cat_boundaries=0 1 2
cat_threshold=1315 4
is_linear=0
shrinkage=0.03


Tree=75
num_leaves=31
num_cat=2
split_feature=1 3 2 7 1 13 3 7 2 2 0 0 1 7 7 0 0 2 2 0 4 7 3 2 2 3 1 9 7 3
split_gain=9.952 8.23657 5.7073 5.28279 5.06748 3.70728 4.72961 3.04675 3.3869 4.78154 3.78886 3.67484 3.13854 2.47337 9.24295 5.96611 2.76514 2.41389 2.36011 2.0039 1.9506 1.96979 1.91735 1.91052 3.4867 1.76835 1.66447 1.65472 1.41678 1.33289
threshold=0.0042029945179820069 0.53784003853797924 5.5000000000000009 0.11999552696943284 -0.17497552186250684 0 0.37061357498168951 0.096062198281288161 6.5000000000000009 17.500000000000004 25.500000000000004 3.5000000000000004 0.070295058190822615 -0.078657247126102434 -0.12372096255421637 12.500000000000002 14.500000000000002 11.500000000000002 13.500000000000002 12.500000000000002 0.99985021352767955 0.037885801866650588 0.50797259807586681 25.500000000000004 17.500000000000004 0.35368618369102484 0.020840468816459182 1 -0.072363134473562227 0.27875271439552313
decision_type=2 2 8 10 2 9 2 8 8 10 8 10 2 8 10 10 8 8 10 8 2 8 2 10 10 2 2 9 8 2
left_child=4 2 -2 7 -1 6 -6 8 11 12 28 -3 -10 14 18 -16 20 26 -7 -19 -15 -22 25 24 -8 -23 -5 -13 -11 -4
right_child=1 3 29 17 5 13 23 -9 9 10 -12 27 -14 16 15 -17 -18 19 -20 -21 21 22 -24 -25 -26 -27 -28 -29 -30 -31
leaf_value=0.025215626532085006 -0.0025426349257295991 -0.0084016984541565396 0.011278314635568724 -0.009820472482367117 0.022614540508175081 -0.024863204799070192 -0.0090775280934188539 -0.024495113003722459 -0.020442486097242474 0.021053622571449947 -0.013606427709719388 0.032033114625906425 0.0052646439015739599 -0.017297720987849343 -0.0064060917973678549 0.041739497442101391 -0.022811376709026297 0.033140105731834249 -0.003669304911821995 0.0085256304106381998 -0.014358409283116982 0.0041617220737720341 0.0098692736568628363 -0.017241836469518306 0.023047056689162425 -0.018980900592208041 0.011819209026940761 0.0051231562639437594 0.0029675219170073697 0.024307694287411242
leaf_weight=3.4734436571598044 12.879471972584723 5.4293661639094344 13.520698145031927 5.4914331063628214 7.6154776290059116 8.6071146950125748 7.3655897807329911 5.295393604785203 19.561513341963295 6.776545450091362 6.8978042528033248 4.5641197729855776 4.9471649266779414 16.770024318248034 3.5554702561348659 4.5912663415074348 19.943160321563482 5.0692251846194241 10.122020460665224 7.777491059154273 10.813616286963223 5.3189327344298416 10.011931896209715 5.676827907562255 3.7950836084783077 4.9857298545539379 5.313754715025425 3.9752755891531688 8.5945697277784365 25.77957870811224
leaf_count=50 61 59 66 58 39 103 90 61 263 48 69 49 28 346 50 42 362 36 112 65 88 34 101 49 36 49 30 40 76 125
internal_value=-9.14689e-05 0.00530182 0.0146565 -0.0002419 -0.00632271 -0.00744412 0.00322365 -0.00460581 -0.00250339 -0.00636874 0.00364158 0.0100013 -0.0152504 -0.00954287 -0.00270771 0.0223242 -0.0135581 0.0116357 -0.0141757 0.0199302 -0.0093178 -0.00461441 0.00100217 -0.0045156 0.00284307 -0.00772397 0.000921175 0.0213562 0.01174 0.0202162
internal_weight=264.519 141.873 52.1797 89.6937 122.646 119.172 24.453 66.0418 60.7464 46.7776 22.2689 13.9688 24.5087 94.7193 26.8759 8.14674 67.8434 23.6519 18.7291 12.8467 47.9002 31.1302 20.3166 16.8375 11.1607 10.3047 10.8052 8.5394 15.3711 39.3003
internal_count=2685 1134 252 882 1551 1501 214 693 632 484 193 148 291 1287 307 92 980 189 215 101 618 272 184 175 126 83 88 89 124 191
cat_boundaries=0 1 2
cat_threshold=22 4
is_linear=0
shrinkage=0.03


Tree=76
num_leaves=31
num_cat=3
split_feature=1 10 6 4 10 3 13 6 6 6 1 0 6 6 7 8 4 3 1 7 7 7 7 1 3 8 0 8 0 8
split_gain=6.7435 7.16593 11.4549 7.4322 6.48717 6.5389 5.40394 6.88903 6.57045 6.11268 8.02085 5.32103 4.09047 4.00424 4.20336 3.14943 3.14828 3.21918 2.8955 2.832 2.50182 3.67864 2.66116 2.97261 3.04452 2.35536 2.15287 1.86186 1.73348 2.52746
threshold=0.0063274018466472634 0 -5.4999999999999991 0.78672158718109142 1 0.89929264783859264 2 1.0000000180025095e-35 -3.4999999999999996 -1.4999999999999998 0.011706571560353042 9.5000000000000018 3.5000000000000004 -1.0000000180025095e-35 -0.29463022947311396 -0.20218552649021146 0.99999991059303295 0.56911990046501171 -0.13210777193307874 -0.10768225789070128 -0.064388535916805253 -0.1047474332153797 0.039533829316496856 -0.003209608374163508 0.50797259807586681 -0.084662996232509599 14.500000000000002 0.21905772387981418 4.5000000000000009 0.0013144999393261971
decision_type=2 1 8 2 1 2 9 8 10 10 2 10 10 10 8 8 2 2 2 8 10 10 10 2 2 8 10 8 10 8
left_child=1 2 -1 18 6 16 7 9 -8 11 -11 -2 20 25 -15 -16 -6 -18 -3 -7 21 -4 -22 -24 -25 -5 28 -12 -17 -30
right_child=4 3 12 13 5 19 8 -9 -10 10 27 -13 -14 14 15 26 17 -19 -20 -21 22 -23 23 24 -26 -27 -28 -29 29 -31
leaf_value=0.036801444313935679 -0.017142804624751928 0.0016320072153531799 -0.0072840901621303101 0.021292215605586539 0.019836852793407668 -0.00048320773975532171 0.015697714501744595 -0.011105296900967919 -0.013096938566587744 0.0032299751306698373 0.037948045650486283 0.02021875368164058 0.020483669464879995 0.011072483351739205 0.0050753847454635941 -0.023308614717480452 0.004814716430213307 -0.018595118962481564 -0.027274095832330571 -0.029528171509338869 -0.02323798320977238 0.020563868475725909 0.016372820166158659 -0.029220887979449623 0.0044307450232702371 -0.0005795150023365787 -0.027149848211396443 0.016502334032272088 -0.015403994501120333 0.0092121778599130472
leaf_weight=7.5649661496281624 6.1716756187379342 3.4772544875741032 9.9062980152666551 5.8172180876135826 6.3899395689368275 4.2278483901172876 10.149707347154619 6.6751910820603362 18.865157157182693 11.05462261661887 21.975926201790575 5.5785504840314388 5.6894072573631993 6.8429177850484848 6.4112058021128178 5.095320098102099 15.906725332140924 6.717765860259532 22.193686353042722 9.8909712415188533 8.7571944501251 6.0648336522281161 4.1317825447767946 3.6717454865574837 4.5516999289393425 12.516201168298723 11.609519299119709 7.1112094894051543 6.7041285298764661 6.3969857767224338
leaf_count=46 42 71 118 32 55 51 62 60 138 77 125 42 66 47 58 65 78 57 475 184 109 52 49 26 69 95 167 38 60 70
internal_value=3.60786e-05 -0.00458823 0.0042948 -0.00916189 0.00489488 -0.00442676 0.00897086 0.0139364 -0.0021279 0.0199416 0.0253922 0.000789591 -0.00118266 -0.00437827 -0.00931675 -0.0133631 0.00281469 -0.00262912 -0.0234442 -0.021438 -0.00495732 0.0038794 -0.0115153 -0.00208852 -0.0121337 0.00710277 -0.0173652 0.0334278 -0.0100334 -0.00358355
internal_weight=268.118 137.402 50.3379 87.0644 130.715 43.1333 87.582 58.5672 29.0149 51.892 40.1418 11.7502 42.773 61.3935 43.0601 36.2172 29.0144 22.6245 25.6709 14.1188 37.0836 15.9711 21.1124 12.3552 8.22345 18.3334 29.806 29.0871 18.1964 13.1011
internal_count=2684 1675 535 1140 1009 425 584 384 200 324 240 84 489 594 467 420 190 135 546 235 423 170 253 144 95 127 362 163 195 130
cat_boundaries=0 1 2 3
cat_threshold=1 12 561
is_linear=0
shrinkage=0.03


Tree=77
num_leaves=31
num_cat=1
split_feature=1 6 0 8 5 4 8 8 1 8 13 1 3 5 5 6 1 5 0 0 5 8 8 5 3 8 1 1 8 8
split_gain=7.87862 8.49176 5.78497 6.06104 7.79367 5.59958 4.28663 9.58212 5.74234 7.3694 4.28258 4.55757 4.24866 4.24631 3.93871 3.7609 3.39138 4.24462 3.1375 2.78705 2.57516 2.33366 2.16928 2.11752 2.09503 1.52413 1.45927 1.42008 1.41534 1.40448
threshold=-0.0083915349096059782 7.5000000000000009 10.500000000000002 -0.01583845820277929 32.096441268920906 4.5639297896471482e-11 -0.013741764239966868 0.052356872707605369 0.017640627920627597 0.081479489803314223 0 -0.003007650724612176 0.94673538208007824 49.63740539550782 32.462585449218757 -3.4999999999999996 0.013256099540740253 54.038999557495124 4.5000000000000009 22.500000000000004 32.283351898193366 0.20494873076677325 0.075463313609361662 52.113500595092781 0.42487226426601415 0.31745702028274542 -0.013388899154961107 0.029863170348107818 -0.16271525621414182 -0.083460871130228029
decision_type=2 8 10 8 2 2 8 10 2 10 9 2 2 2 2 10 2 2 8 10 2 8 10 2 2 8 2 2 8 10
left_child=1 2 3 4 -1 18 14 23 9 -9 15 -12 13 21 -7 -11 17 29 -2 22 -10 -13 -20 -8 -17 -26 -5 -22 -4 -16
right_child=5 -3 28 26 -6 6 7 8 20 10 11 12 -14 -15 16 24 -18 -19 19 -21 27 -23 -24 -25 25 -27 -28 -29 -30 -31
leaf_value=0.028400086310351097 0.012188731638388404 0.027631298674014194 -0.0097969390298015165 -0.018498621390164456 -0.017688498957873396 -0.0039742244233843035 -0.023428731228713841 0.024886002616997617 0.0061583052451629032 0.010675623339016508 0.028186833952049399 0.0066052103754384982 -0.020749141177699739 0.017873077219674356 0.0085476415951432766 -0.002584092929595556 0.027337867140344477 -0.0060304514718973459 -0.030379804197871254 0.0054720899577355535 0.032339460595397794 -0.019791260639577476 -0.0086627988706080485 -0.0054338174466811891 -0.028469839942624468 -0.0061522128931621482 0.0023034291059330766 0.011997447455396102 -0.027931140656943805 0.026239537783490016
leaf_weight=7.7846053726971132 3.8764244895428446 4.0531252287328234 6.7036096248775721 15.238226892426612 4.4434464126825333 11.67566019669175 12.770646870136263 8.5588673055171949 14.469410181045534 4.140189170837405 5.2832009606063357 5.0321712903678453 5.8926583584398022 11.633324310183523 9.9843773730099183 6.0252874866127994 13.518034812062977 10.325746614485977 8.3002539277076774 4.464153502136468 8.2706335857510549 5.3306614421308058 9.508645171299575 11.638014767318962 12.672483770176763 4.2709348164498868 3.4795882161706713 7.3946683853864661 18.355367146432403 8.0354744531214291
leaf_count=74 59 37 110 236 68 89 122 65 76 23 42 37 87 65 93 38 81 69 129 68 51 44 145 88 169 45 31 36 357 54
internal_value=-0.000592641 -0.0100451 -0.0132087 -0.00428441 0.0115812 0.00223843 0.00416494 0.00105997 0.00523277 0.000391705 -0.00343542 0.003949 -9.23669e-05 0.00610312 0.0111698 -0.0101016 0.0153876 0.00895118 -0.0104693 -0.014767 0.0159239 -0.00751996 -0.0198616 -0.0154003 -0.0183504 -0.0235006 -0.0147109 0.0240333 -0.0236421 0.0174017
internal_weight=263.13 60.058 56.0048 30.9459 12.2281 203.072 176.922 123.383 98.9745 68.8398 60.2809 33.172 27.8888 21.9962 53.5393 27.1089 41.8636 28.3456 26.1495 22.2731 30.1347 10.3628 17.8089 24.4087 22.9687 16.9434 18.7178 15.6653 25.059 18.0199
internal_count=2688 913 876 409 142 1775 1374 988 778 615 550 275 233 146 386 275 297 216 401 342 163 81 274 210 252 214 267 87 467 147
cat_boundaries=0 1
cat_threshold=1826
is_linear=0
shrinkage=0.03


Tree=78
num_leaves=31
num_cat=3
split_feature=4 6 8 8 7 13 0 0 10 7 7 4 8 7 0 0 5 7 7 7 8 8 8 8 0 8 8 7 8 9
split_gain=5.93443 5.93277 4.32009 8.44456 4.1257 3.35183 4.65554 4.98579 4.41289 4.2378 3.57518 3.24702 2.77442 3.68789 4.24805 2.65805 4.70772 2.79549 5.35964 2.34881 3.42191 3.94709 2.32311 2.6106 2.44879 3.21166 2.23107 5.44595 2.30154 2.21093
threshold=4.5639297896471482e-11 -19.499999999999996 -0.013741764239966868 0.0057778002228587875 -0.27699369192123408 0 9.5000000000000018 21.500000000000004 1 -0.044002586975693696 0.2159242853522301 0.79052555561065685 -0.029195302166044709 -0.16847354173660276 26.500000000000004 5.5000000000000009 49.86413764953614 -0.050540065392851823 -0.099180757999420152 0.071715757250785842 0.25266480445861822 0.15286602824926379 0.060492698103189475 0.33989198505878454 7.5000000000000009 0.263442873954773 -0.15932158380746839 0.12673619389533999 -0.083460871130228029 2
decision_type=2 8 8 10 10 9 10 10 1 10 10 2 8 10 8 10 2 10 10 10 10 8 10 8 10 10 10 10 10 9
left_child=15 -2 4 -4 -3 8 -7 9 10 -8 11 -5 13 -6 26 16 -1 18 -17 20 21 -13 -10 24 25 -24 -15 28 -28 -11
right_child=1 2 3 5 12 6 7 -9 22 29 -12 19 -14 14 -16 17 -18 -19 -20 -21 -22 -23 23 -25 -26 -27 27 -29 -30 -31
leaf_value=0.020134010383993119 0.023481755691644592 -0.014923122595593818 -0.028574510621607759 -0.0042821101191345022 0.029220198133383658 -0.016346268458220802 -0.009335018319114664 -0.021418664396126656 -0.016163157920686667 0.0052810781021677029 -0.00834719219517659 0.014101897472941312 0.028369358770418199 0.014324067965984929 -0.020238977798372717 -0.01656144864203558 -0.02360987895961323 -0.023548413819065753 0.025111755127457464 0.029531768303199653 0.026968959769560596 -0.015904183486943071 -0.0018973982295348469 -0.016386950151923048 -0.0027254597661771273 0.030382161594493882 -0.020767985771116888 0.014849830817089973 0.0015998307199558558 0.034936172424850247
leaf_weight=4.8901944234967223 10.040784835815428 6.1903784163296214 9.0830340515822154 6.7154774088412514 5.105465840548276 23.233142925426364 4.8802939690649518 4.4345151279121628 9.8808989413082582 4.2830338813364506 6.848507869988679 9.2637622803449666 5.2478090822696677 21.144090954214331 4.6941080167889586 7.696339150890708 2.5677685830742121 15.32330231182277 3.0950248986482638 10.275467447936533 7.3537455759942523 5.4295038022100899 5.1371905524283736 6.2912985309958378 19.053928773850203 4.7613029293715954 7.8034508861601317 13.657664217054842 7.5647984314709991 5.0389798507094383
leaf_count=79 45 58 110 98 37 203 39 56 96 52 72 61 35 183 43 121 50 333 40 87 46 45 50 56 224 33 75 108 80 35
internal_value=0.000255102 0.00203657 0.000922581 -0.00210583 0.00688922 -9.66512e-05 -0.00621402 0.00344181 0.00309374 0.0121025 0.00882824 0.0141796 0.00915373 0.00703448 0.00448386 -0.0113159 0.00406228 -0.0156955 -0.00349329 0.0180286 0.0116186 0.00270705 -0.00332496 -0.000296387 0.00363042 0.0149925 0.00714734 0.00161647 -0.0103327 0.0231427
internal_weight=256.985 223.413 213.372 141.964 71.4078 132.881 41.87 18.6368 91.0111 14.2023 45.8865 39.038 65.2174 59.9696 54.8641 33.5726 7.45796 26.1147 10.7914 32.3225 22.047 14.6933 45.1246 35.2437 28.9524 9.89849 50.17 29.0259 15.3682 9.32201
internal_count=2650 2027 1982 1363 619 1253 385 182 868 126 409 337 561 526 489 623 129 494 161 239 152 106 459 363 307 83 446 263 155 87
cat_boundaries=0 1 2 3
cat_threshold=1073 12 8
is_linear=0
shrinkage=0.03


Tree=79
num_leaves=31
num_cat=0
split_feature=1 6 5 8 8 6 4 2 0 8 1 5 6 1 8 0 8 8 8 8 5 4 1 1 8 4 1 0 1 5
split_gain=5.68546 8.70564 6.33332 6.3623 5.71141 5.56533 5.11855 5.25445 4.28809 3.77377 4.57997 7.41687 5.6892 4.41159 4.18775 3.6772 3.42403 3.71104 2.85528 6.56789 2.77756 5.37884 3.21586 2.71451 2.64196 2.46858 2.79941 2.35792 2.348 2.1664
threshold=-0.021434893831610676 7.5000000000000009 18.338701248168949 0.33989198505878454 0.36327980458736425 1.0000000180025095e-35 0.53582105040550243 8.5000000000000018 18.500000000000004 0.28838953375816351 0.090036813169717803 32.462585449218757 -3.4999999999999996 0.023981774225831035 0.043321570381522186 9.5000000000000018 -0.014709395356476305 0.018254144117236141 0.081479489803314223 0.052356872707605369 38.938272476196296 0.93973755836486828 0.0090521671809256094 0.002485110424458981 0.14719259738922122 0.99985021352767955 -0.042147278785705559 11.500000000000002 0.0058932465035468349 30.977487564086918
decision_type=2 8 2 8 10 8 2 8 10 10 2 2 10 2 10 10 10 10 10 10 2 2 2 2 10 2 2 10 2 2
left_child=1 15 -2 5 -5 9 -7 -8 -9 10 11 29 14 16 23 25 20 -18 19 -19 -14 -22 -23 -13 -20 -1 -27 28 -6 -4
right_child=2 -3 3 4 27 6 7 8 -10 -11 -12 12 13 -15 -16 -17 17 18 24 -21 21 22 -24 -25 -26 26 -28 -29 -30 -31
leaf_value=-0.016076529772834559 0.02091963172588612 0.033593995777562946 -0.0030683315281461168 -0.033313144720777253 -0.011195946236518812 -0.024986365785480424 0.019119435104236342 -0.031072680532005049 0.0041330546954137229 0.024004019789150066 0.022610611606975219 -0.0090774746475572529 0.025166232162255598 0.023541087175498063 0.031553463575574751 -0.023196028763561381 -0.02625920444603717 -0.0073022978853021017 -0.021227603802853743 0.029722797760185729 -0.022486246968978402 0.0010846646889944352 0.024091407121796641 0.016341125234649059 -0.0020092105955888061 0.01572561755175516 -0.011379710460158378 -0.019255432048618699 0.013464512158021306 -0.024621297931172695
leaf_weight=8.597006231546402 14.06754259765148 2.8778745979070655 7.5843936949968365 7.5188230108469751 4.8268751893192547 10.380750834941866 7.1989858373999622 4.6659649461507779 6.4620984680950642 7.9064658414572468 9.8207678869366628 5.5458894744515446 5.3144872859120289 6.597795531153678 10.087637677788733 18.338372407481074 5.4689481705427232 9.8500316217541712 7.7672774586826554 6.278237795457243 5.0205988418310907 15.608779247850181 7.5009551495313636 8.273225720971821 25.179848661646247 6.8334260918200016 5.1662141643464565 4.6379530895501366 7.7510777246206999 9.3849653303623182
leaf_count=183 85 25 73 79 54 184 45 51 61 68 47 44 49 51 62 374 57 98 110 56 97 112 39 58 251 55 44 51 55 94
internal_value=0.000209396 -0.00980011 0.0021414 0.000768386 -0.0132023 0.00272994 -0.00918342 0.000597325 -0.0119735 0.00500758 0.00381675 0.00229853 0.00498516 0.00160825 0.0177449 -0.0137685 -0.000282428 -0.00488761 -0.00202913 0.00800428 0.00715191 0.00300148 0.0092417 0.00621594 -0.00703179 -0.00468919 0.00407825 -0.00307257 0.00387331 -0.0156951
internal_weight=262.513 41.8129 220.7 206.633 24.7347 181.898 28.7078 18.327 11.1281 153.19 145.284 135.463 118.494 94.587 23.9068 38.935 87.9892 54.5443 49.0754 16.1283 33.4448 28.1303 23.1097 13.8191 32.9471 20.5966 11.9996 17.2159 12.578 16.9694
internal_count=2712 681 2031 1946 239 1707 341 157 112 1366 1298 1251 1084 920 164 656 869 572 515 154 297 248 151 102 361 282 99 160 109 167
is_linear=0
shrinkage=0.03


Tree=80
num_leaves=31
num_cat=0
split_feature=3 1 5 1 8 1 3 1 3 5 8 0 5 3 2 0 2 5 1 5 1 0 2 1 5 1 8 5 8 2
split_gain=7.33553 7.77744 6.70493 6.50279 5.4802 4.90297 3.58245 4.01272 3.76122 3.3024 3.22084 2.99105 7.79064 2.91444 3.90933 2.78381 4.45838 5.29039 4.6945 3.87225 5.39024 4.34663 2.46776 3.25359 2.39793 2.35692 2.13594 2.91751 2.01399 2.86213
threshold=1.3251320719718935 0.0077926099766045817 48.830354690551765 0.027807219885289673 -0.26621013879775995 0.0092108468525111693 0.56911990046501171 0.0010961646912619474 0.18408729881048205 53.824871063232429 0.072060175240039839 8.5000000000000018 36.573274612426765 0.76955345273017894 3.5000000000000004 13.500000000000002 15.500000000000002 33.270486831665046 -0.0013311993097886441 50.189250946044929 -0.031495653092861169 10.500000000000002 17.500000000000004 0.070295058190822615 31.31425762176514 -0.016951119527220723 -0.014709395356476305 36.437219619750984 0.078041188418865218 11.500000000000002
decision_type=2 2 2 2 10 2 2 2 2 2 10 10 2 2 10 10 8 2 2 2 2 10 8 2 2 2 8 2 8 10
left_child=1 6 3 5 -5 -3 7 8 -1 26 -9 12 25 14 -8 19 -17 -18 -19 20 -15 -22 23 -6 -16 -2 -10 -28 -13 -30
right_child=11 2 -4 4 22 -7 13 10 9 -11 -12 28 -14 15 24 16 17 18 -20 -21 21 -23 -24 -25 -26 -27 27 -29 29 -31
leaf_value=0.016416386836100926 0.0029649617555702317 0.012945416244904086 0.019481440924556347 -0.014635780422124099 -0.0033644441590481786 -0.016655368108426483 0.012438501784498943 0.0023978224844611903 0.0074954135743329443 -0.025261907638451524 0.024399733002393502 -0.025725948363646584 -0.0206230015966582 -0.022220391687776345 -0.0011567845261786461 0.027216990835963951 -0.022752164645834048 0.033687539910595601 -0.0066809161514105164 -0.026509824530381712 0.023822039241198283 -0.015657479750464699 0.029754454671045621 0.020175017128347333 -0.026633081228452923 0.038167589920279681 -0.020567875918504844 0.0027037666936183505 -0.0254144860060928 0.0051576260190799184
leaf_weight=7.3787976875901213 3.321257745847106 6.1369771156460073 38.969844784587622 5.2118329089134923 8.8190226480364853 17.086700303480029 3.2030922994017628 12.360356271266939 12.558075278997419 5.5087067931890479 11.075797207653521 11.584332855418324 6.7362483199685812 5.3541850522160539 4.4691267274320152 5.3977916147559908 5.8480035681277505 3.6435164920985699 5.2665744349360448 6.4935277532786122 7.2761637754738331 2.7931031212210655 8.4206168502569181 11.317741870880125 13.148160697892306 2.9859575964510423 7.966107275336987 10.117115158587692 3.4562425594776869 6.5398582257330418
leaf_count=44 75 51 217 49 56 175 32 61 100 52 56 233 140 110 61 76 125 43 66 99 90 55 44 53 170 30 97 73 70 106
internal_value=0.0016409 0.00362273 0.0100522 0.00338 0.0116444 -0.00862171 -0.00116901 0.00363536 -0.00178772 -0.00584535 0.0133688 -0.0110237 0.00038467 -0.00626125 -0.0151627 -0.00160649 0.00628118 -0.00261737 0.0115602 -0.00881791 -0.000208715 0.0124457 0.0167735 0.0101943 -0.0205796 0.0225731 -0.00166657 -0.00808856 -0.0176307 -0.00676288
internal_weight=260.445 225.821 95.9627 56.9929 33.7692 23.2237 129.858 66.965 43.5288 36.15 23.4362 34.6239 13.0435 62.8932 20.8204 42.0729 20.1559 14.7581 8.91009 21.917 15.4235 10.0693 28.5574 20.1368 17.6173 6.30722 30.6413 18.0832 21.5804 9.9961
internal_count=2709 2055 645 428 202 226 1410 483 366 322 117 654 245 927 263 664 310 234 109 354 255 145 153 109 231 105 270 170 409 176
is_linear=0
shrinkage=0.03


Tree=81
num_leaves=31
num_cat=2
split_feature=8 1 8 6 8 3 6 1 5 9 8 5 1 8 5 11 8 6 8 5 3 8 8 0 3 1 1 5 8 5
split_gain=6.16134 9.74155 7.50822 7.53226 5.85385 6.73644 5.57794 4.91629 4.71842 4.26233 4.04553 3.56185 5.76345 4.20788 3.53755 3.20442 5.7319 3.0062 2.97773 2.63797 2.59716 2.67045 3.49052 2.50615 2.85703 2.38392 3.72779 2.04183 1.93112 1.85868
threshold=0.052356872707605369 0.017640627920627597 -0.013741764239966868 5.5000000000000009 0.081479489803314223 0.47952021658420568 -3.4999999999999996 -0.081561144441366182 36.947896957397468 0 0.24242798238992694 38.938272476196296 0.0042029945179820069 -0.27988724410533899 36.573274612426765 1 0.30170334875583654 -1.0000000180025095e-35 0.19530879706144336 37.135625839233406 0.10164260864257814 0.26787450909614569 0.14454689621925357 18.500000000000004 0.47952021658420568 -0.0013311993097886441 -0.0064350664615631095 53.992267608642585 0.37567706406116491 32.340337753295906
decision_type=10 2 8 8 10 2 10 2 2 9 10 2 2 10 2 1 10 10 10 2 2 8 10 8 2 2 2 2 8 2
left_child=2 4 7 27 19 8 18 -1 -6 -10 14 13 25 -9 29 16 -12 -15 -7 -2 -3 22 -22 24 -14 26 -13 -4 -17 -8
right_child=1 20 3 -5 5 6 10 11 9 -11 15 12 23 17 -16 28 -18 -19 -20 -21 21 -23 -24 -25 -26 -27 -28 -29 -30 -31
leaf_value=-0.021167308942498384 0.00025823350089032875 0.00033851484678642764 -0.02308253794498992 0.016308109843042845 -0.010258495552872034 0.021816919417910949 -0.012305042270274054 -0.014862928337251767 0.03166848244415723 0.0030870378017166683 0.039558256212535954 -0.021886344880056249 0.014772359346428707 0.0035008659922708993 -0.029177786236713379 -0.019350145309463281 -0.0060201538215392918 0.021030091747499036 -0.0070704876514956763 0.028101487583649751 0.011554097213115141 0.0079961740454741453 0.038232617006759312 0.02165453562769952 -0.010831830860154453 -0.025587893659816615 0.013380041505638306 -0.00059689894412025724 0.0026372121864906553 0.015378127951587823
leaf_weight=6.8936287257820359 4.5924359243363133 5.6965152770280829 27.189518110826615 5.268437858670949 6.3680507279932526 6.9700938295572978 6.6145513001829404 4.6483872011303893 9.2076230123639107 9.1399307735264301 3.6708588674664497 4.1075378209352493 5.8814132660627392 16.391424553468823 14.674161676317452 11.993503432720898 4.8218008130788803 19.291268195956945 4.731548760086298 8.3062232844531518 8.4387606009840983 9.345816910266878 12.131447352468966 6.5424172803759566 8.1213026437908393 8.555870767682789 4.7578827701509017 4.2344522289931765 4.6671323142945793 2.1119060851633549
leaf_count=131 62 25 325 53 58 63 141 49 51 58 27 63 30 147 242 208 65 195 39 73 57 61 77 43 74 78 37 41 66 30
internal_value=0.00137839 0.00581088 -0.00348368 -0.0146338 0.000863366 -0.00206583 -0.00745368 0.00143282 0.0108486 0.0183259 -0.011905 0.00366447 -0.00290192 0.00976652 -0.0206216 -0.00331728 0.00768099 0.0132927 0.0104993 0.01892 0.0190126 0.0224425 0.028331 0.0077132 0.000190252 -0.0151596 -0.00352186 -0.0201644 -0.00854936 -0.00471313
internal_weight=255.366 133.482 121.884 36.6924 97.8698 84.9712 60.2556 85.1911 24.7156 18.3476 48.5539 78.2975 37.9664 40.3311 23.4006 25.1533 8.49266 35.6827 11.7016 12.8987 35.6125 29.916 20.5702 20.5451 14.0027 17.4213 8.86542 31.424 16.6606 8.72646
internal_count=2669 1403 1266 419 1183 1048 881 847 167 109 779 716 325 391 413 366 92 342 102 135 220 195 134 147 104 178 100 366 274 171
cat_boundaries=0 1 2
cat_threshold=4 1
is_linear=0
shrinkage=0.03


Tree=82
num_leaves=31
num_cat=1
split_feature=4 1 13 1 5 5 2 7 7 2 7 6 8 8 8 2 5 1 8 1 8 1 1 1 4 4 1 2 5 7
split_gain=7.69136 5.8712 5.40312 10.3449 8.09398 7.30808 5.26791 4.51497 5.21686 4.44098 4.13982 3.96301 3.59881 3.40992 6.71982 3.25996 3.15409 3.0626 5.09099 2.58866 2.7837 2.34745 4.12832 3.87245 2.00623 3.01785 2.97955 1.85343 2.24806 1.81922
threshold=0.78672158718109142 0.096224866807460799 0 0.00090630701743066322 49.63740539550782 51.104207992553718 13.500000000000002 0.20405811071395877 0.37841756641864782 7.5000000000000009 0.53563150763511669 -1.0000000180025095e-35 0.19333585351705554 0.22544571757316592 0.19056802988052371 5.5000000000000009 36.596654891967781 0.010312102269381286 0.054459346458315856 -0.045972457155585282 -0.11536423489451407 -0.013388899154961107 -0.0060865930281579486 -0.057655094191431992 5.6489232520107187e-05 0.00037112015706952667 -0.13210777193307874 19.500000000000004 53.855447769165046 -0.012236929498612879
decision_type=2 2 9 2 2 2 8 8 10 8 8 8 8 10 10 10 2 2 10 2 10 2 2 2 2 2 2 10 2 10
left_child=1 10 5 21 6 7 -5 9 -9 15 13 -11 -8 14 24 16 -2 18 -6 -13 -21 23 -23 -4 26 -26 -1 28 -27 -28
right_child=2 -3 3 4 17 -7 12 8 -10 11 -12 19 -14 -15 -16 -17 -18 -19 -20 20 -22 22 -24 -25 25 27 29 -29 -30 -31
leaf_value=0.0098480320100854789 0.017716672508648543 0.01308818141799597 0.0046445146598411537 -0.012211227810702123 -0.0022206003256104202 -0.016863634239290166 0.025818146707044846 -0.028231933109453093 0.011032044698799573 0.011076950863493378 0.02449750197674435 -0.026553929776133071 -0.0025534685349457233 -0.026313946058340889 0.020852992291459812 0.031669805402155402 -0.0091903323081321247 0.035209826204053392 0.03032616829271334 0.013393504799592866 -0.0086323157481595011 0.019216316315436764 -0.0090144479660563478 -0.029119783044394852 0.019807965872691419 -0.023416809815817681 -0.011535750926308786 0.0056292189347269539 0.0069825062103182995 -0.02918531848037673
leaf_weight=2.5931803509592966 8.843120679259302 9.4205695763230306 4.7941075377166271 10.426194548606874 7.8428788185119656 21.553033340722322 8.8546995073556882 7.2347280327230674 4.1447477303445339 17.04720476269722 1.8998195771127928 3.9796735290437963 6.5203836373984805 12.511970762163399 5.1603193022310725 7.1534296907484523 5.7074574679136267 16.375053718686104 8.3073641620576364 6.1652874462306526 17.667159182950854 6.3991679102182415 11.621757186949251 6.4081686697900313 2.8054375611245659 8.0311663132160884 12.539859022945164 4.2855258453637353 2.3793039694428435 11.919204737991103
leaf_count=55 51 57 47 73 43 154 55 75 35 114 21 64 44 237 71 44 49 85 42 62 190 47 93 81 33 133 224 64 34 309
internal_value=0.000102532 -0.00805243 0.00333483 0.008216 0.0163517 -0.00165241 0.00357069 0.00250487 -0.0141949 0.00552765 -0.0113114 5.46366e-05 0.0143649 -0.0127749 -0.00891569 0.016339 0.00725012 0.0260816 0.0153129 -0.00685137 -0.00262449 -0.00530741 0.00149344 -0.0154736 -0.0127457 -0.00447283 -0.0177475 -0.0100747 -0.016466 -0.0209451
internal_weight=260.592 73.5464 187.046 87.5498 58.3266 99.4958 25.8013 77.9428 11.3795 66.5633 64.1258 44.8593 15.3751 62.226 49.714 21.704 14.5506 32.5253 16.1502 27.8121 23.8324 29.2232 18.0209 11.2023 44.5537 17.5014 27.0522 14.696 10.4105 24.4591
internal_count=2686 1238 1448 610 342 838 172 684 110 574 1181 430 99 1160 923 144 100 170 85 316 252 268 140 128 852 264 588 231 167 533
cat_boundaries=0 1
cat_threshold=482
is_linear=0
shrinkage=0.03


Tree=83
num_leaves=31
num_cat=1
split_feature=6 1 8 6 8 13 7 8 1 6 5 6 3 5 8 8 6 5 3 3 1 1 7 3 7 5 5 5 7 5
split_gain=6.99667 8.46316 8.76903 7.65115 4.66473 5.29841 5.01242 4.76679 4.26849 3.78811 3.36928 4.84675 4.7922 4.53451 4.82017 3.22325 2.90082 2.63219 2.45783 4.67606 2.39649 2.38526 2.23266 2.00131 2.1371 1.94509 1.92911 7.4365 1.82615 2.93682
threshold=-7.4999999999999991 0.017115097492933277 -0.22655964642763135 1.0000000180025095e-35 0.081479489803314223 0 0.15162380784749988 0.071452643722295775 0.011901889927685263 -1.4999999999999998 32.112770080566413 1.5000000000000002 0.37411597371101385 32.507240295410163 -0.2303948029875755 0.054459346458315856 -5.4999999999999991 17.80491924285889 0.49381823837757116 0.78595036268234264 0.014004568103700878 0.12055447325110437 -0.19588594138622281 0.41627198457717901 -0.4094585627317428 18.113891601562504 53.483423233032234 36.599782943725593 0.20405811071395877 52.684926986694343
decision_type=8 2 10 10 8 9 8 8 2 8 2 8 2 2 10 10 8 2 2 2 2 2 10 2 8 2 2 2 10 2
left_child=15 4 -3 9 7 6 18 8 10 -4 11 12 -2 -12 -15 -1 -16 -14 -6 -20 23 26 -18 -7 -25 -26 27 -11 29 -24
right_child=1 2 3 -5 5 20 -8 -9 -10 21 13 -13 17 14 16 -17 22 -19 19 -21 -22 -23 28 24 25 -27 -28 -29 -30 -31
leaf_value=0.0023716212571655471 0.023010343333691487 -0.017848939931723307 -0.00037546197558837886 -0.012527543233133093 0.029629616821746339 -0.0010078805261170155 -0.017914896422353575 0.025526135015720992 0.015169216353152741 0.029572765551652652 -0.029019451840675361 0.027374348230829217 0.0037238227178212203 0.018164457498768216 0.013468310102226396 0.027050583517730667 0.0052644532267711267 -0.022736047394076652 -0.019787369228123419 0.021508359356146003 -0.032345941856446868 0.0058865009357044517 -0.0074847710798843399 0.0090412026047222167 0.0059228362079216858 -0.018918875759942052 0.038550898130414589 -0.0076058639671083283 0.0041097642474052093 -0.026516301734159996
leaf_weight=8.1212446205317992 3.8094939142465618 8.9770504832267743 8.6683981604874116 8.3395475223660451 5.5657687149941912 10.862951342016457 4.4655417166650322 5.1763336379081002 10.842557586729525 16.084102831780918 6.9104256313294163 5.6418900638818767 5.3853081464767438 6.3835441600531331 4.2546539139002562 11.280127078294752 6.3540192283689967 7.1068291626870632 3.3231441900134069 4.8037343975156546 5.8955930173397055 7.8769459277391425 18.260130126029257 2.4016194082796574 2.6166921220719805 37.152039250358939 7.691394865512847 6.269375452771782 4.3273394107818595 12.59402792714536
leaf_count=56 21 79 77 68 31 77 59 69 86 96 134 60 59 57 40 60 61 111 30 74 65 39 206 25 33 636 40 58 46 144
internal_value=0.000480631 -0.000960513 0.0082971 0.0128128 -0.00438602 -0.00984423 0.00466119 5.78726e-06 -0.00169151 0.0175166 -0.00410511 0.00575091 -0.00288247 -0.00780038 -0.00449701 0.0173428 -0.0079769 -0.0118987 0.0159145 0.00430434 -0.0129363 0.0215111 -0.0104386 -0.012614 -0.0155111 -0.0171792 0.0252858 0.0192663 -0.0133418 -0.0158416
internal_weight=257.442 238.04 63.9068 54.9298 174.134 77.0871 18.1582 97.0466 91.8702 46.5902 81.0277 21.9435 16.3016 59.0841 52.1737 19.4014 45.7902 12.4921 13.6926 8.12688 58.9289 37.9218 41.5355 53.0333 42.1704 39.7687 30.0449 22.3535 35.1815 30.8542
internal_count=2697 2581 457 378 2124 1030 194 1094 1025 310 939 251 191 688 554 116 497 170 135 104 836 233 457 771 694 669 194 154 396 350
cat_boundaries=0 1
cat_threshold=464
is_linear=0
shrinkage=0.03


Tree=84
num_leaves=31
num_cat=2
split_feature=4 1 2 1 13 5 7 8 8 0 8 1 0 1 8 2 13 5 8 1 1 1 5 1 1 2 2 1 7 0
split_gain=7.39171 4.8483 4.98606 5.53736 4.96412 8.11584 4.53286 4.38348 6.73422 4.53136 5.35095 3.90332 3.73843 3.67009 3.56126 3.50121 2.98264 7.81377 3.83698 3.82914 3.41674 3.02637 2.98698 5.78428 3.69951 2.78937 2.57074 4.09296 4.00223 2.74145
threshold=4.5639297896471482e-11 0.010312102269381286 30.500000000000004 0.0028404667973518376 0 53.113670349121101 0.05638543143868447 0.060492698103189475 0.011566820554435255 4.5000000000000009 0.19210744649171832 0.047635944560170181 5.5000000000000009 0.0071704010479152211 0.22544571757316592 9.5000000000000018 1 53.092546463012702 -0.014709395356476305 -0.079186607152223573 0.0019513407605700197 -0.11269719898700713 32.142530441284187 -0.0078207761980593187 -0.001634406275115907 7.5000000000000009 4.5000000000000009 -0.010663954075425862 0.13620546460151675 5.5000000000000009
decision_type=2 2 10 2 9 2 10 10 8 10 10 2 10 2 8 8 9 2 8 2 2 2 2 2 2 8 10 2 8 10
left_child=12 2 13 -4 5 7 -6 8 11 -9 -11 -3 15 16 25 -1 17 -2 19 -18 -19 -20 -21 -24 -25 -15 -23 29 -29 -28
right_child=1 4 3 -5 6 -7 -8 9 -10 10 -12 -13 -14 14 -16 -17 18 20 21 22 -22 26 23 24 -26 -27 27 28 -30 -31
leaf_value=-0.0085182247562034397 0.028478555911919459 -0.004218827718814577 -0.0022413387730860859 0.035348029071388856 -0.017001007333255786 0.033348137455618723 0.0080514507368485092 0.035539614976756083 -0.022461485065742887 0.024284686526775671 -0.011822594262665267 0.028470227240494805 -0.017191644695648437 -0.0047268642361580496 0.0057936467721362529 0.029851567914299597 -0.017761965998526474 -0.02315067598644354 0.01853780275356294 0.020894448392121689 0.0098180664380088205 -0.020369895696056618 -0.016939721344807427 0.032883880724861529 2.8771104431827609e-05 -0.033395343063451897 0.0074517610708243961 -0.0035961054209274613 0.025163115535801767 -0.023582694634851464
leaf_weight=4.881369747221469 10.582054555416109 6.4534503817558289 6.8208706211298686 6.0642666220664978 12.062083024531605 14.487822681665419 12.070438612252472 6.6181279644370106 7.9276833534240732 6.1069071330130082 6.7963000498712063 5.2629436254501343 26.257969114929438 5.4188541807234261 5.1875844709575203 2.4242626689374447 4.7234726957976809 4.8466023076325637 2.9067213311791411 10.84951387345791 4.6659268140792847 12.810409091413019 7.8657434787601259 4.5930656231939793 6.8809161819517595 7.3323115520179281 2.6912405379116491 24.960989708080898 4.2355766780674413 11.87343726120889
leaf_count=104 73 69 62 32 89 80 64 35 68 42 48 25 506 40 37 20 70 51 48 82 31 146 111 44 61 72 30 292 44 201
internal_value=0.000867451 0.00285591 -0.000390663 0.0167214 0.00884872 0.01259 -0.00332548 0.00740676 -0.0025996 0.017112 0.00578403 0.0115491 -0.0120499 -0.00216854 -0.0144018 0.00627535 -0.0001436 0.00804371 -0.00253057 0.00500921 -0.00758375 -0.00738435 0.00902729 0.0016699 0.0147626 -0.0224418 -0.00901513 -0.00531038 0.00127117 -0.0177379
internal_weight=256.659 223.095 145.31 12.8851 77.7858 53.6532 24.1325 39.1654 19.6441 19.5213 12.9032 11.7164 33.5636 132.424 17.9388 7.30563 114.486 20.0946 94.3911 34.9127 9.51253 59.4784 30.1892 19.3397 11.474 12.7512 56.5717 43.7612 29.1966 14.5647
internal_count=2677 2047 1527 94 520 367 153 287 162 125 90 94 630 1433 149 124 1284 155 1129 368 82 761 298 216 105 112 713 567 336 231
cat_boundaries=0 1 2
cat_threshold=1073 22
is_linear=0
shrinkage=0.03


Tree=85
num_leaves=31
num_cat=3
split_feature=7 5 13 9 5 7 7 2 2 2 7 13 5 8 6 7 5 4 4 8 4 2 7 8 7 2 2 8 2 7
split_gain=4.26946 4.30933 6.05204 3.71528 3.67175 5.06479 3.46042 3.83596 5.95764 3.43518 4.54959 2.99967 5.48999 3.25261 2.87868 5.53573 7.75825 5.1048 3.89296 3.53524 4.38596 3.3449 5.09406 2.43419 2.29002 1.96704 1.86673 5.49584 3.55753 1.73912
threshold=-0.60549089312553395 53.420833587646491 0 1 18.338701248168949 -0.0093491435982286913 0.31779757142066961 11.500000000000002 9.5000000000000018 24.500000000000004 -0.13967320322990415 2 37.269767761230476 0.090407151728868498 1.0000000180025095e-35 0.13620546460151675 32.248264312744148 1.1270825162057465e-08 0.9999835491180421 0.33989198505878454 0.0029852832667529587 8.5000000000000018 0.12204518541693689 0.25266480445861822 0.2159242853522301 21.500000000000004 3.5000000000000004 0.096550125628709807 14.500000000000002 0.037885801866650588
decision_type=10 2 9 9 2 10 10 10 8 10 10 9 2 10 8 10 2 2 2 8 2 10 10 10 8 10 10 8 10 8
left_child=-1 4 3 -3 6 9 7 8 -2 11 -11 -6 26 -14 15 18 17 -17 -7 20 -18 22 -16 25 -22 -4 -13 28 -28 -20
right_child=1 2 23 -5 5 14 -8 -9 -10 10 -12 12 13 -15 21 16 19 -19 29 -21 24 -23 -24 -25 -26 -27 27 -29 -30 -31
leaf_value=-0.023952383620160448 0.0055080315546826132 0.010256659772387699 0.015111464546409128 -0.020680652622953769 -0.0074183089011974615 -0.021862289974810135 -0.011868855095856728 -0.0052362764571995809 0.042885356628675167 -0.0045138838818642368 0.026278809436020178 -0.0017908658303787924 -0.025017715229460703 0.0065404814956430456 0.011800430503025011 0.014117598724589446 -0.0035029116316170673 -0.028306906107730651 -0.013696350502137548 -0.0085878134656326138 0.044635488667019718 -0.030720250868362498 -0.026180057847214385 0.031719545295030016 0.014176818616620878 -0.004415830288693026 0.049823470970955977 -5.6262187746020537e-05 0.0098794887001179364 0.001389894521493133
leaf_weight=5.6205372363328925 9.6029597744345701 4.3314848691225052 24.740159487351779 10.299506332725285 22.571160387247801 17.936235984787345 5.2482184264808884 6.4754844382405272 5.8065808229148397 6.7293110378086594 9.8944326266646367 4.6511889062821927 5.5318728387355787 4.7373183518648148 6.0811507832258958 3.042824290692808 4.0669107455760232 6.8611658811569214 9.7775624729692918 3.5478828921914127 5.4199474491178954 8.6708003189414722 4.8378393370658159 6.5792395919561377 5.4865664988756198 5.1899910978972903 4.6551349945366329 7.4754689838737312 4.0568432584404945 18.559933725744489
leaf_count=66 71 46 202 97 258 343 59 108 38 45 72 39 82 69 64 37 65 104 68 41 38 155 45 39 45 39 42 72 44 149
internal_value=-0.000182181 0.000463887 0.00811367 -0.00698365 -0.00160812 -0.00330285 0.00842424 0.0135967 0.0213476 0.00277121 0.014265 -0.000984086 0.00463649 -0.011171 -0.00781329 -0.00499552 0.00531042 -0.0151734 -0.0113047 0.01648 0.0225855 -0.0177935 -0.0058121 0.0126722 0.0317907 0.0116921 0.0147042 0.0192722 0.0341555 -0.00410488
internal_weight=248.486 242.865 51.1404 14.631 191.725 164.592 27.1332 21.885 15.4095 70.3027 16.6237 53.679 31.1078 10.2692 94.2888 74.699 28.4253 9.90399 46.2737 18.5213 14.9734 19.5898 10.919 36.5094 10.9065 29.9302 20.8386 16.1874 8.71198 28.3375
internal_count=2642 2576 423 143 2153 1877 276 217 109 723 117 606 348 151 1154 890 330 141 560 189 148 264 109 280 83 241 197 158 86 217
cat_boundaries=0 1 2 3
cat_threshold=34 4 1473
is_linear=0
shrinkage=0.03


Tree=86
num_leaves=31
num_cat=1
split_feature=3 6 1 3 1 7 5 5 1 0 5 3 2 2 5 7 7 3 5 2 7 13 5 1 1 0 2 7 5 5
split_gain=6.35388 4.66259 3.89898 3.83592 3.39544 6.27405 8.90827 3.31319 2.68023 3.5551 2.30133 4.54633 5.95076 3.72443 2.27079 2.18621 2.2505 3.54538 2.01121 4.06764 7.65718 3.19079 4.05253 2.69526 5.78866 2.00833 2.17473 2.05038 3.63985 1.79011
threshold=0.61608731746673595 -19.499999999999996 0.00090630701743066322 0.18408729881048205 0.012158233672380449 0.15162380784749988 53.092546463012702 53.265357971191413 0.029863170348107818 11.500000000000002 30.645346641540531 0.24034713208675387 13.500000000000002 7.5000000000000009 52.684926986694343 0.059093557298183448 -0.082737840712070451 0.34395162761211401 52.295328140258796 23.500000000000004 -0.010646981652826069 0 18.865021705627445 -0.0026437448104843493 -0.0064350664615631095 4.5000000000000009 6.5000000000000009 0.20200067013502124 36.573274612426765 54.477664947509773
decision_type=2 10 2 2 2 10 2 2 2 8 2 2 8 10 2 10 10 2 2 10 10 9 2 2 2 10 10 10 2 2
left_child=2 -2 3 -1 18 6 8 10 -6 -10 -4 -12 13 -13 15 16 -5 -18 19 21 -21 22 -3 24 -20 27 -27 28 -23 -9
right_child=1 4 7 14 5 -7 -8 29 9 -11 11 12 -14 -15 -16 -17 17 -19 23 20 -22 25 -24 -25 -26 26 -28 -29 -30 -31
leaf_value=0.018739038843026211 0.011689231689500215 -0.0071522173256526331 0.018009874146505327 -0.0089779630022862912 -0.025404343346338409 0.021251197207446185 0.01859755290341723 0.028302797424705567 -0.019172128199716153 0.010031313167226477 -0.013647726548084238 0.0088880020030911357 0.021519266776562962 -0.019298589368392394 -0.019751055016179006 -0.011336406418039824 -0.0040618047984062435 0.025582279309819034 -0.024263027760074878 0.035087845376379094 -0.016123843951989639 0.027026944766071637 0.025969900942205429 -0.026331172541363933 0.028714540782331953 0.0016175498182594541 -0.021312044912190443 -0.021813210798195433 -0.012728174994881231 0.010508889122678309
leaf_weight=6.0688104405999175 13.97186767682433 6.7837510947138053 8.8193362131714803 6.5869286656379726 10.76718006655574 9.3169393688440305 9.0341485105454904 9.5724016800522822 6.7012390736490461 6.4277987293899068 11.297410756349562 7.815462104976179 13.867101036012171 7.2009818255901337 6.8220265693962565 11.777625458315013 6.6037886366248149 6.4724622592329979 3.2043971177190542 4.4719795435667038 4.2163241207599622 2.9723998084664327 4.9607711154967546 11.545690109953282 2.324645038694146 4.0978950336575499 28.883409520611167 2.2354160249233246 3.4497015252709389 13.693767890334128
leaf_count=36 77 106 47 55 181 61 56 51 79 53 52 45 71 42 65 138 50 46 69 50 93 37 69 167 28 65 618 51 60 67
internal_value=0.000230845 -0.00417668 0.0053398 -0.00164831 -0.00608336 0.000781132 -0.00546606 0.00959062 -0.0149451 -0.00517647 0.00498051 0.0017528 0.00803163 -0.00498959 -0.00527683 -0.00162419 0.00446022 0.0113864 -0.00971156 -0.0069993 0.0111364 -0.0101014 0.00435839 -0.0186386 -0.00100256 -0.0123194 -0.0184993 -0.00205535 0.00683435 0.0186945
internal_weight=251.964 135.366 116.598 44.3316 121.394 42.2473 32.9304 72.2665 23.8962 13.129 49.0003 40.181 28.8835 15.0164 38.2628 31.4408 19.6632 13.0763 79.1464 62.0716 8.6883 53.3833 11.7445 17.0747 5.52904 41.6388 32.9813 8.65752 6.4221 23.2662
internal_count=2685 1920 765 390 1843 430 369 375 313 132 257 210 158 87 354 289 151 96 1413 1149 143 1006 175 264 97 831 683 148 97 118
cat_boundaries=0 1
cat_threshold=534
is_linear=0
shrinkage=0.03


Tree=87
num_leaves=31
num_cat=4
split_feature=1 13 5 5 9 1 6 1 10 6 13 5 5 7 7 4 6 4 1 1 0 1 5 6 1 0 5 1 1 7
split_gain=6.91776 4.12797 9.38671 6.46903 4.74414 5.50159 4.42706 4.23232 2.97389 4.24483 4.14267 3.16915 4.70919 2.94079 2.68451 2.67627 4.47186 2.62705 2.427 3.82038 4.5262 2.28338 2.20787 1.70276 1.55779 1.51165 1.44478 1.40291 5.46392 1.09184
threshold=0.004649306647479535 0 52.946125030517585 30.737538337707523 1 0.0092108468525111693 -2.4999999999999996 0.010312102269381286 2 7.5000000000000009 3 38.204950332641609 32.798503875732429 0.096062198281288161 0.20732259005308154 0.99985021352767955 -1.0000000180025095e-35 0.99999731779098522 0.0068218964152038106 0.047635944560170181 12.500000000000002 -0.020789129659533497 32.142530441284187 -1.0000000180025095e-35 -0.00071417973958887149 7.5000000000000009 41.636472702026374 -0.0064350664615631095 -0.0037613816093653436 -0.28706251084804529
decision_type=2 9 2 2 9 2 8 2 1 8 9 2 2 10 8 2 10 2 2 2 8 2 2 10 2 10 2 2 2 8
left_child=8 2 3 23 14 -6 -5 -4 10 15 11 12 -1 -13 18 27 21 -8 -3 20 26 -17 25 -2 -14 -18 -20 -10 -29 -24
right_child=1 4 7 6 5 -7 17 -9 9 -11 -12 13 24 -15 -16 16 22 -19 19 -21 -22 -23 29 -25 -26 -27 -28 28 -30 -31
leaf_value=-0.017476121957754966 0.025515697351151931 0.024764087947625173 0.0049872324505224703 0.0076026991577066664 0.0062492472189404806 -0.027690434171908203 -0.026762206377356233 0.031656457381539854 -0.025204676374724046 0.016085742214154375 0.010547284567806573 -0.02546993397721569 0.0027510948191135911 0.00752381854813496 -0.011900210239182116 -0.0058270297382019883 0.010839626833488001 -0.0044206297160912554 -0.0059952661651346143 0.014365201674286456 -0.024376667206331894 0.017641336766399261 -0.0033728339887202636 0.0041324036203518608 0.025029176412558134 -0.01168967757848528 0.013148971406264181 0.022443589326883999 -0.022492741899360413 -0.022080465490010633
leaf_weight=6.4709216803312364 7.351873904466629 4.281363531947135 8.3715948611497897 10.360350294038652 6.2101249769330051 10.994056053459643 9.1582808122038877 16.322573430836201 17.235031792894006 4.0671655982732764 12.508130460977553 9.4407753348350507 6.6332278940826663 2.6664393022656432 8.6203276310116035 6.5757251009345055 4.0717886127531546 9.7679037973284721 5.5962177645415085 13.528952609747646 6.4877154044806948 6.6241624243557435 3.77713493257761 6.3609418235719186 4.3168637827038738 4.6960943322628736 6.9568878933787346 2.572917565703392 7.0682051833719033 17.673549029976133
leaf_count=90 47 38 53 70 54 77 162 92 449 43 91 154 70 43 81 58 37 59 67 76 82 40 32 40 36 73 84 29 120 206
internal_value=-0.00149295 0.00324314 0.00769495 0.00023711 -0.00243627 -0.0157691 -0.00769615 0.0231613 -0.00677993 -0.00971245 0.000624485 -0.00530066 0.00127646 -0.0181839 0.00231473 -0.0127721 -0.00787254 -0.0160321 0.00586647 0.00271865 -0.00586038 0.00636318 -0.0140955 0.0165517 0.0128933 -0.00118851 0.00480176 -0.020121 -0.00951845 -0.0190833
internal_weight=246.767 130.369 67.6935 42.9994 62.6756 17.2042 29.2865 24.6942 116.398 74.3618 42.0364 29.5282 17.421 12.1072 45.4715 70.2946 43.4185 18.9262 36.8511 32.5698 19.0408 13.1999 30.2186 13.7128 10.9501 8.76788 12.5531 26.8762 9.64112 21.4507
internal_count=2653 1082 523 378 559 131 291 145 1571 1087 484 393 196 197 428 1044 446 221 347 309 233 98 348 87 106 110 151 598 149 238
cat_boundaries=0 1 2 3 4
cat_threshold=1809 4 1 1057
is_linear=0
shrinkage=0.03


Tree=88
num_leaves=31
num_cat=1
split_feature=1 3 2 0 2 7 2 5 2 0 5 1 5 5 4 0 5 5 0 5 5 1 1 5 2 5 5 1 2 9
split_gain=8.09914 4.67234 6.39882 6.52309 4.97639 4.31677 3.5386 2.95479 4.52899 8.92327 5.33309 7.66975 4.98869 5.7621 3.09926 3.09841 2.89001 7.90281 4.45645 2.87957 2.86911 5.22734 2.86578 2.20386 4.26239 3.87112 2.15174 2.11279 1.97857 1.46653
threshold=0.017115097492933277 0.39915610849857336 4.5000000000000009 9.5000000000000018 44.500000000000007 0.042550677433609969 15.500000000000002 35.665649414062507 13.500000000000002 14.500000000000002 36.665016174316413 0.0081543130800128 38.938272476196296 52.976987838745124 0.85795158147811901 19.500000000000004 53.420833587646491 38.651802062988288 15.500000000000002 49.86413764953614 32.320522308349616 0.070295058190822615 -0.16677708923816678 30.273479461669925 11.500000000000002 17.747305870056156 48.830354690551765 0.0090521671809256094 25.500000000000004 0
decision_type=2 2 10 10 10 10 10 2 10 8 2 2 2 2 2 10 2 2 10 2 2 2 2 2 8 2 2 2 10 9
left_child=1 2 -1 -4 7 6 -5 22 10 19 -9 29 -11 -14 -13 -15 17 18 20 -10 21 -2 -3 24 25 -24 -19 -17 -25 -12
right_child=16 4 3 5 -6 -7 -8 8 9 12 11 14 13 15 -16 27 -18 26 -20 -21 -22 -23 23 28 -26 -27 -28 -29 -30 -31
leaf_value=-0.017674440962510401 -0.0061401143416180224 0.012818231258701799 0.025932306208264901 0.023730316519184301 0.024655104376094326 -0.020225095646333385 -0.0034739491452765565 0.01789454014371044 0.036615647538861401 0.019047209064548629 -0.0035420613503435606 -0.013556126952577874 -0.027294941009451276 0.01428737059365863 0.014205783027318 -0.020880318337168934 0.023874164340046695 -0.025989620304686382 -0.004325635068830146 0.0063666253623718893 0.028139578039232359 0.024092926022116812 -0.012686911196947087 -0.024350252476711663 -0.020107944173368319 0.021558079914918243 -0.00092302987833150975 0.0049228424432300267 0.0042427573664665834 -0.02406836347331489
leaf_weight=7.9798291325569144 9.5039873160421902 2.8365688882768145 13.914603464305399 6.455138608813292 3.6827687621116629 5.7073102742433539 9.6682786829769594 4.6736057102680197 6.4125731065869314 5.4150092620402566 3.9692314453423023 4.6019346602261058 10.017968514934184 7.2760933265090015 9.453636981546877 5.58501481823623 9.104217477142809 6.0078650750219804 10.708527160808442 5.3986978083848953 12.915202081203459 9.4515898078680021 4.587555134668948 19.986946990713481 10.372795293107627 5.4835878275334835 5.6378912497311831 4.4872883409261703 2.1274008918553582 26.253711389377717
leaf_count=53 64 53 76 43 20 56 63 54 58 53 61 93 140 60 57 64 49 78 87 42 81 50 61 387 221 60 45 28 26 397
internal_value=-0.000149896 -0.00330285 0.00519288 0.0106399 -0.00592549 0.000183776 0.00816728 -0.00690646 -0.00378761 0.00310065 -0.00999888 -0.0132732 -0.00505567 -0.0103283 0.00481958 0.000422896 0.00903486 0.00615619 0.0121212 0.0243656 0.0176108 0.00938653 -0.0131133 -0.0150963 -0.00745193 0.00622202 -0.0148871 -0.00997843 -0.0215351 -0.0215724
internal_weight=249.677 186.348 43.7252 35.7453 142.622 21.8307 16.1234 138.94 93.5448 44.5926 48.9521 44.2785 32.7814 27.3664 14.0556 17.3484 63.3293 54.2251 42.5793 11.8113 31.8708 18.9556 45.3949 42.5583 20.4439 10.0711 11.6458 10.0723 22.1143 30.2229
internal_count=2680 2226 291 238 1935 162 106 1915 1107 445 662 608 345 292 150 152 454 405 282 100 195 114 808 755 342 121 123 92 413 458
cat_boundaries=0 1
cat_threshold=8
is_linear=0
shrinkage=0.03


Tree=89
num_leaves=31
num_cat=1
split_feature=1 8 8 8 8 7 1 1 5 7 1 0 4 0 9 5 1 0 1 7 1 0 0 1 4 5 8 5 5 7
split_gain=5.35493 5.21526 3.73505 7.68355 6.48742 5.90361 4.32267 6.73723 3.48882 3.49895 4.31946 2.86071 2.77587 2.7325 2.46597 2.21622 2.15161 3.84789 3.7935 1.90995 3.69462 3.24481 2.43995 2.37351 1.95493 1.8288 1.77706 1.75397 1.7192 1.6841
threshold=-0.0064350664615631095 0.078041188418865218 0.060492698103189475 -0.013741764239966868 0.083096962422132506 -0.13711336255073545 0.017640627920627597 0.013569353614002468 36.947896957397468 0.0055124771315604457 -0.061202881857752793 8.5000000000000018 4.5639297896471482e-11 6.5000000000000009 0 30.61436748504639 0.0048211875837296256 17.500000000000004 -0.00063625432085245837 -0.034482209011912339 0.0032111828913912181 14.500000000000002 6.5000000000000009 0.0078605599701404589 0.99999997019767772 50.276121139526374 -0.12340334430336951 48.830354690551765 54.19874572753907 -0.030018848367035385
decision_type=2 8 10 8 10 8 2 2 2 8 2 10 2 10 9 2 2 10 2 10 2 10 8 2 2 2 10 2 2 8
left_child=1 8 3 12 -4 -5 7 15 9 10 -1 -11 26 -3 -8 -6 18 28 -14 20 21 -17 -22 25 -24 27 -2 -21 -18 -16
right_child=2 13 4 5 6 -7 14 -9 -10 11 -12 -13 16 -15 29 19 17 -19 -20 23 22 -23 24 -25 -26 -27 -28 -29 -30 -31
leaf_value=-0.0071353103390784343 -0.025373625156238182 -0.0046231685553638413 0.028617797982399121 0.014554703167358045 -0.01486138258568785 -0.018786960059767877 0.022784744151022124 -0.024709707271727221 -0.017992567328273101 0.0071599032117295172 0.027357543873022947 -0.01538077010821833 0.012213808531107938 -0.026626325166079785 0.014493421817915722 0.0055774427236721501 -0.0040724807070482332 0.0234634233663653 -0.015590325461543087 -0.0094049406991048058 0.014879607228351365 0.03669845801585838 -0.0205456246029826 0.013395790516537725 0.0048271573290343452 -0.023364562681257459 0.0014653714077997402 0.012420983571367734 0.013116248691418964 -0.0037992621928313649
leaf_weight=4.5724264811724415 3.119607774540782 8.4656917192041892 9.6834863070398551 4.9752279613167048 4.5179311893880358 27.373815149068832 12.388845650479198 8.0419923048466426 7.4324083775281897 8.976387141272431 8.057250374928115 9.463406812399624 7.8768815435469151 13.86154838092625 7.6548174805939198 6.2401003502309305 12.201154697686436 13.329998303204773 7.8034359589219076 7.6907947007566744 5.2926982585340712 5.7205628752708435 4.760801712051034 5.9822201412171117 4.6118651442229748 3.6777823511511079 4.5942604634910813 4.3627901580184698 7.7563312128186217 8.8247507903724927
leaf_count=67 50 120 77 37 44 291 81 82 99 103 71 211 72 298 42 71 98 85 68 115 47 43 58 62 28 58 64 50 44 61
internal_value=2.14522e-05 -0.00764482 0.00252289 -0.0019319 0.00649043 -0.0133764 0.0038145 -0.00075829 -0.000840538 0.00369566 0.0152625 -0.00460423 0.00471831 -0.0188393 0.0131635 0.00327693 0.00737458 0.0115879 -0.00172826 0.00523902 0.0104749 0.0221451 0.00015084 -0.00135986 -0.00879908 -0.00743631 -0.011055 -0.00115871 0.00291489 0.00504081
internal_weight=249.311 60.8291 188.482 89.0307 99.4514 32.349 89.768 60.8995 38.5019 31.0695 12.6297 18.4398 56.6817 22.3272 28.8684 52.8575 48.9678 33.2875 15.6803 48.3396 26.626 11.9607 14.6654 21.7136 9.37267 15.7314 7.71387 12.0536 19.9575 16.4796
internal_count=2697 969 1728 809 919 328 842 658 551 452 138 314 481 418 184 576 367 227 140 532 247 114 133 285 86 223 114 165 142 103
cat_boundaries=0 1
cat_threshold=4
is_linear=0
shrinkage=0.03


Tree=90
num_leaves=31
num_cat=1
split_feature=4 8 2 13 5 5 2 8 8 5 2 2 2 2 2 2 2 7 4 7 7 2 5 2 7 4 2 2 7 8
split_gain=7.08513 4.72544 2.77921 3.05126 12.4461 4.24507 4.64809 4.42296 6.23439 4.39564 3.47093 3.17309 2.52156 4.51068 2.50051 4.77442 2.7851 2.47328 3.12277 2.55689 4.92677 2.05683 1.86308 2.45831 2.43735 2.35027 1.85512 1.69568 1.64874 1.5892
threshold=0.78672158718109142 -0.27988724410533899 37.500000000000007 0 48.378511428833015 49.32011795043946 7.5000000000000009 0.22691270709037784 -0.023557555861771103 18.338701248168949 18.500000000000004 3.5000000000000004 15.500000000000002 32.500000000000007 11.500000000000002 15.500000000000002 19.500000000000004 -0.066117975860834108 1.939433218467457e-07 0.10969203338027002 0.1403613165020943 4.5000000000000009 36.573274612426765 12.500000000000002 0.14233727753162387 0.0066994952503591785 12.500000000000002 13.500000000000002 -0.23697563260793683 0.13050586730241778
decision_type=2 10 10 9 2 2 10 10 8 2 10 8 8 10 10 10 10 8 2 10 10 10 2 8 10 2 10 10 10 8
left_child=12 -2 3 4 -3 6 7 8 -5 -8 21 -10 22 17 -11 26 -17 18 -14 -19 -21 -7 23 25 -24 28 -16 -6 -1 -18
right_child=1 2 -4 5 27 10 9 -9 11 14 -12 -13 13 -15 15 16 29 19 -20 20 -22 -23 24 -25 -26 -27 -28 -29 -30 -31
leaf_value=-0.014613932798637791 -0.016509880778862271 0.018144877921019192 0.022470664980215636 0.027437133896860189 -0.029277981763057431 0.0029311743617854253 0.014075327851209515 0.026961274710284477 -0.025728243977777454 -0.019429043693204764 -0.0019594948138406377 0.0027855494594753809 0.027432474369891567 -0.02548514750257436 -0.0076234789220744111 -0.030441414811474613 0.0042308493595484119 -0.014070889489597598 -0.005020354001094963 0.034136385320141648 -0.012971533753049063 0.020458982231017751 -0.025700427515438776 -0.025779821069841821 -0.0014825019494662645 -0.018880566341182358 0.012221662082934801 -0.0084567756736045746 0.0099650771722689709 -0.017669774230669719
leaf_weight=2.141708672046664 9.1313575785607082 10.6973201520741 6.5374998003244391 5.2061687335371971 9.9505515731871146 7.9391260892152777 9.6868060156702978 9.5159890055656415 4.7968820370733782 10.539271606132386 10.998835153877733 8.4813176244497299 5.9182941168546659 4.546179547905921 5.1279689110815552 5.4460067898035076 6.6110354177653825 7.9848166294395977 3.9071655608713627 2.7838812693953514 3.4149550255388021 29.997261449694633 13.542270928621294 3.5149793531745663 5.2071251496672621 3.845740469172596 14.003142002969978 6.8015464805066577 11.225946137681605 4.0271054878830856
leaf_count=26 77 63 34 30 80 61 83 61 44 113 77 68 67 49 51 78 55 164 52 35 65 202 351 67 80 58 131 43 202 61
internal_value=0.000245726 0.00343192 0.00461859 0.00375319 -0.00453426 0.00542592 0.00167084 0.0114161 0.00244024 -0.00336601 0.0127538 -0.00859583 -0.0079039 -0.00103941 -0.00728063 -0.00320874 -0.0148004 0.00442339 0.0152557 -0.00359104 0.00998763 0.0169603 -0.0127208 -0.00607344 -0.0193902 -0.000854895 0.00678785 -0.0217769 0.00528408 -0.00486561
internal_weight=243.528 175.495 166.364 159.826 27.4494 132.377 83.4417 28.0004 18.4844 55.4413 48.9352 13.2782 68.0331 28.5553 45.7545 35.2153 16.0841 24.0091 9.82546 14.1837 6.19884 37.9364 39.4778 20.7284 18.7494 17.2134 19.1311 16.7521 13.3677 10.6381
internal_count=2628 1412 1335 1301 186 1115 775 203 142 572 340 112 1216 432 489 376 194 383 119 264 100 263 784 353 431 286 182 123 228 116
cat_boundaries=0 1
cat_threshold=1410
is_linear=0
shrinkage=0.03


Tree=91
num_leaves=31
num_cat=1
split_feature=7 4 0 5 5 6 8 8 8 0 4 5 0 4 2 8 8 2 8 5 4 5 9 8 4 8 8 8 8 7
split_gain=4.8684 4.61004 3.50396 4.66869 3.25618 2.91785 2.59203 4.57046 3.78979 3.6531 4.10025 3.97444 2.50481 2.55518 2.90276 2.40154 3.43055 1.69078 2.96547 2.44697 3.12448 3.07064 4.53748 2.47859 1.60024 3.45527 3.08524 5.27357 2.79302 1.9177
threshold=-0.65361106395721424 7.0379202465886705e-11 5.5000000000000009 49.86413764953614 18.496431350708011 -19.499999999999996 -0.013741764239966868 0.060492698103189475 0.083096962422132506 6.5000000000000009 0.99780267477035534 52.113500595092781 25.500000000000004 5.9045391935796951e-06 23.500000000000004 0.19056802988052371 0.263442873954773 8.5000000000000018 -0.14389212429523465 32.495632171630866 0.99999991059303295 53.824871063232429 0 -0.10271880403161048 0.79052555561065685 0.28838953375816351 0.2233407720923424 0.15740822255611422 0.34653645753860479 0.25344048440456396
decision_type=10 2 8 2 2 8 10 10 10 10 2 2 8 2 8 8 10 8 10 2 2 2 9 10 2 8 10 10 8 10
left_child=-1 2 3 -2 -4 -3 17 9 -9 -8 -11 -12 13 -10 24 -6 -17 18 -7 20 -19 22 23 -21 26 29 27 -15 -27 -26
right_child=1 5 4 -5 15 6 7 8 12 10 11 -13 -14 14 -16 16 -18 19 -20 21 -22 -23 -24 -25 25 28 -28 -29 -30 -31
leaf_value=-0.03062979182559564 0.024175027191980576 0.017677671990931235 0.0090833771286796938 -0.021993063581426463 -0.025690173920340176 -0.002048661285515627 -0.024001094466496141 0.019854715123953946 0.022701199338644326 -0.026398086286845059 -0.0074665704319214297 0.021664838792119404 -0.015407666983142275 -0.022536992634466201 0.01764550000727531 0.013091228224623644 -0.021798776206829171 -0.020935299351429539 0.02238003021437529 0.012065992722423509 0.0036626297231222957 -0.0061146886102234916 0.030160597582394994 -0.01102738363757956 -0.0020247001916213962 0.026341243980857042 -0.027497652010885384 0.031207652858947169 0.0024840750423897676 -0.020529466875552495
leaf_weight=3.6915806774049988 4.5635192617774001 9.0241190493106824 3.8374660462141064 2.1264916192740202 14.8649267219007 6.8552936017513302 11.408404536545278 8.4350890070199949 3.8093510493636122 4.1366371940821418 9.7209081742912513 6.0013022497296342 7.7333773486316195 2.3416363168507797 6.7782273627817622 4.0698539055883902 4.1494809556752443 6.5127918813377628 11.075035627931355 9.7848208956420404 11.560549411922693 9.801425062119959 8.0696285478770733 5.8831060174852619 41.25737628154458 5.6947017721831656 4.6677607577294111 2.2580590452998877 13.692000396549703 4.7926386147737494
leaf_count=52 71 41 83 52 302 60 108 83 60 77 82 38 103 52 51 59 73 111 75 92 93 74 56 63 369 39 82 36 104 52
internal_value=-0.000358104 0.000220898 -0.00993238 0.00854838 -0.0146665 0.00187521 0.0010867 -0.00137369 0.00173803 -0.011212 -0.0030665 0.00428374 -9.8398e-05 0.00145216 0.00019557 -0.0188278 -0.00497669 0.00573545 0.0134254 0.00285954 -0.00583421 0.00757767 0.01325 0.00325337 -0.00159991 0.000125902 -0.0126111 0.00470846 0.0104403 -0.00434598
internal_weight=248.598 244.906 33.6117 6.69001 26.9217 211.294 202.27 132.727 101.46 31.2673 19.8588 15.7222 93.0251 85.2918 81.4824 23.0843 8.21933 69.5427 17.9303 51.6123 18.0733 33.539 23.7376 15.6679 74.7042 65.4367 9.26746 4.5997 19.3867 46.05
internal_count=2693 2641 640 123 517 2001 1960 1336 1031 305 197 120 948 845 785 434 132 624 135 489 204 285 211 155 734 564 170 88 143 421
cat_boundaries=0 1
cat_threshold=4
is_linear=0
shrinkage=0.03


Tree=92
num_leaves=31
num_cat=1
split_feature=1 1 5 8 5 2 4 4 8 5 4 1 1 1 5 2 7 13 5 4 5 4 1 5 8 2 8 4 7 1
split_gain=4.11757 6.04496 3.91495 3.873 5.20033 3.72819 2.90984 5.14138 4.18522 4.18393 4.53055 4.48116 8.45704 3.93206 4.28064 3.84426 3.58662 3.63151 6.95186 4.55307 5.36397 3.92761 3.42343 3.57028 3.19093 2.95787 2.64746 2.59308 2.54415 2.49166
threshold=-0.010663954075425862 -0.21100931614637372 18.338701248168949 -0.01583845820277929 32.112770080566413 11.500000000000002 4.5639297896471482e-11 1.1885623596441521e-09 0.14918269217014316 32.462585449218757 5.6489232520107187e-05 0.12055447325110437 0.025003143586218361 0.074792090803384795 31.422763824462894 4.5000000000000009 0.13620546460151675 0 48.209159851074226 0.040907040238380439 54.477664947509773 0.99999985098838817 0.010312102269381286 53.824871063232429 0.13050586730241778 10.500000000000002 0.16786827892065051 0.99909034371376049 -1.0000000180025095e-35 0.012863316107541324
decision_type=2 2 2 8 2 8 2 2 10 2 2 2 2 2 2 8 10 9 2 2 2 2 2 2 8 10 8 2 10 2
left_child=1 -1 -2 4 5 -3 8 -8 15 13 -11 12 16 14 24 -4 17 18 -12 -19 21 -21 23 -20 -9 -10 -25 -5 -6 -18
right_child=2 3 6 27 28 -7 7 9 25 10 11 -13 -14 -15 -16 -17 29 19 22 20 -22 -23 -24 26 -26 -27 -28 -29 -30 -31
leaf_value=0.031509064270921552 0.018388238495205812 0.023933885164671421 0.011009519372997923 -0.028687538955556629 -4.5596594880958568e-05 -0.007925786222748003 0.032287364298644185 0.015650371740843005 -0.012913689840263705 -0.022053087108296586 -0.015317719075367511 -0.018738933253474126 0.03155214531178846 0.012851052765446111 -0.028340045132034017 -0.025647309230625012 0.0073342096930799003 0.021872641404606631 0.018476510554550726 -0.018071103782171818 -0.036103600769272562 0.0022000962353173441 0.025955050738302423 -0.01141431995398171 -0.015502134050800058 0.018246130436022089 0.012875905285036279 -0.0086098852480183327 -0.02778688642307436 0.032257275927189542
leaf_weight=2.4867446906864634 12.100506959483026 7.7178514655679473 2.6536193285137424 10.088407684117556 5.5245991442352533 4.6879816893488178 4.1736039202660313 4.6071945503354099 3.5894764047116023 4.7941124495118848 8.5613536611199361 5.7842319123446932 9.9705930985510332 4.9268921911716452 9.7106117699295265 11.153914021328092 11.08465886488557 4.2392515353858462 12.097620332613589 11.239335635676978 4.3148698881268492 28.35217909514904 12.136909253895281 10.054107531905176 5.2693493627011803 6.0638930909335613 5.3912535719573453 14.843870555981994 5.4561895783990604 5.0394113659858695
leaf_count=32 70 67 44 282 77 66 41 43 73 96 83 36 58 22 90 208 95 43 79 157 38 213 76 80 61 73 31 202 120 26
internal_value=0.00056966 -0.00696398 0.00253485 -0.00954274 -0.000661206 0.0122014 0.00140589 0.00284894 -0.00825272 0.00187052 0.00397898 0.00511504 0.00638419 -0.0092814 -0.0152023 -0.0183346 0.00389551 0.00162996 0.0066276 -0.00395448 -0.00776029 -0.00385797 0.0132519 0.00694098 -0.000867336 0.00653518 -0.00266835 -0.0175269 -0.0149986 0.0165525
internal_weight=248.115 50.8056 197.309 48.3189 23.3866 12.4058 185.208 161.748 23.4609 157.574 133.06 128.266 122.482 24.514 19.5872 13.8075 112.511 96.3869 48.2412 48.1456 43.9064 39.5915 39.6799 27.543 9.87654 9.65337 15.4454 24.9323 10.9808 16.1241
internal_count=2682 846 1836 814 330 133 1766 1368 398 1327 1111 1015 979 216 194 252 921 800 349 451 408 370 266 190 104 146 111 484 197 121
cat_boundaries=0 1
cat_threshold=529
is_linear=0
shrinkage=0.03


Tree=93
num_leaves=31
num_cat=1
split_feature=3 8 2 3 2 2 7 7 7 7 3 7 3 8 5 13 5 5 8 4 7 3 8 0 8 8 3 2 2 2
split_gain=4.33277 3.5629 3.06006 2.49309 4.49698 4.3993 2.95148 2.26104 5.01179 4.20996 3.88012 3.60781 2.61411 2.5694 3.04157 2.31878 3.7649 5.81366 2.41777 2.34923 4.06105 2.7868 2.4124 5.67046 3.63404 3.30618 2.17292 1.80607 1.69015 1.6292
threshold=1.815145015716553 -0.27988724410533899 18.500000000000004 0.37902624905109411 3.5000000000000004 44.500000000000007 -0.13388190418481824 -0.062175825238227837 -0.12372096255421637 -0.21984501928091046 1.4851439595222475 -0.24996486306190488 0.64405444264411937 0.2960518896579743 54.19874572753907 0 50.399045944213874 36.599782943725593 -0.084662996232509599 0.99208062887191784 0.32317762076854711 0.50140693783760082 0.080326158553361907 5.5000000000000009 0.037508174777030952 -0.097059883177280412 0.91508141160011303 8.5000000000000018 4.5000000000000009 8.5000000000000018
decision_type=2 10 8 2 10 8 10 8 10 10 2 10 2 10 2 9 2 2 10 2 10 2 10 8 10 10 2 10 10 10
left_child=1 2 -1 4 -3 7 -6 8 9 11 12 13 -10 14 -5 16 17 27 -18 20 28 -21 24 -24 25 -23 -14 -9 -17 -8
right_child=-2 3 -4 5 6 -7 29 15 10 -11 -12 -13 26 -15 -16 19 18 -19 -20 21 -22 22 23 -25 -26 -27 -28 -29 -30 -31
leaf_value=-0.026739784847961214 -0.021942279144070827 -0.014330219628195889 0.0026791390508457617 0.016176862198403388 -0.0024537660944987322 0.021087008067325407 0.021050238732169831 0.0100722822461525 0.02224076480311437 -0.01668608275137401 0.038992696999078008 0.023181485464335263 -0.015609894938858362 -0.0175305847771129 -0.010275135939107768 0.00066422934095136904 0.009657610407741388 0.034506111006926118 -0.017557424972451725 -0.017039537334173953 0.0070599334009084722 0.01133567503966312 0.016834654402223412 -0.017600741197520944 0.027034833675064481 -0.016629739688695157 0.0086954620259032823 -0.018306564879628118 -0.020784385862855394 0.0077092226705670029
leaf_weight=7.0178698804229471 7.3636890929192296 7.2923558615148059 4.9981809780001649 7.7292926758527774 13.013342142105101 6.8117918148636809 15.749992258846758 3.0644725859165209 5.6604942195117536 13.450679738074539 3.5474043656140557 5.3706323318183449 4.5485394075512868 6.0105210971087208 6.1800714582204819 3.7322782631963518 3.8848961107432842 5.9859062656760216 6.8579001799225789 8.7396828979253751 6.6893563326448193 8.0430476255714893 5.4294809773564365 12.35728915967047 5.3195509798824778 5.5690387412905702 7.2203799523413181 3.1085412446409464 24.362408915534616 19.966158282011747
leaf_count=82 151 48 48 71 75 40 85 27 34 169 51 55 60 48 57 75 40 60 68 74 79 61 46 170 39 68 98 63 504 140
internal_value=-0.000719786 2.67973e-05 -0.015237 0.000903075 0.00633104 -0.000915691 0.00964898 -0.00195904 0.00265837 -0.00374691 0.0141202 0.00350767 0.00721685 -0.00265117 0.00452309 -0.00463227 0.00342147 0.0157142 -0.00773138 -0.00655856 -0.0131263 -0.00277033 0.000987729 -0.00675263 0.00823393 -0.000460739 -0.00118507 -0.00477829 -0.0180101 0.0140054
internal_weight=245.075 237.712 12.0161 225.696 56.0218 169.674 48.7295 162.862 59.718 38.7412 20.9768 25.2905 17.4294 19.9199 13.9094 103.144 22.9017 12.1589 10.7428 80.2421 34.784 45.4581 36.7184 17.7868 18.9316 13.6121 11.7689 6.17301 28.0947 35.7162
internal_count=2686 2535 130 2405 348 2057 300 2017 643 400 243 231 192 176 128 1374 258 150 108 1116 658 458 384 216 168 129 158 90 579 225
cat_boundaries=0 1
cat_threshold=86
is_linear=0
shrinkage=0.03


end of trees

feature_importances:
closing_rate_s_per_s=464
track_temperature=451
wind_cross_component_mps=367
wind_head_component_mps=349
gap_at_checkpoint=267
defender_tyre_life_laps=261
tyre_life_delta_laps=192
attacker_tyre_life_laps=188
p_eligible=161
tyre_compound_pair=59
attacker_tyre_compound=39
corner_type=18
defender_tyre_compound=3

parameters:
[boosting: gbdt]
[objective: binary]
[metric: binary_logloss]
[tree_learner: serial]
[device_type: cpu]
[data_sample_strategy: bagging]
[data: ]
[valid: ]
[num_iterations: 2000]
[learning_rate: 0.03]
[num_leaves: 31]
[num_threads: 2]
[seed: 42]
[deterministic: 1]
[force_col_wise: 0]
[force_row_wise: 1]
[histogram_pool_size: -1]
[max_depth: -1]
[min_data_in_leaf: 40]
[min_sum_hessian_in_leaf: 0.001]
[bagging_fraction: 0.8]
[pos_bagging_fraction: 1]
[neg_bagging_fraction: 1]
[bagging_freq: 1]
[bagging_seed: 400]
[bagging_by_query: 0]
[feature_fraction: 0.8]
[feature_fraction_bynode: 1]
[feature_fraction_seed: 30056]
[extra_trees: 0]
[extra_seed: 12879]
[early_stopping_round: 0]
[early_stopping_min_delta: 0]
[first_metric_only: 0]
[max_delta_step: 0]
[lambda_l1: 0]
[lambda_l2: 1]
[linear_lambda: 0]
[min_gain_to_split: 0]
[drop_rate: 0.1]
[max_drop: 50]
[skip_drop: 0.5]
[xgboost_dart_mode: 0]
[uniform_drop: 0]
[drop_seed: 17869]
[top_rate: 0.2]
[other_rate: 0.1]
[min_data_per_group: 100]
[max_cat_threshold: 32]
[cat_l2: 10]
[cat_smooth: 10]
[max_cat_to_onehot: 4]
[top_k: 20]
[monotone_constraints: ]
[monotone_constraints_method: basic]
[monotone_penalty: 0]
[feature_contri: ]
[forcedsplits_filename: ]
[refit_decay_rate: 0.9]
[cegb_tradeoff: 1]
[cegb_penalty_split: 0]
[cegb_penalty_feature_lazy: ]
[cegb_penalty_feature_coupled: ]
[path_smooth: 0]
[interaction_constraints: ]
[verbosity: -1]
[saved_feature_importance_type: 0]
[use_quantized_grad: 0]
[num_grad_quant_bins: 4]
[quant_train_renew_leaf: 0]
[stochastic_rounding: 1]
[linear_tree: 0]
[max_bin: 255]
[max_bin_by_feature: ]
[min_data_in_bin: 3]
[bin_construct_sample_cnt: 200000]
[data_random_seed: 175]
[is_enable_sparse: 1]
[enable_bundle: 1]
[use_missing: 1]
[zero_as_missing: 0]
[feature_pre_filter: 1]
[pre_partition: 0]
[two_round: 0]
[header: 0]
[label_column: ]
[weight_column: ]
[group_column: ]
[ignore_column: ]
[categorical_feature: 9,10,11,12,13,14]
[forcedbins_filename: ]
[precise_float_parser: 0]
[parser_config_file: ]
[objective_seed: 16083]
[num_class: 1]
[is_unbalance: 0]
[scale_pos_weight: 1]
[sigmoid: 1]
[boost_from_average: 1]
[reg_sqrt: 0]
[alpha: 0.9]
[fair_c: 1]
[poisson_max_delta_step: 0.7]
[tweedie_variance_power: 1.5]
[lambdarank_truncation_level: 30]
[lambdarank_norm: 1]
[label_gain: ]
[lambdarank_position_bias_regularization: 0]
[eval_at: ]
[multi_error_top_k: 1]
[auc_mu_weights: ]
[num_machines: 1]
[local_listen_port: 12400]
[time_out: 120]
[machine_list_filename: ]
[machines: ]
[gpu_platform_id: -1]
[gpu_device_id: -1]
[gpu_device_id_list: ]
[gpu_use_dp: 0]
[num_gpu: 1]

end of parameters

pandas_categorical:[["HARD", "INTERMEDIATE", "MEDIUM", "SOFT"], ["FAST_RIGHT", "HAIRPIN_RIGHT", "SLOW_LEFT", "STRAIGHT"], ["HARD", "MEDIUM", "SOFT", "__missing__"], ["__missing__"], ["HARD|HARD", "HARD|MEDIUM", "HARD|SOFT", "INTERMEDIATE|SOFT", "MEDIUM|HARD", "MEDIUM|MEDIUM", "MEDIUM|SOFT", "SOFT|HARD", "SOFT|MEDIUM", "SOFT|SOFT", "__missing__"], ["False"]]
